controller,split_day,cost,carbon,degradation,estimated_degradation_cost,bess_throughput_kwh,peak_cost,comfort_cost,grid_violation,grid_import_violation,grid_export_violation,grid_violation_steps,hard_feasible_steps,physical_infeasible_steps,preventable_violation_steps,minimum_required_slack_kw_sum,minimum_required_slack_kw_max,grid_max_exceedance_kw,grid_excess_energy_kwh,soc_violation,soc_violation_steps,soc_violation_max_kwh,first_soc_violation_step,ev_violation,pv,pv_curtail,peak,soc_min_seen,soc_max_seen,high_soc_steps,max_ramp_kw,ramp_conflict_steps,ramp_slack_kw_sum,ramp_slack_kw_max,ramp_violation_steps,lighting_energy_kwh,lighting_min_fraction_steps,lighting_below_full_steps,terminal_target_conflict_steps,terminal_soc_error_kwh,proxy_voltage_dev_max,proxy_voltage_abs_sum,proxy_voltage_exceed_40_steps,first_proxy_voltage_exceed_40_step,proxy_actuator_error_kw,steps,terminal_roundoff_repair_steps,terminal_ramp_relaxation_steps,day,ev_completion,projection_trigger_rate,trigger_rate_tol_0_001,trigger_rate_tol_0_01,trigger_rate_tol_0_05,trigger_rate_tol_0_10,mean_action_correction,p95_action_correction,soc_violation_rate,grid_violation_rate,grid_violation_step_rate,hard_feasible_step_rate,physical_infeasible_step_rate,preventable_violation_step_rate,minimum_required_slack_kw_mean,minimum_required_slack_kw_p95,ramp_conflict_rate,ramp_violation_step_rate,ramp_slack_kw_mean,ramp_slack_kw_p95,equivalent_full_cycles_per_day,estimated_degradation_cost_per_day,soc_swing,high_soc_residence_hours,lighting_min_fraction_rate,lighting_below_full_rate,terminal_soc_kwh,terminal_target_conflict_rate,grid_import_violation_kwh,grid_export_violation_kwh,proxy_voltage_dev_mean,proxy_voltage_exceed_40_rate,proxy_actuator_error_kw_mean,soc_violation_duration_hours,projection_saturation_rate,qp_solver_failures,qp_hard_failures,qp_phase1_failures,qp_phase2_failures,last_grid_import,pv_self_use,final_ev_remaining,p,p_command,grid_import,grid_export,qp_slack_plus,qp_slack_minus,hard_feasible,physical_infeasible,minimum_required_slack_kw,correction,soc,proxy_voltage,tracked_p_end_kw,tracked_ev_end_kw,tracked_light_end_kw,lag_retention,lag_substep_retention,terminal_roundoff_repair,terminal_ramp_relaxation,terminal_physical_gap_kw,terminal_ramp_gap_kw,terminal_target_conflict_step,endpoint_infeasible_steps,feasible_state_violation_steps,grid_steps,grid_energy,extra_excess_energy_kwh,max_actual_ramp,hard_qp_solution,phase2_solution,phase1_fallback,heuristic_fallback,task_score,export_excess_energy_kwh,import_excess_energy_kwh
DischargeBias+QP,300,147.19190486432495,263.28059920665794,0.9125913882875827,0.9125913882875827,608.3942588583885,0.0017603143768558324,0.0,0.0,0.0,0.0,14.0,83.0,14.0,0.0,509.066869343455,80.85744162318065,81.84744150204087,130.73171417452133,0.0,0.0,0.0,-1.0,0.0,1914.7967819924963,451.0332150336205,224.43009720441069,25.0,224.76250028237564,14.0,78.94736842105263,4.0,65.62358258726587,33.94736842105263,5.0,472.5,0.0,0.0,0.0,0.0,0.0,0.0,0.0,-1.0,0.0,96.0,0.0,1.0,300.0,1.0,0.9375,0.9375,0.9375,0.9270833333333334,0.9166666666666666,1.0129913360313223,1.9899951427437168,0.0,1.0,0.14583333333333334,0.8645833333333334,0.14583333333333334,0.0,5.302779888994323,43.402412254945,0.041666666666666664,0.052083333333333336,0.6835789852840195,1.0061928720428686,1.216788517716777,0.9125913882875827,0.7990500011295025,3.5,0.0,0.0,125.0,0.0,0.0,130.73171417452133,0.0,0.0,0.0,0.0,0.14583333333333334,0.0,14.0,0.0,0.0,220.7015107640733,0.7644485204511964,0.0,-100.0,-100.0,220.7015107640733,0.0,0.0,0.0,1.0,0.0,0.0,2.0,125.0,400.0,0.0,0.0,0.0,0.0,0.0,0.0,0.0,0.0,0.0,0.0,14.0,0.0,14.0,130.73171417452133,3.5001958946855765,78.94736842105263,82.0,14.0,0.0,0.0,620.2703349356025,130.73171417452133,0.0
DischargeBias+QP,301,128.43557836149768,229.416987034388,0.9004707733682448,0.9004707733682448,600.3138489121632,0.0,0.0,0.0,0.0,0.0,17.0,79.0,17.0,0.0,1383.6183712178092,143.8309726189542,144.8209724127648,350.11209228881717,0.0,0.0,0.0,-1.0,0.0,1927.5731092207898,685.7428946853602,218.8373791490767,25.0,224.76250005248323,18.0,86.28912737665406,3.0,120.02640516463316,41.289127376654065,4.0,472.5,0.0,0.0,0.0,0.0,0.0,0.0,0.0,-1.0,0.0,96.0,0.0,1.0,301.0,1.0,0.9270833333333334,0.9270833333333334,0.9270833333333334,0.9270833333333334,0.9166666666666666,1.0128187911388304,1.9686336992751037,0.0,1.0,0.17708333333333334,0.8229166666666666,0.17708333333333334,0.0,14.412691366852181,107.12748160391583,0.03125,0.041666666666666664,1.250275053798262,0.0,1.2006276978243264,0.9004707733682448,0.7990500002099329,4.5,0.0,0.0,125.0,0.0,0.0,350.11209228881717,0.0,0.0,0.0,0.0,0.17708333333333334,0.0,17.0,0.0,0.0,213.574976187346,0.6442454548649686,0.0,-100.0,-100.0,213.574976187346,0.0,0.0,0.0,1.0,0.0,0.0,2.0,125.0,400.0,0.0,0.0,0.0,0.0,0.0,0.0,0.0,0.0,0.0,0.0,17.0,0.0,17.0,350.11209228881717,4.250100615542705,86.28912737665406,79.0,17.0,0.0,0.0,776.8066975602338,350.11209228881717,0.0
DischargeBias+QP,302,188.76612390849493,320.0979275943769,0.5206339425394763,0.5206339425394763,347.0892950263176,0.004537790046433945,0.0,0.0,0.0,0.0,2.0,94.0,2.0,0.0,22.01651029101925,15.954050343489934,16.944050243644224,5.999127527052281,0.0,0.0,0.0,-1.0,5.551115123125783e-17,1895.2844949616815,212.88885486562663,225.22454147232298,25.0,125.0,0.0,78.94736842105263,2.0,48.62144597941977,33.94736842105263,3.0,472.5,0.0,0.0,0.0,0.0,0.0,0.0,0.0,-1.0,0.0,96.0,0.0,1.0,302.0,1.0,0.9791666666666666,0.9791666666666666,0.9791666666666666,0.9791666666666666,0.96875,1.0074115651198154,1.5349379029344568,0.0,1.0,0.020833333333333332,0.9791666666666666,0.020833333333333332,0.0,0.22933864886478386,0.0,0.020833333333333332,0.03125,0.5064733956189559,0.0,0.6941785900526352,0.5206339425394763,0.4,0.0,0.0,0.0,125.0,0.0,0.0,5.999127527052281,0.0,0.0,0.0,0.0,0.020833333333333332,0.0,2.0,0.0,0.0,224.4983906183508,0.8876744597280469,5.551115123125783e-17,-100.0,-100.0,224.4983906183508,0.0,0.0,0.0,1.0,0.0,0.0,2.0,125.0,400.0,0.0,0.0,0.0,0.0,0.0,0.0,0.0,0.0,0.0,0.0,2.0,0.0,2.0,5.999127527052281,0.5001635210920585,78.94736842105263,94.0,2.0,0.0,0.0,601.5771813203662,5.999127527052281,0.0
DischargeBias+QP,303,202.94427220033333,326.3292804186446,0.4803663207855759,0.4803663207855759,320.2442138570507,0.03233619903841069,0.0,0.0,0.0,0.0,0.0,96.0,0.0,0.0,0.0,0.0,0.0,0.0,0.0,0.0,0.0,-1.0,0.0,1712.3919674051144,163.33105815943256,235.1655210122367,25.0,125.0,0.0,78.94736842105263,2.0,57.714417062269234,33.94736842105263,3.0,472.5,0.0,0.0,0.0,0.0,0.0,0.0,0.0,-1.0,0.0,96.0,0.0,1.0,303.0,1.0,0.9791666666666666,0.9791666666666666,0.9791666666666666,0.9791666666666666,0.96875,1.0068383291573577,1.4164502244208594,0.0,0.0,0.0,1.0,0.0,0.0,0.0,0.0,0.020833333333333332,0.03125,0.6011918443986378,0.0,0.6404884277141014,0.4803663207855759,0.4,0.0,0.0,0.0,125.0,0.0,0.0,0.0,0.0,0.0,0.0,0.0,0.0,0.0,0.0,0.0,0.0,220.24824333956647,0.9046181824790165,0.0,-100.0,-100.0,220.24824333956647,0.0,0.0,0.0,1.0,0.0,0.0,2.0,125.0,400.0,0.0,0.0,0.0,0.0,0.0,0.0,0.0,0.0,0.0,0.0,0.0,0.0,0.0,0.0,0.0,78.94736842105263,96.0,0.0,0.0,0.0,608.1998344934178,0.0,0.0
DischargeBias+QP,304,233.96437715762795,361.0149755023241,0.3244087072554997,0.3244087072554997,216.27247150366645,0.02327948413435143,0.0,0.0,0.0,0.0,0.0,96.0,0.0,0.0,0.0,0.0,0.0,0.0,0.0,0.0,0.0,-1.0,0.0,1180.3809270615066,42.6156549692517,229.38825961585144,25.0,125.0,0.0,78.94736842105263,1.0,43.94736842105265,33.94736842105263,2.0,472.5,0.0,0.0,0.0,0.0,0.0,0.0,0.0,-1.0,0.0,96.0,0.0,1.0,304.0,1.0,0.9791666666666666,0.9791666666666666,0.9791666666666666,0.9791666666666666,0.96875,1.0046181704003863,1.2251676628407924,0.0,0.0,0.0,1.0,0.0,0.0,0.0,0.0,0.010416666666666666,0.020833333333333332,0.45778508771929843,0.0,0.4325449430073329,0.3244087072554997,0.4,0.0,0.0,0.0,125.0,0.0,0.0,0.0,0.0,0.0,0.0,0.0,0.0,0.0,0.0,0.0,0.0,225.82577206561086,0.9638966930147363,0.0,-100.0,-100.0,225.82577206561086,0.0,0.0,0.0,1.0,0.0,0.0,2.0,125.0,400.0,0.0,0.0,0.0,0.0,0.0,0.0,0.0,0.0,0.0,0.0,0.0,0.0,0.0,0.0,0.0,78.94736842105263,96.0,0.0,0.0,0.0,673.5710818113357,0.0,0.0
DischargeBias+QP,305,187.0725927268696,296.5439470901157,0.6005914262497987,0.6005914262497987,400.3942841665325,0.10261830230620544,0.0,0.0,0.0,0.0,2.0,94.0,2.0,0.0,10.38438228907622,6.800180568336101,7.790181214562322,3.0910959554889557,0.0,0.0,0.0,-1.0,0.0,1876.9539239909036,241.25994526217056,239.8369337677558,25.0,125.0,0.0,78.94736842105263,2.0,64.72819010134671,33.94736842105263,3.0,472.5,0.0,0.0,0.0,0.0,0.0,0.0,0.0,-1.0,0.0,96.0,0.0,1.0,305.0,1.0,0.9791666666666666,0.9791666666666666,0.9791666666666666,0.9791666666666666,0.96875,1.0085498122621663,1.495992211350794,0.0,1.0,0.020833333333333332,0.9791666666666666,0.020833333333333332,0.0,0.10817064884454396,0.0,0.020833333333333332,0.03125,0.6742519802223615,0.0,0.800788568333065,0.6005914262497987,0.4,0.0,0.0,0.0,125.0,0.0,0.0,3.0910959554889557,0.0,0.0,0.0,0.0,0.020833333333333332,0.0,2.0,0.0,0.0,239.8369337677558,0.8714619777404085,0.0,-100.0,-100.0,239.8369337677558,0.0,0.0,0.0,1.0,0.0,0.0,2.0,125.0,400.0,0.0,0.0,0.0,0.0,0.0,0.0,0.0,0.0,0.0,0.0,2.0,0.0,2.0,3.0910959554889557,0.5000003832199003,78.94736842105263,94.0,2.0,0.0,0.0,556.2806697189401,3.0910959554889557,0.0
DischargeBias+QP,306,181.8870313909127,296.8627181300619,0.7966881689492652,0.7966881689492652,531.1254459661768,0.11338337743466226,0.0,0.0,0.0,0.0,2.0,95.0,2.0,0.0,1.2188168723229142,1.0972512997853845,2.087474380089395,0.7998361553710138,0.0,0.0,0.0,-1.0,3.885780586188048e-16,1931.6861341166523,255.05033629838798,240.97402437499233,25.0,190.21375751267703,0.0,83.37836545721132,2.0,82.32573387826397,38.378365457211316,3.0,472.5,0.0,0.0,0.0,0.0,0.0,0.0,0.0,-1.0,0.0,96.0,0.0,1.0,306.0,1.0,0.9375,0.9375,0.9375,0.9375,0.9270833333333334,1.0113413778053642,1.6951542294725104,0.0,1.0,0.020833333333333332,0.9895833333333334,0.020833333333333332,0.0,0.012696009086697024,0.0,0.020833333333333332,0.03125,0.857559727898583,0.0,1.0622508919323537,0.7966881689492652,0.6608550300507081,0.0,0.0,0.0,125.0,0.0,0.0,0.7998361553710138,0.0,0.0,0.0,0.0,0.020833333333333332,0.0,2.0,0.0,0.0,239.5145569494186,0.8679649184234473,3.885780586188048e-16,-100.0,-100.0,239.5145569494186,0.0,0.0,0.0,1.0,0.0,0.0,2.0,125.0,400.0,0.0,0.0,0.0,0.0,0.0,0.0,0.0,0.0,0.0,0.0,2.0,0.0,2.0,0.7998361553710138,0.5001319372902877,83.37836545721132,94.0,2.0,0.0,0.0,554.2515034749578,0.7998361553710138,0.0
DischargeBias+QP,307,146.65390312486673,240.32088332733423,0.9004707735030806,0.9004707735030806,600.3138490020538,0.001226688084116313,0.0,0.0,0.0,0.0,12.0,84.0,12.0,0.0,580.7111096378305,104.65342862210356,105.64342846872624,148.1477772999065,0.0,0.0,0.0,-1.0,0.0,1882.2926691453108,459.2991142121702,222.87626183012404,25.0,224.76250005342933,14.0,78.94736842105263,4.0,76.85823506719461,33.94736842105263,5.0,472.5,0.0,0.0,0.0,0.0,0.0,0.0,0.0,-1.0,0.0,96.0,0.0,1.0,307.0,1.0,0.9270833333333334,0.9270833333333334,0.9270833333333334,0.9270833333333334,0.9166666666666666,1.012818791141952,1.8885739512697601,0.0,1.0,0.125,0.875,0.125,0.0,6.049074058727402,62.558186573358434,0.041666666666666664,0.052083333333333336,0.8006066152832773,1.1379114725360893,1.2006276980041075,0.9004707735030806,0.7990500002137173,3.5,0.0,0.0,125.0,0.0,0.0,148.1477772999065,0.0,0.0,0.0,0.0,0.125,0.0,12.0,0.0,0.0,217.70360770520605,0.7559895324775805,0.0,-100.0,-100.0,217.70360770520605,0.0,0.0,0.0,1.0,0.0,0.0,2.0,125.0,400.0,0.0,0.0,0.0,0.0,0.0,0.0,0.0,0.0,0.0,0.0,12.0,0.0,12.0,148.1477772999065,3.0000859401927773,78.94736842105263,84.0,12.0,0.0,0.0,596.2924550631817,148.1477772999065,0.0
DischargeBias+QP,308,126.81385010892399,204.65042238662392,0.900470774243375,0.900470774243375,600.3138494955833,0.0,0.0,0.0,0.0,0.0,20.0,76.0,20.0,0.0,1435.7044293605302,137.1602985035284,138.15029830614864,363.8761019329897,0.0,0.0,0.0,-1.0,0.0,1835.5657302666789,695.1650613708526,211.49017106344107,25.0,224.76250021997203,19.0,78.94736842105263,4.0,66.24168273021542,33.94736842105263,5.0,472.5,0.0,0.0,0.0,0.0,0.0,0.0,0.0,-1.0,0.0,96.0,0.0,1.0,308.0,1.0,0.9375,0.9375,0.9270833333333334,0.9270833333333334,0.9166666666666666,1.012818791160207,1.9899998298577304,0.0,1.0,0.20833333333333334,0.7916666666666666,0.20833333333333334,0.0,14.955254472505525,99.61949532775972,0.041666666666666664,0.052083333333333336,0.690017528439744,0.7486518146054024,1.2006276989911666,0.900470774243375,0.7990500008798881,4.75,0.0,0.0,125.0,0.0,0.0,363.8761019329897,0.0,0.0,0.0,0.0,0.20833333333333334,0.0,20.0,0.0,0.0,211.49017106344107,0.6212802135558196,0.0,-100.0,-100.0,211.49017106344107,0.0,0.0,0.0,1.0,0.0,0.0,2.0,125.0,400.0,0.0,0.0,0.0,0.0,0.0,0.0,0.0,0.0,0.0,0.0,20.0,0.0,20.0,363.8761019329897,5.000208848767166,78.94736842105263,76.0,20.0,0.0,0.0,745.8287180140485,363.8761019329897,0.0
DischargeBias+QP,309,190.47825505598968,291.1004013613411,0.5222521014897628,0.5222521014897628,348.1680676598419,0.036417170533509964,0.0,0.0,0.0,0.0,1.0,95.0,1.0,0.0,5.1790732940218245,5.1790732940218245,6.169066773639093,1.5422666934097733,0.0,0.0,0.0,-1.0,1.6653345369377348e-16,1784.2708891255957,224.56808936891383,234.74911960332588,25.0,125.0,0.0,78.94736842105263,2.0,70.93637919441878,33.94736842105263,3.0,472.5,0.0,0.0,0.0,0.0,0.0,0.0,0.0,-1.0,0.0,96.0,0.0,1.0,309.0,1.0,0.9791666666666666,0.9791666666666666,0.9791666666666666,0.9791666666666666,0.96875,1.007434600673215,1.3639218353870444,0.0,1.0,0.010416666666666666,0.9895833333333334,0.010416666666666666,0.0,0.05394868014606067,0.0,0.020833333333333332,0.03125,0.7389206166085289,0.0,0.6963361353196837,0.5222521014897628,0.4,0.0,0.0,0.0,125.0,0.0,0.0,1.5422666934097733,0.0,0.0,0.0,0.0,0.010416666666666666,0.0,1.0,0.0,0.0,231.1717961413545,0.8741401371632722,1.6653345369377348e-16,-100.0,-100.0,231.1717961413545,0.0,0.0,0.0,1.0,0.0,0.0,2.0,125.0,400.0,0.0,0.0,0.0,0.0,0.0,0.0,0.0,0.0,0.0,0.0,1.0,0.0,1.0,1.5422666934097733,0.2500484621599277,78.94736842105263,95.0,1.0,0.0,0.0,545.1294839214459,1.5422666934097733,0.0
DischargeBias+QP,310,200.34951983825775,308.1561461282291,0.46077774036373825,0.46077774036373825,307.1851602424922,0.04927782916598895,0.0,0.0,0.0,0.0,1.0,95.0,1.0,0.0,3.7177355447816804,3.7177355447816804,4.707735621506364,1.176933905376591,0.0,0.0,0.0,-1.0,0.0,1763.5033667887374,215.44021880337667,233.6383203243991,25.0,125.0,0.0,78.94736842105263,2.0,54.98417592790234,33.94736842105263,3.0,472.5,0.0,0.0,0.0,0.0,0.0,0.0,0.0,-1.0,0.0,96.0,0.0,1.0,310.0,1.0,0.9791666666666666,0.9791666666666666,0.9791666666666666,0.9791666666666666,0.96875,1.0065594728865948,1.3405864299903865,0.0,1.0,0.010416666666666666,0.9895833333333334,0.010416666666666666,0.0,0.03872641192480917,0.0,0.020833333333333332,0.03125,0.5727518325823161,0.0,0.6143703204849844,0.46077774036373825,0.4,0.0,0.0,0.0,125.0,0.0,0.0,1.176933905376591,0.0,0.0,0.0,0.0,0.010416666666666666,0.0,1.0,0.0,0.0,232.32212777979697,0.8778339622930894,0.0,-100.0,-100.0,232.32212777979697,0.0,0.0,0.0,1.0,0.0,0.0,2.0,125.0,400.0,0.0,0.0,0.0,0.0,0.0,0.0,0.0,0.0,0.0,0.0,1.0,0.0,1.0,1.176933905376591,0.25000001918117043,78.94736842105263,95.0,1.0,0.0,0.0,576.4030044895446,1.176933905376591,0.0
DischargeBias+QP,311,203.90605297578932,323.24599354034046,0.49965406165508525,0.49965406165508525,333.1027077700568,0.038865797051932535,0.0,0.0,0.0,0.0,2.0,94.0,2.0,0.0,23.283324713517203,16.878088447983984,17.868088345338396,6.315831134728278,0.0,0.0,0.0,-1.0,0.0,1750.3996689737578,204.94400626207062,234.54581288018332,25.0,125.0,0.0,78.94736842105263,1.0,43.94736842105265,33.94736842105263,2.0,472.5,0.0,0.0,0.0,0.0,0.0,0.0,0.0,-1.0,0.0,96.0,0.0,1.0,311.0,1.0,0.9791666666666666,0.9791666666666666,0.9791666666666666,0.9791666666666666,0.96875,1.0071129027771453,1.4585503279455783,0.0,1.0,0.020833333333333332,0.9791666666666666,0.020833333333333332,0.0,0.24253463243247086,0.0,0.010416666666666666,0.020833333333333332,0.45778508771929843,0.0,0.6662054155401136,0.49965406165508525,0.4,0.0,0.0,0.0,125.0,0.0,0.0,6.315831134728278,0.0,0.0,0.0,0.0,0.020833333333333332,0.0,2.0,0.0,0.0,234.54581288018332,0.8829158792161865,0.0,-100.0,-100.0,234.54581288018332,0.0,0.0,0.0,1.0,0.0,0.0,2.0,125.0,400.0,0.0,0.0,0.0,0.0,0.0,0.0,0.0,0.0,0.0,0.0,2.0,0.0,2.0,6.315831134728278,0.5000050564961676,78.94736842105263,94.0,2.0,0.0,0.0,609.0877446636271,6.315831134728278,0.0
DischargeBias+QP,312,197.18296160335402,317.7235546066167,0.6203136093142884,0.6203136093142884,413.54240620952567,0.03832768780306603,0.0,0.0,0.0,0.0,2.0,94.0,2.0,0.0,34.32211742392404,29.084953748265214,30.074953653238158,9.075529193924396,0.0,0.0,0.0,-1.0,0.0,1772.7312193968312,246.13821044049905,232.96392781159318,25.0,125.0,0.0,78.94736842105263,2.0,70.77936898828168,33.94736842105263,3.0,472.5,0.0,0.0,0.0,0.0,0.0,0.0,0.0,-1.0,0.0,96.0,0.0,1.0,312.0,1.0,0.9791666666666666,0.9791666666666666,0.9791666666666666,0.9791666666666666,0.96875,1.008830570450803,1.5500409060347868,0.0,1.0,0.020833333333333332,0.9791666666666666,0.020833333333333332,0.0,0.35752205649920876,0.0,0.020833333333333332,0.03125,0.7372850936279342,0.0,0.8270848124190513,0.6203136093142884,0.4,0.0,0.0,0.0,125.0,0.0,0.0,9.075529193924396,0.0,0.0,0.0,0.0,0.020833333333333332,0.0,2.0,0.0,0.0,225.5005329973132,0.8611531134853894,0.0,-100.0,-100.0,225.5005329973132,0.0,0.0,0.0,1.0,0.0,0.0,2.0,125.0,400.0,0.0,0.0,0.0,0.0,0.0,0.0,0.0,0.0,0.0,0.0,2.0,0.0,2.0,9.075529193924396,0.5000836009483454,78.94736842105263,94.0,2.0,0.0,0.0,601.3548649432875,9.075529193924396,0.0
DischargeBias+QP,313,210.80653065413355,346.3382595008975,0.5900362898295908,0.5900362898295908,393.3575265530605,0.09133703440137148,0.0,0.0,0.0,0.0,1.0,95.0,1.0,0.0,41.633424680029364,41.633424680029364,42.62342456666892,10.65585614166723,0.0,0.0,0.0,-1.0,3.885780586188048e-16,1614.3435242505798,235.23641047832143,239.00906887146465,25.0,125.0,0.0,78.94736842105263,2.0,48.68300779078075,33.94736842105263,3.0,472.5,0.0,0.0,0.0,0.0,0.0,0.0,0.0,-1.0,0.0,96.0,0.0,1.0,313.0,1.0,0.9791666666666666,0.9791666666666666,0.9791666666666666,0.9791666666666666,0.96875,1.0083995529895056,1.497177683098737,0.0,1.0,0.010416666666666666,0.9895833333333334,0.010416666666666666,0.0,0.43368150708363923,0.0,0.020833333333333332,0.03125,0.5071146644872995,0.0,0.786715053106121,0.5900362898295908,0.4,0.0,0.0,0.0,125.0,0.0,0.0,10.65585614166723,0.0,0.0,0.0,0.0,0.010416666666666666,0.0,1.0,0.0,0.0,239.00906887146465,0.8542835481143802,3.885780586188048e-16,-100.0,-100.0,239.00906887146465,0.0,0.0,0.0,1.0,0.0,0.0,2.0,125.0,400.0,0.0,0.0,0.0,0.0,0.0,0.0,0.0,0.0,0.0,0.0,1.0,0.0,1.0,10.65585614166723,0.250052191225258,78.94736842105263,95.0,1.0,0.0,0.0,655.8267496329269,10.65585614166723,0.0
DischargeBias+QP,314,226.35452432513713,358.71389466033804,0.30039473684210527,0.30039473684210527,200.26315789473685,0.0,0.0,0.0,0.0,0.0,0.0,96.0,0.0,0.0,0.0,0.0,0.0,0.0,0.0,0.0,0.0,-1.0,0.0,443.92971204564566,0.0,215.92101591074277,25.0,125.0,0.0,78.94736842105263,1.0,43.94736842105265,33.94736842105263,2.0,472.5,0.0,0.0,0.0,0.0,0.0,0.0,0.0,-1.0,0.0,96.0,0.0,1.0,314.0,1.0,0.9791666666666666,0.9791666666666666,0.9791666666666666,0.9791666666666666,0.96875,1.0042763158062225,1.0526315789473684,0.0,0.0,0.0,1.0,0.0,0.0,0.0,0.0,0.010416666666666666,0.020833333333333332,0.45778508771929843,0.0,0.4005263157894737,0.30039473684210527,0.4,0.0,0.0,0.0,125.0,0.0,0.0,0.0,0.0,0.0,0.0,0.0,0.0,0.0,0.0,0.0,0.0,215.92101591074277,1.0,0.0,-100.0,-100.0,215.92101591074277,0.0,0.0,0.0,1.0,0.0,0.0,2.0,125.0,400.0,0.0,0.0,0.0,0.0,0.0,0.0,0.0,0.0,0.0,0.0,0.0,0.0,0.0,0.0,0.0,78.94736842105263,96.0,0.0,0.0,0.0,668.6208575579643,0.0,0.0
DischargeBias+QP,315,151.89190115012784,250.1144470277896,0.37683194228703515,0.37683194228703515,251.22129485802344,0.0,0.0,0.0,0.0,0.0,0.0,96.0,0.0,0.0,0.0,0.0,0.0,0.0,0.0,0.0,0.0,-1.0,2.7755575615628914e-16,973.5253845764255,167.72637517490227,211.2275664200219,25.0,125.0,0.0,78.94736842105263,1.0,43.94736842105265,33.94736842105263,2.0,472.5,0.0,0.0,0.0,0.0,0.0,0.0,0.0,-1.0,0.0,96.0,0.0,1.0,315.0,1.0,0.9791666666666666,0.9791666666666666,0.9791666666666666,0.9791666666666666,0.96875,1.0053644494814278,1.3066722810692224,0.0,0.0,0.0,1.0,0.0,0.0,0.0,0.0,0.010416666666666666,0.020833333333333332,0.45778508771929843,0.0,0.5024425897160468,0.37683194228703515,0.4,0.0,0.0,0.0,125.0,0.0,0.0,0.0,0.0,0.0,0.0,0.0,0.0,0.0,0.0,0.0,0.0,211.2275664200219,0.8277123762439138,2.7755575615628914e-16,-100.0,-100.0,211.2275664200219,0.0,0.0,0.0,1.0,0.0,0.0,2.0,125.0,400.0,0.0,0.0,0.0,0.0,0.0,0.0,0.0,0.0,0.0,0.0,0.0,0.0,0.0,0.0,0.0,78.94736842105263,96.0,0.0,0.0,0.0,465.77202670732106,0.0,0.0
DischargeBias+QP,316,226.56831477780227,363.36699783052626,0.4098374487060526,0.4098374487060526,273.2249658040351,0.07361335503085568,0.0,0.0,0.0,0.0,1.0,95.0,1.0,0.0,5.986457670540268,5.986457670540268,6.976457599738664,1.744114399934666,0.0,0.0,0.0,-1.0,0.0,1176.693774850029,84.7124987258689,236.2686244507616,25.0,125.0,0.0,78.94736842105263,2.0,75.20530533021545,33.94736842105263,3.0,472.5,0.0,0.0,0.0,0.0,0.0,0.0,0.0,-1.0,0.0,96.0,0.0,1.0,316.0,1.0,0.9791666666666666,0.9791666666666666,0.9791666666666666,0.9791666666666666,0.96875,1.0058343044768854,1.4190455139940217,0.0,1.0,0.010416666666666666,0.9895833333333334,0.010416666666666666,0.0,0.06235893406812779,0.0,0.020833333333333332,0.03125,0.7833885971897443,0.0,0.5464499316080702,0.4098374487060526,0.4,0.0,0.0,0.0,125.0,0.0,0.0,1.744114399934666,0.0,0.0,0.0,0.0,0.010416666666666666,0.0,1.0,0.0,0.0,236.09261835731354,0.9280080335797939,0.0,-100.0,-100.0,236.09261835731354,0.0,0.0,0.0,1.0,0.0,0.0,2.0,125.0,400.0,0.0,0.0,0.0,0.0,0.0,0.0,0.0,0.0,0.0,0.0,1.0,0.0,1.0,1.744114399934666,0.25006223623135604,78.94736842105263,95.0,1.0,0.0,0.0,678.9449927763992,1.744114399934666,0.0
DischargeBias+QP,317,227.5044533496026,372.4585240652892,0.39834169827967103,0.39834169827967103,265.56113218644737,0.07556747717197049,0.0,0.0,0.0,0.0,0.0,96.0,0.0,0.0,0.0,0.0,0.0,0.0,0.0,0.0,0.0,-1.0,0.0,1225.6493682953894,90.79042292779175,237.36524038695688,25.0,125.0,0.0,79.07484988357459,2.0,78.02221830462724,34.074849883574586,3.0,472.5,0.0,0.0,0.0,0.0,0.0,0.0,0.0,-1.0,0.0,96.0,0.0,1.0,317.0,1.0,0.9791666666666666,0.9791666666666666,0.9791666666666666,0.9791666666666666,0.96875,1.005670654944145,1.2625848744089163,0.0,0.0,0.0,1.0,0.0,0.0,0.0,0.0,0.020833333333333332,0.03125,0.8127314406732005,0.0,0.5311222643728948,0.39834169827967103,0.4,0.0,0.0,0.0,125.0,0.0,0.0,0.0,0.0,0.0,0.0,0.0,0.0,0.0,0.0,0.0,0.0,234.68218652425492,0.9259246361346709,0.0,-100.0,-100.0,234.68218652425492,0.0,0.0,0.0,1.0,0.0,0.0,2.0,125.0,400.0,0.0,0.0,0.0,0.0,0.0,0.0,0.0,0.0,0.0,0.0,0.0,0.0,0.0,0.0,0.0,79.07484988357459,96.0,0.0,0.0,0.0,693.6496978279329,0.0,0.0
DischargeBias+QP,318,213.64450395265777,343.57922361294084,0.43080056256673555,0.43080056256673555,287.20037504449033,0.06518740647043783,0.0,0.0,0.0,0.0,0.0,96.0,0.0,0.0,0.0,0.0,0.0,0.0,0.0,0.0,0.0,-1.0,1.6653345369377348e-16,1404.1195833704421,91.09971876449706,236.87017658159584,25.0,125.0,0.0,78.94736842105263,2.0,60.826316353953466,33.94736842105263,3.0,472.5,0.0,0.0,0.0,0.0,0.0,0.0,0.0,-1.0,0.0,96.0,0.0,1.0,318.0,1.0,0.9791666666666666,0.9791666666666666,0.9791666666666666,0.9791666666666666,0.96875,1.0061327281299466,1.4601391132824313,0.0,0.0,0.0,1.0,0.0,0.0,0.0,0.0,0.020833333333333332,0.03125,0.6336074620203486,0.0,0.5744007500889806,0.43080056256673555,0.4,0.0,0.0,0.0,125.0,0.0,0.0,0.0,0.0,0.0,0.0,0.0,0.0,0.0,0.0,0.0,0.0,234.45275692536373,0.9351196864971987,1.6653345369377348e-16,-100.0,-100.0,234.45275692536373,0.0,0.0,0.0,1.0,0.0,0.0,2.0,125.0,400.0,0.0,0.0,0.0,0.0,0.0,0.0,0.0,0.0,0.0,0.0,0.0,0.0,0.0,0.0,0.0,78.94736842105263,96.0,0.0,0.0,0.0,640.303040867597,0.0,0.0
DischargeBias+QP,319,179.0920017780746,295.36806148539495,0.900470773084666,0.900470773084666,600.3138487231108,0.08672751336388229,0.0,0.0,0.0,0.0,2.0,94.0,2.0,0.0,44.348882002242696,43.20739590638723,44.197395824599504,11.58221512643403,0.0,0.0,0.0,-1.0,0.0,1880.3297303339455,262.1579405356105,239.83729158434505,25.0,224.76250001942458,7.0,81.05881398419635,2.0,80.006182405249,36.05881398419635,3.0,472.5,0.0,0.0,0.0,0.0,0.0,0.0,0.0,-1.0,0.0,96.0,0.0,1.0,319.0,1.0,0.9270833333333334,0.9270833333333334,0.9270833333333334,0.9270833333333334,0.9166666666666666,1.012818791143595,1.7811608838351218,0.0,1.0,0.020833333333333332,0.9791666666666666,0.020833333333333332,0.0,0.46196752085669474,0.0,0.020833333333333332,0.03125,0.8333977333880105,0.0,1.2006276974462216,0.900470773084666,0.7990500000776983,1.75,0.0,0.0,125.0,0.0,0.0,11.58221512643403,0.0,0.0,0.0,0.0,0.020833333333333332,0.0,2.0,0.0,0.0,239.83729158434505,0.860578739831417,0.0,-100.0,-100.0,239.83729158434505,0.0,0.0,0.0,1.0,0.0,0.0,2.0,125.0,400.0,0.0,0.0,0.0,0.0,0.0,0.0,0.0,0.0,0.0,0.0,2.0,0.0,2.0,11.58221512643403,0.4999946258733559,81.05881398419635,94.0,2.0,0.0,0.0,562.1411242644012,11.58221512643403,0.0
DischargeBias+QP,320,197.70932846204119,301.76194679003135,0.627856691752532,0.627856691752532,418.5711278350213,0.0660693456285382,0.0,0.0,0.0,0.0,1.0,95.0,1.0,0.0,10.76215941602493,10.76215941602493,11.75215932809005,2.9380398320225125,0.0,0.0,0.0,-1.0,3.885780586188048e-16,1698.136189956185,219.60242277624934,237.51855486080314,25.0,134.01055003588448,0.0,78.94736842105263,2.0,57.46765168094101,33.94736842105263,3.0,472.5,0.0,0.0,0.0,0.0,0.0,0.0,0.0,-1.0,0.0,96.0,0.0,1.0,320.0,1.0,0.96875,0.96875,0.96875,0.96875,0.9583333333333334,1.0089379511771857,1.6041843202954014,0.0,1.0,0.010416666666666666,0.9895833333333334,0.010416666666666666,0.0,0.1121058272502597,0.0,0.020833333333333332,0.03125,0.5986213716764689,0.0,0.8371422556700425,0.627856691752532,0.4360422001435379,0.0,0.0,0.0,125.0,0.0,0.0,2.9380398320225125,0.0,0.0,0.0,0.0,0.010416666666666666,0.0,1.0,0.0,0.0,237.51855486080314,0.8706803234775207,3.885780586188048e-16,-100.0,-100.0,237.51855486080314,0.0,0.0,0.0,1.0,0.0,0.0,2.0,125.0,400.0,0.0,0.0,0.0,0.0,0.0,0.0,0.0,0.0,0.0,0.0,1.0,0.0,1.0,2.9380398320225125,0.2499999780162785,78.94736842105263,95.0,1.0,0.0,0.0,566.574402937664,2.9380398320225125,0.0
DischargeBias+QP,321,169.8707916986347,263.96155290018703,0.40686351937283466,0.40686351937283466,271.2423462485565,7.786215332874527e-05,0.0,0.0,0.0,0.0,0.0,96.0,0.0,0.0,0.0,0.0,0.0,0.0,0.0,0.0,0.0,-1.0,0.0,1278.0996466847248,139.03843278445117,220.94332029602884,25.0,125.0,0.0,78.94736842105263,1.0,43.94736842105265,33.94736842105263,2.0,472.5,0.0,0.0,0.0,0.0,0.0,0.0,0.0,-1.0,0.0,96.0,0.0,1.0,321.0,1.0,0.9791666666666666,0.9791666666666666,0.9791666666666666,0.9791666666666666,0.96875,1.0057919686456769,1.3143139868296148,0.0,0.0,0.0,1.0,0.0,0.0,0.0,0.0,0.010416666666666666,0.020833333333333332,0.45778508771929843,0.0,0.542484692497113,0.40686351937283466,0.4,0.0,0.0,0.0,125.0,0.0,0.0,0.0,0.0,0.0,0.0,0.0,0.0,0.0,0.0,0.0,0.0,216.41804808267037,0.8912147162037762,0.0,-100.0,-100.0,216.41804808267037,0.0,0.0,0.0,1.0,0.0,0.0,2.0,125.0,400.0,0.0,0.0,0.0,0.0,0.0,0.0,0.0,0.0,0.0,0.0,0.0,0.0,0.0,0.0,0.0,78.94736842105263,96.0,0.0,0.0,0.0,492.52481577172637,0.0,0.0
DischargeBias+QP,322,134.16706594456258,210.81780129520357,0.9004708326747254,0.9004708326747254,600.313888449817,0.0,0.0,0.0,0.0,0.0,17.0,79.0,17.0,0.0,923.2276984762796,120.50842931334994,121.49842913864892,235.014422362506,0.0,0.0,0.0,-1.0,0.0,1717.3240017447806,550.7634237629545,215.30413944176462,25.0,224.76250015268073,16.0,98.66692485725135,4.0,106.61422051833408,53.66692485725135,5.0,472.5,0.0,0.0,0.0,0.0,0.0,0.0,0.0,-1.0,0.0,96.0,0.0,1.0,322.0,1.0,0.9270833333333334,0.9270833333333334,0.9270833333333334,0.9270833333333334,0.9166666666666666,1.012818791986305,1.9900000010799246,0.0,1.0,0.17708333333333334,0.8229166666666666,0.17708333333333334,0.0,9.616955192461246,77.81086968140244,0.041666666666666664,0.052083333333333336,1.11056479706598,0.3576308636537746,1.200627776899634,0.9004708326747254,0.799050000610723,4.0,0.0,0.0,125.0,0.0,0.0,235.014422362506,0.0,0.0,0.0,0.0,0.17708333333333334,0.0,17.0,0.0,0.0,209.31403269101213,0.6792897419453839,0.0,-100.0,-100.0,209.31403269101213,0.0,0.0,0.0,1.0,0.0,0.0,2.0,125.0,400.0,0.0,0.0,0.0,0.0,0.0,0.0,0.0,0.0,0.0,0.0,17.0,0.0,17.0,235.014422362506,4.25004378803354,98.66692485725135,79.0,17.0,0.0,0.0,628.8036421210033,235.014422362506,0.0
DischargeBias+QP,323,215.63867982132757,317.5569830099685,0.3396228026284088,0.3396228026284088,226.41520175227257,0.06473889897404514,0.0,0.0,0.0,0.0,1.0,95.0,1.0,0.0,4.2546847009759965,4.2546847009759965,5.2446853921154055,1.3111713480288514,0.0,0.0,0.0,-1.0,2.220446049250313e-16,1312.3316683097698,85.06956447524584,238.52992491377512,25.0,125.0,0.0,78.94736842105263,1.0,43.94736842105265,33.94736842105263,2.0,472.5,0.0,0.0,0.0,0.0,0.0,0.0,0.0,-1.0,0.0,96.0,0.0,1.0,323.0,1.0,0.9791666666666666,0.9791666666666666,0.9791666666666666,0.9791666666666666,0.96875,1.0048347530115924,1.2772614574025933,0.0,1.0,0.010416666666666666,0.9895833333333334,0.010416666666666666,0.0,0.0443196323018333,0.0,0.010416666666666666,0.020833333333333332,0.45778508771929843,0.0,0.4528304035045451,0.3396228026284088,0.4,0.0,0.0,0.0,125.0,0.0,0.0,1.3111713480288514,0.0,0.0,0.0,0.0,0.010416666666666666,0.0,1.0,0.0,0.0,224.89675913520279,0.9351767799790948,2.220446049250313e-16,-100.0,-100.0,224.89675913520279,0.0,0.0,0.0,1.0,0.0,0.0,2.0,125.0,400.0,0.0,0.0,0.0,0.0,0.0,0.0,0.0,0.0,0.0,0.0,1.0,0.0,1.0,1.3111713480288514,0.2500638110148099,78.94736842105263,95.0,1.0,0.0,0.0,594.8819704497075,1.3111713480288514,0.0
DischargeBias+QP,324,195.14980211453658,293.37983360959817,0.5579691476363718,0.5579691476363718,371.97943175758127,0.033027318735696094,0.0,0.0,0.0,0.0,2.0,94.0,2.0,0.0,11.301524379812777,7.143570095324659,8.13357002699149,3.320381062362803,0.0,0.0,0.0,-1.0,2.220446049250313e-16,1734.0583087199573,243.32538106638413,233.4282812239548,25.0,125.0,0.0,78.94736842105263,1.0,43.94736842105265,33.94736842105263,2.0,472.5,0.0,0.0,0.0,0.0,0.0,0.0,0.0,-1.0,0.0,96.0,0.0,1.0,324.0,1.0,0.9791666666666666,0.9791666666666666,0.9791666666666666,0.9791666666666666,0.96875,1.0079430562147358,1.5477110920505803,0.0,1.0,0.020833333333333332,0.9791666666666666,0.020833333333333332,0.0,0.11772421228971643,0.0,0.010416666666666666,0.020833333333333332,0.45778508771929843,0.0,0.7439588635151625,0.5579691476363718,0.4,0.0,0.0,0.0,125.0,0.0,0.0,3.320381062362803,0.0,0.0,0.0,0.0,0.020833333333333332,0.0,2.0,0.0,0.0,229.8755313353618,0.8596786625670036,2.220446049250313e-16,-100.0,-100.0,229.8755313353618,0.0,0.0,0.0,1.0,0.0,0.0,2.0,125.0,400.0,0.0,0.0,0.0,0.0,0.0,0.0,0.0,0.0,0.0,0.0,2.0,0.0,2.0,3.320381062362803,0.500054329428183,78.94736842105263,94.0,2.0,0.0,0.0,551.5100582374652,3.320381062362803,0.0
DischargeBias+QP,325,196.07457400408668,283.04446472787276,0.48168783581812663,0.48168783581812663,321.1252238787511,0.07387500488008694,0.0,0.0,0.0,0.0,1.0,95.0,1.0,0.0,7.6315049981326215,7.6315049981326215,8.62150491264306,2.155376228160765,0.0,0.0,0.0,-1.0,0.0,1629.2806343134325,194.9571974992412,237.91960714515358,25.0,125.0,0.0,78.94736842105263,1.0,43.94736842105265,33.94736842105263,2.0,472.5,0.0,0.0,0.0,0.0,0.0,0.0,0.0,-1.0,0.0,96.0,0.0,1.0,325.0,1.0,0.9791666666666666,0.9791666666666666,0.9791666666666666,0.9791666666666666,0.96875,1.0068571417872214,1.494505641506664,0.0,1.0,0.010416666666666666,0.9895833333333334,0.010416666666666666,0.0,0.07949484373054815,0.0,0.010416666666666666,0.020833333333333332,0.45778508771929843,0.0,0.6422504477575022,0.48168783581812663,0.4,0.0,0.0,0.0,125.0,0.0,0.0,2.155376228160765,0.0,0.0,0.0,0.0,0.010416666666666666,0.0,1.0,0.0,0.0,234.42615230557055,0.8803415486605873,0.0,-100.0,-100.0,234.42615230557055,0.0,0.0,0.0,1.0,0.0,0.0,2.0,125.0,400.0,0.0,0.0,0.0,0.0,0.0,0.0,0.0,0.0,0.0,0.0,1.0,0.0,1.0,2.155376228160765,0.24999997862760992,78.94736842105263,95.0,1.0,0.0,0.0,531.7984329794386,2.155376228160765,0.0
DischargeBias+QP,326,213.11856574035608,300.6156590891887,0.48136472043811196,0.48136472043811196,320.909813625408,0.038548820550968685,0.0,0.0,0.0,0.0,0.0,96.0,0.0,0.0,0.0,0.0,0.0,0.0,0.0,0.0,0.0,-1.0,1.6653345369377348e-16,1514.5539623471218,154.46198109283557,231.75263072457548,25.0,125.0,0.0,78.94736842105263,2.0,44.95998354722208,33.94736842105263,3.0,472.5,0.0,0.0,0.0,0.0,0.0,0.0,0.0,-1.0,0.0,96.0,0.0,1.0,326.0,1.0,0.9791666666666666,0.9791666666666666,0.9791666666666666,0.9791666666666666,0.96875,1.0068525420317505,1.3858192239023372,0.0,0.0,0.0,1.0,0.0,0.0,0.0,0.0,0.020833333333333332,0.03125,0.46833316195023,0.0,0.641819627250816,0.48136472043811196,0.4,0.0,0.0,0.0,125.0,0.0,0.0,0.0,0.0,0.0,0.0,0.0,0.0,0.0,0.0,0.0,0.0,230.7674900406625,0.8980148710888689,1.6653345369377348e-16,-100.0,-100.0,230.7674900406625,0.0,0.0,0.0,1.0,0.0,0.0,2.0,125.0,400.0,0.0,0.0,0.0,0.0,0.0,0.0,0.0,0.0,0.0,0.0,0.0,0.0,0.0,0.0,0.0,78.94736842105263,96.0,0.0,0.0,0.0,562.9399564755643,0.0,0.0
DischargeBias+QP,327,200.3018863474731,275.59865534191255,0.5210140792329638,0.5210140792329638,347.3427194886426,0.03668633058865964,0.0,0.0,0.0,0.0,2.0,95.0,2.0,0.0,8.568154903886171,8.221653325516753,9.211653241548886,2.637036514576086,0.0,0.0,0.0,-1.0,1.1102230246251565e-16,1721.2747160884903,214.62030964347323,234.12705196641642,25.0,125.0,0.0,78.94736842105263,2.0,49.117577998427336,33.94736842105263,3.0,472.5,0.0,0.0,0.0,0.0,0.0,0.0,0.0,-1.0,0.0,96.0,0.0,1.0,327.0,1.0,0.9791666666666666,0.9791666666666666,0.9791666666666666,0.9791666666666666,0.96875,1.0074169766233052,1.4608753565471329,0.0,1.0,0.020833333333333332,0.9895833333333334,0.020833333333333332,0.0,0.08925161358214762,0.0,0.020833333333333332,0.03125,0.5116414374836181,0.0,0.6946854389772852,0.5210140792329638,0.4,0.0,0.0,0.0,125.0,0.0,0.0,2.637036514576086,0.0,0.0,0.0,0.0,0.020833333333333332,0.0,2.0,0.0,0.0,229.11080056347907,0.8753131573725854,1.1102230246251565e-16,-100.0,-100.0,229.11080056347907,0.0,0.0,0.0,1.0,0.0,0.0,2.0,125.0,400.0,0.0,0.0,0.0,0.0,0.0,0.0,0.0,0.0,0.0,0.0,2.0,0.0,2.0,2.637036514576086,0.5000837806133926,78.94736842105263,94.0,2.0,0.0,0.0,519.3025051745876,2.637036514576086,0.0
DischargeBias+QP,328,149.02640777741726,206.6916255954883,0.9004708293823707,0.9004708293823707,600.3138862549138,0.0,0.0,0.0,0.0,0.0,8.0,89.0,8.0,0.0,201.12689749017716,47.86050764503599,48.85050755582625,52.261724256328556,0.0,0.0,0.0,-1.0,0.0,1715.1790578026978,342.65129603740746,219.7255970143554,25.0,224.76250030487893,11.0,89.56752943149216,3.0,100.61119021908911,44.56752943149216,4.0,472.5,0.0,0.0,0.0,0.0,0.0,0.0,0.0,-1.0,0.0,96.0,0.0,1.0,328.0,1.0,0.9375,0.9375,0.9375,0.9375,0.9270833333333334,1.0128187919383294,1.9369003970836474,0.0,1.0,0.08333333333333333,0.9270833333333334,0.08333333333333333,0.0,2.0950718488560116,10.341723899056559,0.03125,0.041666666666666664,1.048033231448845,0.0,1.2006277725098276,0.9004708293823707,0.7990500012195157,2.75,0.0,0.0,125.0,0.0,0.0,52.261724256328556,0.0,0.0,0.0,0.0,0.08333333333333333,0.0,8.0,0.0,0.0,217.94755924236935,0.8002241838957763,0.0,-100.0,-100.0,217.94755924236935,0.0,0.0,0.0,1.0,0.0,0.0,2.0,125.0,400.0,0.0,0.0,0.0,0.0,0.0,0.0,0.0,0.0,0.0,0.0,8.0,0.0,8.0,52.261724256328556,2.0000919550581173,89.56752943149216,88.0,8.0,0.0,0.0,440.1097619353317,52.261724256328556,0.0
DischargeBias+QP,329,136.07726049937693,181.19899721719213,0.9004707753672863,0.9004707753672863,600.3138502448576,0.0,0.0,0.0,0.0,0.0,16.0,80.0,16.0,0.0,802.8742192472835,110.22299888351704,111.21299872260751,204.6785537710553,0.0,0.0,0.0,-1.0,0.0,1673.8890939902058,521.0836737899224,214.06568241389812,25.0,224.76250026082363,17.0,85.0357338620717,3.0,118.43852094873614,40.035733862071694,4.0,472.5,0.0,0.0,0.0,0.0,0.0,0.0,0.0,-1.0,0.0,96.0,0.0,1.0,329.0,1.0,0.9270833333333334,0.9270833333333334,0.9270833333333334,0.9270833333333334,0.9166666666666666,1.0128187911671445,1.9399221626532779,0.0,1.0,0.16666666666666666,0.8333333333333334,0.16666666666666666,0.0,8.363273117159205,68.68186123899777,0.03125,0.041666666666666664,1.2337345932160015,0.0,1.2006277004897152,0.9004707753672863,0.7990500010432945,4.25,0.0,0.0,125.0,0.0,0.0,204.6785537710553,0.0,0.0,0.0,0.0,0.16666666666666666,0.0,16.0,0.0,0.0,214.06568241389812,0.6886988058762205,0.0,-100.0,-100.0,214.06568241389812,0.0,0.0,0.0,1.0,0.0,0.0,2.0,125.0,400.0,0.0,0.0,0.0,0.0,0.0,0.0,0.0,0.0,0.0,0.0,16.0,0.0,16.0,204.6785537710553,4.000002043393836,85.0357338620717,80.0,16.0,0.0,0.0,545.3449455873063,204.6785537710553,0.0
DischargeBias+QP,330,199.7663808628145,247.05613216042326,0.4484585580718399,0.4484585580718399,298.97237204789326,0.04739251607156536,0.0,0.0,0.0,0.0,1.0,95.0,1.0,0.0,6.050077341633081,6.050077341633081,7.040077266756212,1.760019316689053,0.0,0.0,0.0,-1.0,0.0,1662.9293728817102,168.4527013360338,234.54501873304397,25.0,125.0,0.0,78.94736842105263,2.0,67.56634659608503,33.94736842105263,3.0,472.5,0.0,0.0,0.0,0.0,0.0,0.0,0.0,-1.0,0.0,96.0,0.0,1.0,330.0,1.0,0.9791666666666666,0.9791666666666666,0.9791666666666666,0.9791666666666666,0.96875,1.0063841012603694,1.4018712720257764,0.0,1.0,0.010416666666666666,0.9895833333333334,0.010416666666666666,0.0,0.06302163897534459,0.0,0.020833333333333332,0.03125,0.7038161103758857,0.0,0.5979447440957866,0.4484585580718399,0.4,0.0,0.0,0.0,125.0,0.0,0.0,1.760019316689053,0.0,0.0,0.0,0.0,0.010416666666666666,0.0,1.0,0.0,0.0,231.12988488486621,0.8987012292385455,0.0,-100.0,-100.0,231.12988488486621,0.0,0.0,0.0,1.0,0.0,0.0,2.0,125.0,400.0,0.0,0.0,0.0,0.0,0.0,0.0,0.0,0.0,0.0,0.0,1.0,0.0,1.0,1.760019316689053,0.2500450021537066,78.94736842105263,95.0,1.0,0.0,0.0,466.93354636587594,1.760019316689053,0.0
DischargeBias+QP,331,203.15896929437915,244.86208424346097,0.42090464832563595,0.42090464832563595,280.6030988837573,0.05547566981694249,0.0,0.0,0.0,0.0,1.0,95.0,1.0,0.0,6.345913022165838,6.345913022165838,7.335909447682971,1.8339773619207427,0.0,0.0,0.0,-1.0,0.0,1659.5969384346256,189.16209878110863,235.11292583245105,25.0,125.0,0.0,78.94736842105263,1.0,43.94736842105265,33.94736842105263,2.0,472.5,0.0,0.0,0.0,0.0,0.0,0.0,0.0,-1.0,0.0,96.0,0.0,1.0,331.0,1.0,0.9791666666666666,0.9791666666666666,0.9791666666666666,0.9791666666666666,0.96875,1.0059918533185603,1.3637534313737798,0.0,1.0,0.010416666666666666,0.9895833333333334,0.010416666666666666,0.0,0.06610326064756082,0.0,0.010416666666666666,0.020833333333333332,0.45778508771929843,0.0,0.5612061977675146,0.42090464832563595,0.4,0.0,0.0,0.0,125.0,0.0,0.0,1.8339773619207427,0.0,0.0,0.0,0.0,0.010416666666666666,0.0,1.0,0.0,0.0,229.61678747239256,0.8860192529883002,0.0,-100.0,-100.0,229.61678747239256,0.0,0.0,0.0,1.0,0.0,0.0,2.0,125.0,400.0,0.0,0.0,0.0,0.0,0.0,0.0,0.0,0.0,0.0,0.0,1.0,0.0,1.0,1.8339773619207427,0.2500397480897494,78.94736842105263,95.0,1.0,0.0,0.0,463.3780062477308,1.8339773619207427,0.0
DischargeBias+QP,332,206.8698146412706,247.5031378651405,0.5669718804518049,0.5669718804518049,377.98125363453664,0.07328744091027378,0.0,0.0,0.0,0.0,0.0,96.0,0.0,0.0,0.0,0.0,0.0,0.0,0.0,0.0,0.0,-1.0,1.1102230246251565e-16,1703.169101235061,220.69437723617332,238.3283253183369,25.0,125.0,0.0,78.94736842105263,1.0,43.94736842105265,33.94736842105263,2.0,472.5,0.0,0.0,0.0,0.0,0.0,0.0,0.0,-1.0,0.0,96.0,0.0,1.0,332.0,1.0,0.9791666666666666,0.9791666666666666,0.9791666666666666,0.9791666666666666,0.96875,1.0080712160185914,1.5799790747372586,0.0,0.0,0.0,1.0,0.0,0.0,0.0,0.0,0.010416666666666666,0.020833333333333332,0.45778508771929843,0.0,0.7559625072690733,0.5669718804518049,0.4,0.0,0.0,0.0,125.0,0.0,0.0,0.0,0.0,0.0,0.0,0.0,0.0,0.0,0.0,0.0,0.0,234.84637261552206,0.8704213356876098,1.1102230246251565e-16,-100.0,-100.0,234.84637261552206,0.0,0.0,0.0,1.0,0.0,0.0,2.0,125.0,400.0,0.0,0.0,0.0,0.0,0.0,0.0,0.0,0.0,0.0,0.0,0.0,0.0,0.0,0.0,0.0,78.94736842105263,96.0,0.0,0.0,0.0,466.83288894274233,0.0,0.0
DischargeBias+QP,333,307.93516191479256,363.41511540935755,0.30039473684210527,0.30039473684210527,200.26315789473685,0.08337382656694266,0.0,0.0,0.0,0.0,0.0,96.0,0.0,0.0,0.0,0.0,0.0,0.0,0.0,0.0,0.0,-1.0,2.7755575615628914e-16,136.55811485200152,0.0,240.18793459383824,25.0,125.0,0.0,78.94736842105263,1.0,43.94736842105265,33.94736842105263,2.0,472.5,0.0,0.0,0.0,0.0,0.0,0.0,0.0,-1.0,0.0,96.0,0.0,1.0,333.0,1.0,0.9791666666666666,0.9791666666666666,0.9791666666666666,0.9791666666666666,0.96875,1.0042763158138757,1.0526315789473684,0.0,0.0,0.0,1.0,0.0,0.0,0.0,0.0,0.010416666666666666,0.020833333333333332,0.45778508771929843,0.0,0.4005263157894737,0.30039473684210527,0.4,0.0,0.0,0.0,125.0,0.0,0.0,0.0,0.0,0.0,0.0,0.0,0.0,0.0,0.0,0.0,0.0,231.95283122616556,1.0,2.7755575615628914e-16,-100.0,-100.0,231.95283122616556,0.0,0.0,0.0,1.0,0.0,0.0,2.0,125.0,400.0,0.0,0.0,0.0,0.0,0.0,0.0,0.0,0.0,0.0,0.0,0.0,0.0,0.0,0.0,0.0,78.94736842105263,96.0,0.0,0.0,0.0,685.3244924917313,0.0,0.0
DischargeBias+QP,334,206.83121348261426,274.1620169396748,0.5747027236896981,0.5747027236896981,383.13514912646536,0.03894267719385774,0.0,0.0,0.0,0.0,1.0,95.0,1.0,0.0,1.0217103371509884,1.0217103371509884,2.0116966307625415,0.5029241576906354,0.0,0.0,0.0,-1.0,0.0,1540.6885070333026,177.0470527133109,232.4455485275847,25.0,125.0,0.0,78.94736842105263,2.0,69.0635915519164,33.94736842105263,3.0,472.5,0.0,0.0,0.0,0.0,0.0,0.0,0.0,-1.0,0.0,96.0,0.0,1.0,334.0,1.0,0.96875,0.96875,0.96875,0.96875,0.9583333333333334,1.0081812696279426,1.5127852148074785,0.0,1.0,0.010416666666666666,0.9895833333333334,0.010416666666666666,0.0,0.010642816011989463,0.0,0.020833333333333332,0.03125,0.7194124119991292,0.0,0.7662702982529307,0.5747027236896981,0.4,0.0,0.0,0.0,125.0,0.0,0.0,0.5029241576906354,0.0,0.0,0.0,0.0,0.010416666666666666,0.0,1.0,0.0,0.0,232.0183155998489,0.8850857575005692,0.0,-100.0,-100.0,232.0183155998489,0.0,0.0,0.0,1.0,0.0,0.0,2.0,125.0,400.0,0.0,0.0,0.0,0.0,0.0,0.0,0.0,0.0,0.0,0.0,1.0,0.0,1.0,0.5029241576906354,0.2500136172005761,78.94736842105263,95.0,1.0,0.0,0.0,515.2913213982503,0.5029241576906354,0.0
DischargeBias+QP,335,178.22906275704142,248.47398824926753,0.7483920197018376,0.7483920197018376,498.92801313455834,0.0,0.0,0.0,0.0,0.0,1.0,95.0,1.0,0.0,27.627537638497014,27.627537638497014,28.61753752976792,7.15438438244198,0.0,0.0,0.0,-1.0,0.0,1215.5164608088967,200.94993190844932,218.98115070272203,25.0,174.1361957833537,0.0,78.94736842105263,2.0,74.87057061606683,33.94736842105263,3.0,472.5,0.0,0.0,0.0,0.0,0.0,0.0,0.0,-1.0,0.0,96.0,0.0,1.0,335.0,1.0,0.96875,0.96875,0.96875,0.96875,0.9583333333333334,1.0106538504938074,1.836898456875947,0.0,1.0,0.010416666666666666,0.9895833333333334,0.010416666666666666,0.0,0.28778685040101054,0.0,0.020833333333333332,0.03125,0.7799017772506961,0.0,0.9978560262691167,0.7483920197018376,0.5965447831334149,0.0,0.0,0.0,125.0,0.0,0.0,7.15438438244198,0.0,0.0,0.0,0.0,0.010416666666666666,0.0,1.0,0.0,0.0,217.7175658259355,0.834679382478521,0.0,-100.0,-100.0,217.7175658259355,0.0,0.0,0.0,1.0,0.0,0.0,2.0,125.0,400.0,0.0,0.0,0.0,0.0,0.0,0.0,0.0,0.0,0.0,0.0,1.0,0.0,1.0,7.15438438244198,0.2499999728177258,78.94736842105263,95.0,1.0,0.0,0.0,472.97886152652956,7.15438438244198,0.0
DischargeBias+QP,336,126.04386952797611,174.74469397708674,0.90047077469182,0.90047077469182,600.3138497945469,0.0,0.0,0.0,0.0,0.0,21.0,76.0,21.0,0.0,1212.566132261538,138.77512352566728,139.76512332612754,308.33903119235396,0.0,0.0,0.0,-1.0,0.0,1719.6639703774738,628.3915343707744,212.76041905524903,25.0,224.7625002841939,18.0,86.4322990921504,3.0,104.54586041965476,41.4322990921504,4.0,472.5,0.0,0.0,0.0,0.0,0.0,0.0,0.0,-1.0,0.0,96.0,0.0,1.0,336.0,1.0,0.9270833333333334,0.9270833333333334,0.9270833333333334,0.9270833333333334,0.9166666666666666,1.0128187911664661,1.9919867046969812,0.0,1.0,0.21875,0.7916666666666666,0.21875,0.0,12.630897211057686,96.37233969405825,0.03125,0.041666666666666664,1.0890193793714038,0.0,1.2006276995890937,0.90047077469182,0.7990500011367756,4.5,0.0,0.0,125.0,0.0,0.0,308.33903119235396,0.0,0.0,0.0,0.0,0.21875,0.0,21.0,0.0,0.0,212.76041905524903,0.6345846949198803,0.0,-100.0,-100.0,212.76041905524903,0.0,0.0,0.0,1.0,0.0,0.0,2.0,125.0,400.0,0.0,0.0,0.0,0.0,0.0,0.0,0.0,0.0,0.0,0.0,21.0,0.0,21.0,308.33903119235396,5.250274669219867,86.4322990921504,75.0,21.0,0.0,0.0,636.3843380785995,308.33903119235396,0.0
DischargeBias+QP,337,208.51302196625983,285.7266523380931,0.49988243768667495,0.49988243768667495,333.25495845778335,0.04803541242150687,0.0,0.0,0.0,0.0,1.0,95.0,1.0,0.0,15.988810438573175,15.988810438573175,16.97881036183718,4.244702590459295,0.0,0.0,0.0,-1.0,3.3306690738754696e-16,1683.3949062467493,224.27207018260884,233.51603823191192,25.0,125.0,0.0,78.94736842105263,1.0,43.94736842105265,33.94736842105263,2.0,472.5,0.0,0.0,0.0,0.0,0.0,0.0,0.0,-1.0,0.0,96.0,0.0,1.0,337.0,1.0,0.9791666666666666,0.9791666666666666,0.9791666666666666,0.9791666666666666,0.96875,1.007116153868023,1.3992281465555036,0.0,1.0,0.010416666666666666,0.9895833333333334,0.010416666666666666,0.0,0.16655010873513723,0.0,0.010416666666666666,0.020833333333333332,0.45778508771929843,0.0,0.6665099169155667,0.49988243768667495,0.4,0.0,0.0,0.0,125.0,0.0,0.0,4.244702590459295,0.0,0.0,0.0,0.0,0.010416666666666666,0.0,1.0,0.0,0.0,231.5146084826137,0.8667739403568473,3.3306690738754696e-16,-100.0,-100.0,231.5146084826137,0.0,0.0,0.0,1.0,0.0,0.0,2.0,125.0,400.0,0.0,0.0,0.0,0.0,0.0,0.0,0.0,0.0,0.0,0.0,1.0,0.0,1.0,4.244702590459295,0.2499999808159994,78.94736842105263,95.0,1.0,0.0,0.0,539.9518968457612,4.244702590459295,0.0
DischargeBias+QP,338,249.2312369752469,332.3421097237105,0.30039473684210527,0.30039473684210527,200.26315789473685,0.035174967412323434,0.0,0.0,0.0,0.0,0.0,96.0,0.0,0.0,0.0,0.0,0.0,0.0,0.0,0.0,0.0,-1.0,0.0,883.8007838747099,0.0,234.2439593217398,25.0,125.0,0.0,78.94736842105263,1.0,43.94736842105265,33.94736842105263,2.0,472.5,0.0,0.0,0.0,0.0,0.0,0.0,0.0,-1.0,0.0,96.0,0.0,1.0,338.0,1.0,0.9791666666666666,0.9791666666666666,0.9791666666666666,0.9791666666666666,0.96875,1.004276315804978,1.0526315789473684,0.0,0.0,0.0,1.0,0.0,0.0,0.0,0.0,0.010416666666666666,0.020833333333333332,0.45778508771929843,0.0,0.4005263157894737,0.30039473684210527,0.4,0.0,0.0,0.0,125.0,0.0,0.0,0.0,0.0,0.0,0.0,0.0,0.0,0.0,0.0,0.0,0.0,231.37094153492114,1.0,0.0,-100.0,-100.0,231.37094153492114,0.0,0.0,0.0,1.0,0.0,0.0,2.0,125.0,400.0,0.0,0.0,0.0,0.0,0.0,0.0,0.0,0.0,0.0,0.0,0.0,0.0,0.0,0.0,0.0,78.94736842105263,96.0,0.0,0.0,0.0,623.4744909044579,0.0,0.0
DischargeBias+QP,339,246.41929717199355,327.26278486100915,0.30039473684210527,0.30039473684210527,200.26315789473685,0.05390898434254744,0.0,0.0,0.0,0.0,0.0,96.0,0.0,0.0,0.0,0.0,0.0,0.0,0.0,0.0,0.0,-1.0,3.3306690738754696e-16,901.3968361355217,0.0,234.73028719269027,25.0,125.0,0.0,78.94736842105263,1.0,43.94736842105265,33.94736842105263,2.0,472.5,0.0,0.0,0.0,0.0,0.0,0.0,0.0,-1.0,0.0,96.0,0.0,1.0,339.0,1.0,0.9791666666666666,0.9791666666666666,0.9791666666666666,0.9791666666666666,0.96875,1.0042763158059949,1.0526315789473684,0.0,0.0,0.0,1.0,0.0,0.0,0.0,0.0,0.010416666666666666,0.020833333333333332,0.45778508771929843,0.0,0.4005263157894737,0.30039473684210527,0.4,0.0,0.0,0.0,125.0,0.0,0.0,0.0,0.0,0.0,0.0,0.0,0.0,0.0,0.0,0.0,0.0,234.73028719269027,1.0,3.3306690738754696e-16,-100.0,-100.0,234.73028719269027,0.0,0.0,0.0,1.0,0.0,0.0,2.0,125.0,400.0,0.0,0.0,0.0,0.0,0.0,0.0,0.0,0.0,0.0,0.0,0.0,0.0,0.0,0.0,0.0,78.94736842105263,96.0,0.0,0.0,0.0,614.0692461882005,0.0,0.0
DischargeBias+QP,340,306.02391011825216,396.97949621303036,0.30039473684210527,0.30039473684210527,200.26315789473685,0.06244370434764891,0.0,0.0,0.0,0.0,0.0,96.0,0.0,0.0,0.0,0.0,0.0,0.0,0.0,0.0,0.0,-1.0,0.0,180.56343030371926,0.0,236.32717538203138,25.0,125.0,0.0,78.94736842105263,1.0,43.94736842105265,33.94736842105263,2.0,472.5,0.0,0.0,0.0,0.0,0.0,0.0,0.0,-1.0,0.0,96.0,0.0,1.0,340.0,1.0,0.9791666666666666,0.9791666666666666,0.9791666666666666,0.9791666666666666,0.96875,1.0042763158138066,1.0526315789473684,0.0,0.0,0.0,1.0,0.0,0.0,0.0,0.0,0.010416666666666666,0.020833333333333332,0.45778508771929843,0.0,0.4005263157894737,0.30039473684210527,0.4,0.0,0.0,0.0,125.0,0.0,0.0,0.0,0.0,0.0,0.0,0.0,0.0,0.0,0.0,0.0,0.0,234.10697694587918,1.0,0.0,-100.0,-100.0,234.10697694587918,0.0,0.0,0.0,1.0,0.0,0.0,2.0,125.0,400.0,0.0,0.0,0.0,0.0,0.0,0.0,0.0,0.0,0.0,0.0,0.0,0.0,0.0,0.0,0.0,78.94736842105263,96.0,0.0,0.0,0.0,745.5283226364699,0.0,0.0
DischargeBias+QP,341,194.26543877431638,254.32528456246033,0.6791167658463361,0.6791167658463361,452.744510564224,0.06232711128256924,0.0,0.0,0.0,0.0,0.0,96.0,0.0,0.0,0.0,0.0,0.0,0.0,0.0,0.0,0.0,-1.0,1.6653345369377348e-16,1755.800062704539,242.9553962558561,241.53995673982973,25.0,151.07478844406364,0.0,78.94736842105263,2.0,67.27083801769338,33.94736842105263,3.0,472.5,0.0,0.0,0.0,0.0,0.0,0.0,0.0,-1.0,0.0,96.0,0.0,1.0,341.0,1.0,0.9583333333333334,0.9583333333333334,0.9583333333333334,0.9479166666666666,0.9375,1.009667671890283,1.5306996970320526,0.0,0.0,0.0,1.0,0.0,0.0,0.0,0.0,0.020833333333333332,0.03125,0.7007378960176394,0.0,0.905489021128448,0.6791167658463361,0.5042991537762546,0.0,0.0,0.0,125.0,0.0,0.0,0.0,0.0,0.0,0.0,0.0,0.0,0.0,0.0,0.0,0.0,224.9900384405774,0.8616269577518861,1.6653345369377348e-16,-100.0,-100.0,224.9900384405774,0.0,0.0,0.0,1.0,0.0,0.0,2.0,125.0,400.0,0.0,0.0,0.0,0.0,0.0,0.0,0.0,0.0,0.0,0.0,0.0,0.0,0.0,0.0,0.0,78.94736842105263,96.0,0.0,0.0,0.0,477.953499966989,0.0,0.0
DischargeBias+QP,342,152.20236861581245,200.52291520380894,0.9059537346532128,0.9059537346532128,603.969156435475,0.0,0.0,0.0,0.0,0.0,4.0,92.0,4.0,0.0,186.01470433317755,73.66883957945656,74.65883946807112,47.49367555450455,0.0,0.0,0.0,-1.0,0.0,1672.47125574245,320.69983813337006,215.43740791081368,25.0,224.76250028213707,11.0,87.19175363185774,3.0,110.38741346349985,42.191753631857736,4.0,472.5,0.0,0.0,0.0,0.0,0.0,0.0,0.0,-1.0,0.0,96.0,0.0,1.0,342.0,1.0,0.9479166666666666,0.9479166666666666,0.9479166666666666,0.9375,0.9270833333333334,1.0128968446852664,1.8005602095244053,0.0,1.0,0.041666666666666664,0.9583333333333334,0.041666666666666664,0.0,1.937653170137266,0.0,0.03125,0.041666666666666664,1.1498688902447902,0.0,1.20793831287095,0.9059537346532128,0.7990500011285483,2.75,0.0,0.0,125.0,0.0,0.0,47.49367555450455,0.0,0.0,0.0,0.0,0.041666666666666664,0.0,4.0,0.0,0.0,213.1480246457827,0.8082479223291621,0.0,-100.0,-100.0,213.1480246457827,0.0,0.0,0.0,1.0,0.0,0.0,2.0,125.0,400.0,0.0,0.0,0.0,0.0,0.0,0.0,0.0,0.0,0.0,0.0,4.0,0.0,4.0,47.49367555450455,0.9999994712101712,87.19175363185774,92.0,4.0,0.0,0.0,424.561113517595,47.49367555450455,0.0
DischargeBias+QP,343,128.9083576644744,166.78004227708595,0.9141840007230176,0.9141840007230176,609.4560004820119,0.0,0.0,0.0,0.0,0.0,15.0,81.0,15.0,0.0,1010.0558247431244,124.38297956121657,125.37297938125484,256.22645582391584,0.0,0.0,0.0,-1.0,0.0,1615.1777927435635,551.3889873647117,212.08854193627232,25.0,224.76250004274092,17.0,81.27307686371154,3.0,107.07250198177886,36.27307686371154,4.0,472.5,0.0,0.0,0.0,0.0,0.0,0.0,0.0,-1.0,0.0,96.0,0.0,1.0,343.0,1.0,0.9375,0.9375,0.9375,0.9375,0.9270833333333334,1.0130140079114938,1.9900000012462886,0.0,1.0,0.15625,0.84375,0.15625,0.0,10.521414841074213,85.9586605010411,0.03125,0.041666666666666664,1.1153385623101963,0.0,1.2189120009640237,0.9141840007230176,0.7990500001709637,4.25,0.0,0.0,125.0,0.0,0.0,256.22645582391584,0.0,0.0,0.0,0.0,0.15625,0.0,15.0,0.0,0.0,209.94054254738467,0.6586202523078808,0.0,-100.0,-100.0,209.94054254738467,0.0,0.0,0.0,1.0,0.0,0.0,2.0,125.0,400.0,0.0,0.0,0.0,0.0,0.0,0.0,0.0,0.0,0.0,0.0,15.0,0.0,15.0,256.22645582391584,3.750049133089803,81.27307686371154,81.0,15.0,0.0,0.0,570.2355516898409,256.22645582391584,0.0
DischargeBias+QP,344,282.25952164994834,375.36377832893254,0.30039473684210527,0.30039473684210527,200.26315789473685,0.05654441812343719,0.0,0.0,0.0,0.0,0.0,96.0,0.0,0.0,0.0,0.0,0.0,0.0,0.0,0.0,0.0,-1.0,5.551115123125783e-17,342.7856920886449,0.0,235.9392824287128,25.0,125.0,0.0,78.94736842105263,1.0,43.94736842105265,33.94736842105263,2.0,472.5,0.0,0.0,0.0,0.0,0.0,0.0,0.0,-1.0,0.0,96.0,0.0,1.0,344.0,1.0,0.9791666666666666,0.9791666666666666,0.9791666666666666,0.9791666666666666,0.96875,1.0042763158070234,1.0526315789473684,0.0,0.0,0.0,1.0,0.0,0.0,0.0,0.0,0.010416666666666666,0.020833333333333332,0.45778508771929843,0.0,0.4005263157894737,0.30039473684210527,0.4,0.0,0.0,0.0,125.0,0.0,0.0,0.0,0.0,0.0,0.0,0.0,0.0,0.0,0.0,0.0,0.0,235.9392824287128,1.0,5.551115123125783e-17,-100.0,-100.0,235.9392824287128,0.0,0.0,0.0,1.0,0.0,0.0,2.0,125.0,400.0,0.0,0.0,0.0,0.0,0.0,0.0,0.0,0.0,0.0,0.0,0.0,0.0,0.0,0.0,0.0,78.94736842105263,96.0,0.0,0.0,0.0,704.237692312039,0.0,0.0
DischargeBias+QP,345,300.94042065881104,413.1890061451534,0.30039473684210527,0.30039473684210527,200.26315789473685,0.02590627326620661,0.0,0.0,0.0,0.0,0.0,96.0,0.0,0.0,0.0,0.0,0.0,0.0,0.0,0.0,0.0,-1.0,5.551115123125783e-17,221.55180739988543,0.0,232.16385747807476,25.0,125.0,0.0,78.94736842105263,1.0,43.94736842105265,33.94736842105263,2.0,472.5,0.0,0.0,0.0,0.0,0.0,0.0,0.0,-1.0,0.0,96.0,0.0,1.0,345.0,1.0,0.9791666666666666,0.9791666666666666,0.9791666666666666,0.9791666666666666,0.96875,1.0042763158073909,1.0526315789473684,0.0,0.0,0.0,1.0,0.0,0.0,0.0,0.0,0.010416666666666666,0.020833333333333332,0.45778508771929843,0.0,0.4005263157894737,0.30039473684210527,0.4,0.0,0.0,0.0,125.0,0.0,0.0,0.0,0.0,0.0,0.0,0.0,0.0,0.0,0.0,0.0,0.0,226.62262425617104,1.0,5.551115123125783e-17,-100.0,-100.0,226.62262425617104,0.0,0.0,0.0,1.0,0.0,0.0,2.0,125.0,400.0,0.0,0.0,0.0,0.0,0.0,0.0,0.0,0.0,0.0,0.0,0.0,0.0,0.0,0.0,0.0,78.94736842105263,96.0,0.0,0.0,0.0,774.1605541372663,0.0,0.0
DischargeBias+QP,346,247.82502718845416,346.0125593953737,0.5003402677549691,0.5003402677549691,333.5601785033127,0.03724076557888831,0.0,0.0,0.0,0.0,1.0,95.0,1.0,0.0,6.897617742137763,6.897617742137763,7.887617672828659,1.9719044182071648,0.0,0.0,0.0,-1.0,2.7755575615628914e-16,1069.8179466163513,81.974404465422,235.6524174294877,25.0,125.0,0.0,78.94736842105263,2.0,71.64030427508598,33.94736842105263,3.0,472.5,0.0,0.0,0.0,0.0,0.0,0.0,0.0,-1.0,0.0,96.0,0.0,1.0,346.0,1.0,0.96875,0.96875,0.96875,0.96875,0.9583333333333334,1.0071226713734516,1.5431510891899893,0.0,1.0,0.010416666666666666,0.9895833333333334,0.010416666666666666,0.0,0.07185018481393503,0.0,0.020833333333333332,0.03125,0.7462531695321456,0.0,0.6671203570066254,0.5003402677549691,0.4,0.0,0.0,0.0,125.0,0.0,0.0,1.9719044182071648,0.0,0.0,0.0,0.0,0.010416666666666666,0.0,1.0,0.0,0.0,227.96876004870938,0.9233753698704599,2.7755575615628914e-16,-100.0,-100.0,227.96876004870938,0.0,0.0,0.0,1.0,0.0,0.0,2.0,125.0,400.0,0.0,0.0,0.0,0.0,0.0,0.0,0.0,0.0,0.0,0.0,1.0,0.0,1.0,1.9719044182071648,0.25000116542407014,78.94736842105263,95.0,1.0,0.0,0.0,650.1145950820595,1.9719044182071648,0.0
DischargeBias+QP,347,248.5615880641784,297.8801644647374,0.44745622973964727,0.44745622973964727,298.30415315976484,0.02907168892672502,0.0,0.0,0.0,0.0,0.0,96.0,0.0,0.0,0.0,0.0,0.0,0.0,0.0,0.0,0.0,-1.0,2.7755575615628914e-16,1658.1048656062035,200.29306688362487,231.54672095026382,25.0,125.0,0.0,78.94736842105263,1.0,43.94736842105265,33.94736842105263,2.0,472.5,0.0,0.0,0.0,0.0,0.0,0.0,0.0,-1.0,0.0,96.0,0.0,1.0,347.0,1.0,0.9791666666666666,0.9791666666666666,0.9791666666666666,0.9791666666666666,0.96875,1.006369832459112,1.342845554501867,0.0,0.0,0.0,1.0,0.0,0.0,0.0,0.0,0.010416666666666666,0.020833333333333332,0.45778508771929843,0.0,0.5966083063195297,0.44745622973964727,0.4,0.0,0.0,0.0,125.0,0.0,0.0,0.0,0.0,0.0,0.0,0.0,0.0,0.0,0.0,0.0,0.0,222.8601354419069,0.8792036191206775,2.7755575615628914e-16,-100.0,-100.0,222.8601354419069,0.0,0.0,0.0,1.0,0.0,0.0,2.0,125.0,400.0,0.0,0.0,0.0,0.0,0.0,0.0,0.0,0.0,0.0,0.0,0.0,0.0,0.0,0.0,0.0,78.94736842105263,96.0,0.0,0.0,0.0,561.5169827616113,0.0,0.0
DischargeBias+QP,348,229.66604075917257,333.4030565546011,0.36422697319338526,0.36422697319338526,242.81798212892355,0.0630523552893004,0.0,0.0,0.0,0.0,0.0,96.0,0.0,0.0,0.0,0.0,0.0,0.0,0.0,0.0,0.0,-1.0,1.6653345369377348e-16,1228.601247154842,76.38328478017566,234.78074041031294,25.0,125.0,0.0,78.94736842105263,1.0,43.94736842105265,33.94736842105263,2.0,472.5,0.0,0.0,0.0,0.0,0.0,0.0,0.0,-1.0,0.0,96.0,0.0,1.0,348.0,1.0,0.9791666666666666,0.9791666666666666,0.9791666666666666,0.9791666666666666,0.96875,1.005185009489342,1.313542376756336,0.0,0.0,0.0,1.0,0.0,0.0,0.0,0.0,0.010416666666666666,0.020833333333333332,0.45778508771929843,0.0,0.4856359642578471,0.36422697319338526,0.4,0.0,0.0,0.0,125.0,0.0,0.0,0.0,0.0,0.0,0.0,0.0,0.0,0.0,0.0,0.0,0.0,232.98744918406703,0.9378290678468203,1.6653345369377348e-16,-100.0,-100.0,232.98744918406703,0.0,0.0,0.0,1.0,0.0,0.0,2.0,125.0,400.0,0.0,0.0,0.0,0.0,0.0,0.0,0.0,0.0,0.0,0.0,0.0,0.0,0.0,0.0,0.0,78.94736842105263,96.0,0.0,0.0,0.0,623.519385202682,0.0,0.0
DischargeBias+QP,349,167.41272328484902,244.31199537851393,0.6903935552987469,0.6903935552987469,460.26237019916465,0.0,0.0,0.0,0.0,0.0,1.0,95.0,1.0,0.0,2.136210494652413,2.136210494652413,3.1262136814223407,0.7815534203555852,0.0,0.0,0.0,-1.0,0.0,1549.6277768157106,279.4754396251202,211.84635962927229,25.0,154.6553991813779,0.0,78.94736842105263,2.0,47.12942255054114,33.94736842105263,3.0,472.5,0.0,0.0,0.0,0.0,0.0,0.0,0.0,-1.0,0.0,96.0,0.0,1.0,349.0,1.0,0.9791666666666666,0.9791666666666666,0.9791666666666666,0.96875,0.9479166666666666,1.009828204373729,1.455455040986307,0.0,1.0,0.010416666666666666,0.9895833333333334,0.010416666666666666,0.0,0.022252192652629302,0.0,0.020833333333333332,0.03125,0.49093148490147026,0.0,0.9205247403983293,0.6903935552987469,0.5186215967255116,0.0,0.0,0.0,125.0,0.0,0.0,0.7815534203555852,0.0,0.0,0.0,0.0,0.010416666666666666,0.0,1.0,0.0,0.0,208.47020443057872,0.8196499547785553,0.0,-100.0,-100.0,208.47020443057872,0.0,0.0,0.0,1.0,0.0,0.0,2.0,125.0,400.0,0.0,0.0,0.0,0.0,0.0,0.0,0.0,0.0,0.0,0.0,1.0,0.0,1.0,0.7815534203555852,0.2500007966924809,78.94736842105263,95.0,1.0,0.0,0.0,457.9748109854644,0.7815534203555852,0.0
DischargeBias+QP,350,141.5784304861322,211.1997061399042,0.8488245009303289,0.8488245009303289,565.8830006202193,0.0,0.0,0.0,0.0,0.0,1.0,95.0,1.0,0.0,1.443070420317849,1.443070420317849,2.4330628677310653,0.6082657169327663,0.0,0.0,0.0,-1.0,0.0,1161.0506561200398,310.9948534137675,216.15010937943958,25.0,199.74819511038916,0.0,78.94736842105263,2.0,63.56223229000755,33.94736842105263,3.0,472.5,0.0,0.0,0.0,0.0,0.0,0.0,0.0,-1.0,0.0,96.0,0.0,1.0,350.0,1.0,0.9791666666666666,0.9791666666666666,0.9791666666666666,0.9791666666666666,0.96875,1.012083572632064,1.8641182799531064,0.0,1.0,0.010416666666666666,0.9895833333333334,0.010416666666666666,0.0,0.015031983544977595,0.0,0.020833333333333332,0.03125,0.6621065863542454,0.0,1.1317660012404385,0.8488245009303289,0.6989927804415567,0.0,0.0,0.0,125.0,0.0,0.0,0.6082657169327663,0.0,0.0,0.0,0.0,0.010416666666666666,0.0,1.0,0.0,0.0,213.0434627308801,0.7321435961691459,0.0,-100.0,-100.0,213.0434627308801,0.0,0.0,0.0,1.0,0.0,0.0,2.0,125.0,400.0,0.0,0.0,0.0,0.0,0.0,0.0,0.0,0.0,0.0,0.0,1.0,0.0,1.0,0.6082657169327663,0.24999811185330328,78.94736842105263,95.0,1.0,0.0,0.0,395.774404318304,0.6082657169327663,0.0
DischargeBias+QP,351,217.77809124510216,337.8295221061822,0.38177918780728193,0.38177918780728193,254.519458538188,0.0037231596950622814,0.0,0.0,0.0,0.0,0.0,96.0,0.0,0.0,0.0,0.0,0.0,0.0,0.0,0.0,0.0,-1.0,0.0,1581.5572176009157,141.39772678569113,225.69503621107674,25.0,125.0,0.0,78.94736842105263,1.0,43.94736842105265,33.94736842105263,2.0,472.5,0.0,0.0,0.0,0.0,0.0,0.0,0.0,-1.0,0.0,96.0,0.0,1.0,351.0,1.0,0.9791666666666666,0.9791666666666666,0.9791666666666666,0.9791666666666666,0.96875,1.0054348767610646,1.2449421516446195,0.0,0.0,0.0,1.0,0.0,0.0,0.0,0.0,0.010416666666666666,0.020833333333333332,0.45778508771929843,0.0,0.5090389170763759,0.38177918780728193,0.4,0.0,0.0,0.0,125.0,0.0,0.0,0.0,0.0,0.0,0.0,0.0,0.0,0.0,0.0,0.0,0.0,215.60760933872623,0.9105958828349068,0.0,-100.0,-100.0,215.60760933872623,0.0,0.0,0.0,1.0,0.0,0.0,2.0,125.0,400.0,0.0,0.0,0.0,0.0,0.0,0.0,0.0,0.0,0.0,0.0,0.0,0.0,0.0,0.0,0.0,78.94736842105263,96.0,0.0,0.0,0.0,630.2564512631409,0.0,0.0
DischargeBias+QP,352,227.8611730845552,352.8243268912968,0.3393758003966581,0.3393758003966581,226.25053359777206,0.027799824789688964,0.0,0.0,0.0,0.0,0.0,96.0,0.0,0.0,0.0,0.0,0.0,0.0,0.0,0.0,0.0,-1.0,1.1102230246251565e-16,1271.085990805553,55.11136620259115,232.74446475683223,25.0,125.0,0.0,78.94736842105263,1.0,43.94736842105265,33.94736842105263,2.0,472.5,0.0,0.0,0.0,0.0,0.0,0.0,0.0,-1.0,0.0,96.0,0.0,1.0,352.0,1.0,0.9791666666666666,0.9791666666666666,0.9791666666666666,0.9791666666666666,0.96875,1.0048312367722654,1.2112536794720212,0.0,0.0,0.0,1.0,0.0,0.0,0.0,0.0,0.010416666666666666,0.020833333333333332,0.45778508771929843,0.0,0.4525010671955441,0.3393758003966581,0.4,0.0,0.0,0.0,125.0,0.0,0.0,0.0,0.0,0.0,0.0,0.0,0.0,0.0,0.0,0.0,0.0,222.28807157370642,0.9566422991038834,1.1102230246251565e-16,-100.0,-100.0,222.28807157370642,0.0,0.0,0.0,1.0,0.0,0.0,2.0,125.0,400.0,0.0,0.0,0.0,0.0,0.0,0.0,0.0,0.0,0.0,0.0,0.0,0.0,0.0,0.0,0.0,78.94736842105263,96.0,0.0,0.0,0.0,658.2370813379765,0.0,0.0
DischargeBias+QP,353,238.39171278151395,374.1512887389734,0.30039473684210527,0.30039473684210527,200.26315789473685,0.05568345911906376,0.0,0.0,0.0,0.0,0.0,96.0,0.0,0.0,0.0,0.0,0.0,0.0,0.0,0.0,0.0,-1.0,0.0,1020.0741202476165,5.5385385320903,236.8021230125174,25.0,125.0,0.0,78.94736842105263,1.0,43.94736842105265,33.94736842105263,2.0,472.5,0.0,0.0,0.0,0.0,0.0,0.0,0.0,-1.0,0.0,96.0,0.0,1.0,353.0,1.0,0.9791666666666666,0.9791666666666666,0.9791666666666666,0.9791666666666666,0.96875,1.0042763158073293,1.0526315789473684,0.0,0.0,0.0,1.0,0.0,0.0,0.0,0.0,0.010416666666666666,0.020833333333333332,0.45778508771929843,0.0,0.4005263157894737,0.30039473684210527,0.4,0.0,0.0,0.0,125.0,0.0,0.0,0.0,0.0,0.0,0.0,0.0,0.0,0.0,0.0,0.0,0.0,226.9654823425068,0.9945704548109251,0.0,-100.0,-100.0,226.9654823425068,0.0,0.0,0.0,1.0,0.0,0.0,2.0,125.0,400.0,0.0,0.0,0.0,0.0,0.0,0.0,0.0,0.0,0.0,0.0,0.0,0.0,0.0,0.0,0.0,78.94736842105263,96.0,0.0,0.0,0.0,697.6675692042644,0.0,0.0
DischargeBias+QP,354,273.2442411001344,422.6064939083036,0.30039473684210527,0.30039473684210527,200.26315789473685,0.06384571573556454,0.0,0.0,0.0,0.0,0.0,96.0,0.0,0.0,0.0,0.0,0.0,0.0,0.0,0.0,0.0,-1.0,0.0,493.65249096851795,0.0,239.00249515732867,25.0,125.0,0.0,78.94736842105263,1.0,43.94736842105265,33.94736842105263,2.0,472.5,0.0,0.0,0.0,0.0,0.0,0.0,0.0,-1.0,0.0,96.0,0.0,1.0,354.0,1.0,0.9791666666666666,0.9791666666666666,0.9791666666666666,0.9791666666666666,0.96875,1.0042763158138317,1.0526315789473684,0.0,0.0,0.0,1.0,0.0,0.0,0.0,0.0,0.010416666666666666,0.020833333333333332,0.45778508771929843,0.0,0.4005263157894737,0.30039473684210527,0.4,0.0,0.0,0.0,125.0,0.0,0.0,0.0,0.0,0.0,0.0,0.0,0.0,0.0,0.0,0.0,0.0,230.23815025922448,1.0,0.0,-100.0,-100.0,230.23815025922448,0.0,0.0,0.0,1.0,0.0,0.0,2.0,125.0,400.0,0.0,0.0,0.0,0.0,0.0,0.0,0.0,0.0,0.0,0.0,0.0,0.0,0.0,0.0,0.0,78.94736842105263,96.0,0.0,0.0,0.0,788.3803535975378,0.0,0.0
DischargeBias+QP,355,196.03711243467873,298.53804793758593,0.6897378772754832,0.6897378772754832,459.8252515169889,0.04306334290756332,0.0,0.0,0.0,0.0,1.0,95.0,1.0,0.0,5.008162732036303,5.008162732036303,5.998162665079574,1.4995406662698936,0.0,0.0,0.0,-1.0,0.0,1809.5229109295833,241.3829528513665,232.55159602968678,25.0,145.56445113190563,0.0,78.94736842105263,2.0,58.34332308636899,33.94736842105263,3.0,472.5,0.0,0.0,0.0,0.0,0.0,0.0,0.0,-1.0,0.0,96.0,0.0,1.0,355.0,1.0,0.9583333333333334,0.9583333333333334,0.9583333333333334,0.9583333333333334,0.9479166666666666,1.0098188703686233,1.5344460583282333,0.0,1.0,0.010416666666666666,0.9895833333333334,0.010416666666666666,0.0,0.05216836179204482,0.0,0.020833333333333332,0.03125,0.6077429488163436,0.0,0.9196505030339778,0.6897378772754832,0.4822578045276225,0.0,0.0,0.0,125.0,0.0,0.0,1.4995406662698936,0.0,0.0,0.0,0.0,0.010416666666666666,0.0,1.0,0.0,0.0,232.55159602968678,0.8666040913914906,0.0,-100.0,-100.0,232.55159602968678,0.0,0.0,0.0,1.0,0.0,0.0,2.0,125.0,400.0,0.0,0.0,0.0,0.0,0.0,0.0,0.0,0.0,0.0,0.0,1.0,0.0,1.0,1.4995406662698936,0.25006043195917904,78.94736842105263,95.0,1.0,0.0,0.0,559.2045394175756,1.4995406662698936,0.0
DischargeBias+QP,356,151.20999688399735,227.77966172197682,0.9038344896355026,0.9038344896355026,602.5563264236687,0.00020984687469568385,0.0,0.0,0.0,0.0,10.0,86.0,10.0,0.0,398.12861546525573,65.19380187576806,66.18380177588153,102.00715335762294,0.0,0.0,0.0,-1.0,1.6653345369377348e-16,1720.7467719177735,381.0557236346548,221.54862842429102,25.0,224.76250023545663,14.0,78.94736842105263,3.0,84.96744668171246,33.94736842105263,4.0,472.5,0.0,0.0,0.0,0.0,0.0,0.0,0.0,-1.0,0.0,96.0,0.0,1.0,356.0,1.0,0.9270833333333334,0.9270833333333334,0.9270833333333334,0.9270833333333334,0.9166666666666666,1.012866675851563,1.9327611439998928,0.0,1.0,0.10416666666666667,0.8958333333333334,0.10416666666666667,0.0,4.147173077763081,41.336684394661006,0.03125,0.041666666666666664,0.8850775696011715,0.0,1.2051126528473373,0.9038344896355026,0.7990500009418265,3.5,0.0,0.0,125.0,0.0,0.0,102.00715335762294,0.0,0.0,0.0,0.0,0.10416666666666667,0.0,10.0,0.0,0.0,217.49105272079413,0.77855212059473,1.6653345369377348e-16,-100.0,-100.0,217.49105272079413,0.0,0.0,0.0,1.0,0.0,0.0,2.0,125.0,400.0,0.0,0.0,0.0,0.0,0.0,0.0,0.0,0.0,0.0,0.0,10.0,0.0,10.0,102.00715335762294,2.500132355267427,78.94736842105263,86.0,10.0,0.0,0.0,528.0355884820909,102.00715335762294,0.0
DischargeBias+QP,357,127.59330623976824,190.37971139703347,0.9060445382577709,0.9060445382577709,604.0296921718473,0.0,0.0,0.0,0.0,0.0,18.0,78.0,18.0,0.0,1192.5489095098353,124.04723878532933,125.03723860581611,302.5922265295895,0.0,0.0,0.0,-1.0,2.220446049250313e-16,1714.0097175703415,624.751806507461,216.12692538421672,25.0,224.76250016295185,18.0,90.57343726940486,3.0,113.5804406949566,45.57343726940486,4.0,472.5,0.0,0.0,0.0,0.0,0.0,0.0,0.0,-1.0,0.0,96.0,0.0,1.0,357.0,1.0,0.9375,0.9375,0.9375,0.9375,0.9166666666666666,1.0128981373407802,1.9899980987326689,0.0,1.0,0.1875,0.8125,0.1875,0.0,12.422384474060783,97.192818928583,0.03125,0.041666666666666664,1.1831295905724646,0.0,1.2080593843436946,0.9060445382577709,0.7990500006518074,4.5,0.0,0.0,125.0,0.0,0.0,302.5922265295895,0.0,0.0,0.0,0.0,0.1875,0.0,18.0,0.0,0.0,207.48686268044975,0.6355027628471881,2.220446049250313e-16,-100.0,-100.0,207.48686268044975,0.0,0.0,0.0,1.0,0.0,0.0,2.0,125.0,400.0,0.0,0.0,0.0,0.0,0.0,0.0,0.0,0.0,0.0,0.0,18.0,0.0,18.0,302.5922265295895,4.50017018737633,90.57343726940486,78.0,18.0,0.0,0.0,658.9410822064846,302.5922265295895,0.0
DischargeBias+QP,358,201.56887765637435,307.6341696476385,0.4695730640909513,0.4695730640909513,313.0487093939675,0.020252140574290044,0.0,0.0,0.0,0.0,1.0,95.0,1.0,0.0,2.399286669919587,2.399286669919587,3.3892881247607587,0.8473220311901897,0.0,0.0,0.0,-1.0,0.0,1669.3607482035866,190.0139435239696,228.92400579367086,25.0,125.0,0.0,78.94736842105263,2.0,51.242328330995704,33.94736842105263,3.0,472.5,0.0,0.0,0.0,0.0,0.0,0.0,0.0,-1.0,0.0,96.0,0.0,1.0,358.0,1.0,0.9791666666666666,0.9791666666666666,0.9791666666666666,0.9791666666666666,0.96875,1.0066846800870375,1.4148752463546506,0.0,1.0,0.010416666666666666,0.9895833333333334,0.010416666666666666,0.0,0.024992569478329032,0.0,0.020833333333333332,0.03125,0.5337742534478719,0.0,0.626097418787935,0.4695730640909513,0.4,0.0,0.0,0.0,125.0,0.0,0.0,0.8473220311901897,0.0,0.0,0.0,0.0,0.010416666666666666,0.0,1.0,0.0,0.0,227.88867935604944,0.8861756251736209,0.0,-100.0,-100.0,227.88867935604944,0.0,0.0,0.0,1.0,0.0,0.0,2.0,125.0,400.0,0.0,0.0,0.0,0.0,0.0,0.0,0.0,0.0,0.0,0.0,1.0,0.0,1.0,0.8473220311901897,0.25006751220082,78.94736842105263,95.0,1.0,0.0,0.0,575.2355403672422,0.8473220311901897,0.0
DischargeBias+QP,359,263.4748496080295,387.7312539350607,0.30039473684210527,0.30039473684210527,200.26315789473685,0.055135618114718135,0.0,0.0,0.0,0.0,0.0,96.0,0.0,0.0,0.0,0.0,0.0,0.0,0.0,0.0,0.0,-1.0,3.885780586188048e-16,655.2506881156722,0.0,234.61539350981116,25.0,125.0,0.0,78.94736842105263,1.0,43.94736842105265,33.94736842105263,2.0,472.5,0.0,0.0,0.0,0.0,0.0,0.0,0.0,-1.0,0.0,96.0,0.0,1.0,359.0,1.0,0.9791666666666666,0.9791666666666666,0.9791666666666666,0.9791666666666666,0.96875,1.0042763158137962,1.0526315789473684,0.0,0.0,0.0,1.0,0.0,0.0,0.0,0.0,0.010416666666666666,0.020833333333333332,0.45778508771929843,0.0,0.4005263157894737,0.30039473684210527,0.4,0.0,0.0,0.0,125.0,0.0,0.0,0.0,0.0,0.0,0.0,0.0,0.0,0.0,0.0,0.0,0.0,229.66379909582864,1.0,3.885780586188048e-16,-100.0,-100.0,229.66379909582864,0.0,0.0,0.0,1.0,0.0,0.0,2.0,125.0,400.0,0.0,0.0,0.0,0.0,0.0,0.0,0.0,0.0,0.0,0.0,0.0,0.0,0.0,0.0,0.0,78.94736842105263,96.0,0.0,0.0,0.0,724.6192723988693,0.0,0.0
DischargeBias+QP,360,229.00215393796108,342.71810503309484,0.30039473684210527,0.30039473684210527,200.26315789473685,0.0554167212551384,0.0,0.0,0.0,0.0,0.0,96.0,0.0,0.0,0.0,0.0,0.0,0.0,0.0,0.0,0.0,-1.0,0.0,1140.6664045800908,13.55173284097853,234.72661863454533,25.0,125.0,0.0,78.94736842105263,1.0,43.94736842105265,33.94736842105263,2.0,472.5,0.0,0.0,0.0,0.0,0.0,0.0,0.0,-1.0,0.0,96.0,0.0,1.0,360.0,1.0,0.9791666666666666,0.9791666666666666,0.9791666666666666,0.9791666666666666,0.96875,1.0042763158067163,1.0526315789473684,0.0,0.0,0.0,1.0,0.0,0.0,0.0,0.0,0.010416666666666666,0.020833333333333332,0.45778508771929843,0.0,0.4005263157894737,0.30039473684210527,0.4,0.0,0.0,0.0,125.0,0.0,0.0,0.0,0.0,0.0,0.0,0.0,0.0,0.0,0.0,0.0,0.0,234.72661863454533,0.9881194600046389,0.0,-100.0,-100.0,234.72661863454533,0.0,0.0,0.0,1.0,0.0,0.0,2.0,125.0,400.0,0.0,0.0,0.0,0.0,0.0,0.0,0.0,0.0,0.0,0.0,0.0,0.0,0.0,0.0,0.0,78.94736842105263,96.0,0.0,0.0,0.0,640.1486159114644,0.0,0.0
DischargeBias+QP,361,227.58869757594417,347.29811951026426,0.30039473684210527,0.30039473684210527,200.26315789473685,0.05888210187396478,0.0,0.0,0.0,0.0,0.0,96.0,0.0,0.0,0.0,0.0,0.0,0.0,0.0,0.0,0.0,-1.0,0.0,1179.036906832507,15.642491129008704,234.79733254939904,25.0,125.0,0.0,78.94736842105263,1.0,43.94736842105265,33.94736842105263,2.0,472.5,0.0,0.0,0.0,0.0,0.0,0.0,0.0,-1.0,0.0,96.0,0.0,1.0,361.0,1.0,0.9791666666666666,0.9791666666666666,0.9791666666666666,0.9791666666666666,0.96875,1.0042763158066992,1.0526315789473684,0.0,0.0,0.0,1.0,0.0,0.0,0.0,0.0,0.010416666666666666,0.020833333333333332,0.45778508771929843,0.0,0.4005263157894737,0.30039473684210527,0.4,0.0,0.0,0.0,125.0,0.0,0.0,0.0,0.0,0.0,0.0,0.0,0.0,0.0,0.0,0.0,0.0,234.79733254939904,0.9867328231725736,0.0,-100.0,-100.0,234.79733254939904,0.0,0.0,0.0,1.0,0.0,0.0,2.0,125.0,400.0,0.0,0.0,0.0,0.0,0.0,0.0,0.0,0.0,0.0,0.0,0.0,0.0,0.0,0.0,0.0,78.94736842105263,96.0,0.0,0.0,0.0,648.2547617147865,0.0,0.0
DischargeBias+QP,362,214.04026593728076,305.92979028106043,0.4144618017704507,0.4144618017704507,276.30786784696716,0.057088698660281274,0.0,0.0,0.0,0.0,1.0,95.0,1.0,0.0,5.97320844398071,5.97320844398071,6.963191765427629,1.7407979413569072,0.0,0.0,0.0,-1.0,1.1102230246251565e-16,1618.522935305905,169.23728332182915,238.2406940599945,25.0,125.0,0.0,78.94736842105263,1.0,43.94736842105265,33.94736842105263,2.0,472.5,0.0,0.0,0.0,0.0,0.0,0.0,0.0,-1.0,0.0,96.0,0.0,1.0,362.0,1.0,0.9791666666666666,0.9791666666666666,0.9791666666666666,0.9791666666666666,0.96875,1.0059001351716341,1.3570288123316485,0.0,1.0,0.010416666666666666,0.9895833333333334,0.010416666666666666,0.0,0.062220921291465725,0.0,0.010416666666666666,0.020833333333333332,0.45778508771929843,0.0,0.5526157356939343,0.4144618017704507,0.4,0.0,0.0,0.0,125.0,0.0,0.0,1.7407979413569072,0.0,0.0,0.0,0.0,0.010416666666666666,0.0,1.0,0.0,0.0,228.56153405170278,0.8954372041136118,1.1102230246251565e-16,-100.0,-100.0,228.56153405170278,0.0,0.0,0.0,1.0,0.0,0.0,2.0,125.0,400.0,0.0,0.0,0.0,0.0,0.0,0.0,0.0,0.0,0.0,0.0,1.0,0.0,1.0,1.7407979413569072,0.25007412613722835,78.94736842105263,95.0,1.0,0.0,0.0,574.2899975414244,1.7407979413569072,0.0
DischargeBias+QP,363,254.32460004861116,337.3789302548919,0.30039473684210527,0.30039473684210527,200.26315789473685,0.0,0.0,0.0,0.0,0.0,0.0,96.0,0.0,0.0,0.0,0.0,0.0,0.0,0.0,0.0,0.0,-1.0,3.3306690738754696e-16,149.6214340678145,0.0,214.03357449637767,25.0,125.0,0.0,78.94736842105263,1.0,43.94736842105265,33.94736842105263,2.0,472.5,0.0,0.0,0.0,0.0,0.0,0.0,0.0,-1.0,0.0,96.0,0.0,1.0,363.0,1.0,0.9791666666666666,0.9791666666666666,0.9791666666666666,0.9791666666666666,0.96875,1.004276315813826,1.0526315789473684,0.0,0.0,0.0,1.0,0.0,0.0,0.0,0.0,0.010416666666666666,0.020833333333333332,0.45778508771929843,0.0,0.4005263157894737,0.30039473684210527,0.4,0.0,0.0,0.0,125.0,0.0,0.0,0.0,0.0,0.0,0.0,0.0,0.0,0.0,0.0,0.0,0.0,212.5528015186326,1.0,3.3306690738754696e-16,-100.0,-100.0,212.5528015186326,0.0,0.0,0.0,1.0,0.0,0.0,2.0,125.0,400.0,0.0,0.0,0.0,0.0,0.0,0.0,0.0,0.0,0.0,0.0,0.0,0.0,0.0,0.0,0.0,78.94736842105263,96.0,0.0,0.0,0.0,633.0149292005083,0.0,0.0
DischargeBias+QP,364,138.02137718557753,175.98841192473554,0.907894465734122,0.907894465734122,605.2629771560814,0.0,0.0,0.0,0.0,0.0,6.0,90.0,6.0,0.0,249.17604368368188,86.91043864855358,87.90043851949932,63.779009891652244,0.0,0.0,0.0,-1.0,5.551115123125783e-17,1343.7384359031307,363.78873824745085,206.9904298424011,25.0,224.76250003340303,10.0,78.94736842105263,3.0,53.94736842105265,33.94736842105263,4.0,472.5,0.0,0.0,0.0,0.0,0.0,0.0,0.0,-1.0,0.0,96.0,0.0,1.0,364.0,1.0,0.9375,0.9375,0.9375,0.9375,0.9270833333333334,1.0129244722698412,1.9527160388768663,0.0,1.0,0.0625,0.9375,0.0625,0.0,2.595583788371686,5.75635264911544,0.03125,0.041666666666666664,0.5619517543859651,0.0,1.210525954312163,0.907894465734122,0.7990500001336122,2.5,0.0,0.0,125.0,0.0,0.0,63.779009891652244,0.0,0.0,0.0,0.0,0.0625,0.0,6.0,0.0,0.0,201.71434734680759,0.7292711672692853,5.551115123125783e-17,-100.0,-100.0,201.71434734680759,0.0,0.0,0.0,1.0,0.0,0.0,2.0,125.0,400.0,0.0,0.0,0.0,0.0,0.0,0.0,0.0,0.0,0.0,0.0,6.0,0.0,6.0,63.779009891652244,1.5000462910813415,78.94736842105263,90.0,6.0,0.0,0.0,395.2681835404682,63.779009891652244,0.0
