cost,carbon,degradation,estimated_degradation_cost,bess_throughput_kwh,peak_cost,comfort_cost,grid_violation,grid_import_violation,grid_export_violation,grid_violation_steps,hard_feasible_steps,physical_infeasible_steps,preventable_violation_steps,minimum_required_slack_kw_sum,minimum_required_slack_kw_max,grid_max_exceedance_kw,grid_excess_energy_kwh,soc_violation,soc_violation_steps,soc_violation_max_kwh,first_soc_violation_step,ev_violation,pv,pv_curtail,peak,soc_min_seen,soc_max_seen,high_soc_steps,max_ramp_kw,ramp_conflict_steps,ramp_slack_kw_sum,ramp_slack_kw_max,ramp_violation_steps,lighting_energy_kwh,lighting_min_fraction_steps,lighting_below_full_steps,terminal_target_conflict_steps,terminal_soc_error_kwh,proxy_voltage_dev_max,proxy_voltage_abs_sum,proxy_voltage_exceed_40_steps,first_proxy_voltage_exceed_40_step,proxy_actuator_error_kw,steps,terminal_roundoff_repair_steps,terminal_ramp_relaxation_steps,day,ev_completion,projection_trigger_rate,trigger_rate_tol_0_001,trigger_rate_tol_0_01,trigger_rate_tol_0_05,trigger_rate_tol_0_10,mean_action_correction,p95_action_correction,soc_violation_rate,grid_violation_rate,grid_violation_step_rate,hard_feasible_step_rate,physical_infeasible_step_rate,preventable_violation_step_rate,minimum_required_slack_kw_mean,minimum_required_slack_kw_p95,ramp_conflict_rate,ramp_violation_step_rate,ramp_slack_kw_mean,ramp_slack_kw_p95,equivalent_full_cycles_per_day,estimated_degradation_cost_per_day,soc_swing,high_soc_residence_hours,lighting_min_fraction_rate,lighting_below_full_rate,terminal_soc_kwh,terminal_target_conflict_rate,grid_import_violation_kwh,grid_export_violation_kwh,proxy_voltage_dev_mean,proxy_voltage_exceed_40_rate,proxy_actuator_error_kw_mean,soc_violation_duration_hours,projection_saturation_rate,qp_solver_failures,qp_hard_failures,qp_phase1_failures,qp_phase2_failures,last_grid_import,pv_self_use,final_ev_remaining,p,p_command,grid_import,grid_export,qp_slack_plus,qp_slack_minus,hard_feasible,physical_infeasible,minimum_required_slack_kw,correction,soc,proxy_voltage,tracked_p_end_kw,tracked_ev_end_kw,tracked_light_end_kw,lag_retention,lag_substep_retention,terminal_roundoff_repair,terminal_ramp_relaxation,terminal_physical_gap_kw,terminal_ramp_gap_kw,terminal_target_conflict_step,endpoint_infeasible_steps,feasible_state_violation_steps,grid_steps,grid_energy,extra_excess_energy_kwh,max_actual_ramp,hard_qp_solution,phase2_solution,phase1_fallback,heuristic_fallback,task_score,controller,seed,split_day,split,mpc_fallbacks,mpc_time_limit_incumbents,runtime_mean_ms,runtime_p95_ms
150.49618792374926,261.55587323922737,0.3239582051617238,0.3239582051617238,215.97213677448252,0.0,0.0,0.0,0.0,0.0,21.0,75.0,21.0,0.0,1160.4294814121522,132.15206113002756,132.14206113002757,290.054870353038,0.0,0.0,0.0,-1.0,0.0,1914.7967819924963,528.8730245809198,175.83614429228524,124.99999995102269,225.0,55.0,90.6489156331083,1.0,80.6489151021623,45.64891563310831,2.0,472.5,0.0,0.0,0.0,0.0,0.0,0.0,0.0,-1.0,0.0,96.0,0.0,1.0,300.0,1.0,0.96875,0.96875,0.96875,0.96875,0.96875,1.168224214437675,1.6401219466856727,0.0,1.0,0.21875,0.78125,0.21875,0.0,12.08780709804325,65.19734405198007,0.010416666666666666,0.020833333333333332,0.8400928656475241,0.0,0.43194427354896503,0.3239582051617238,0.40000000019590926,13.75,0.0,0.0,125.0,0.0,0.0,290.054870353038,0.0,0.0,0.0,0.0,0.21875,0.0,21.0,0.0,0.0,20.70151077609718,0.7237967863980919,0.0,99.99999998577502,99.99999998577502,20.70151077609718,0.0,0.0,0.0,1.0,0.0,0.0,1.9209372711558024,125.0,400.0,0.0,0.0,0.0,0.0,0.0,0.0,0.0,0.0,0.0,0.0,21.0,0.0,21.0,290.054870353038,3.552713678800501e-15,90.6489156331083,75.0,21.0,0.0,0.0,776.2290191811834,Rule+QP,0,300,test,0,0,3.6528291666400037,6.93324999701872
132.67756529274465,231.8490061805558,0.39382946170613375,0.39382946170613375,262.5529744707558,0.0,0.0,0.0,0.0,0.0,24.0,72.0,24.0,0.0,1942.4479330394045,144.83097244716316,144.82097244716317,485.55178380841073,0.0,0.0,0.0,-1.0,3.3306690738754696e-16,1927.5731092207898,768.3360374304077,160.64997948441595,124.99999994627598,225.0,56.0,79.99999950758287,0.0,34.99999950758287,34.99999950758287,1.0,472.5,0.0,0.0,0.0,0.0,0.0,0.0,0.0,-1.0,0.0,96.0,0.0,1.0,301.0,1.0,0.9791666666666666,0.9791666666666666,0.9791666666666666,0.9791666666666666,0.9791666666666666,1.1752494894144452,1.6401219466856727,0.0,1.0,0.25,0.75,0.25,0.0,20.233832635827124,120.05613076281392,0.0,0.010416666666666666,0.36458332820398826,0.0,0.5251059489415116,0.39382946170613375,0.40000000021489607,14.0,0.0,0.0,125.0,0.0,0.0,485.55178380841073,0.0,0.0,0.0,0.0,0.25,0.0,24.0,0.0,0.0,13.574976199470612,0.6013972005757006,3.3306690738754696e-16,99.99999998575731,99.99999998575731,13.574976199470612,0.0,0.0,0.0,1.0,0.0,0.0,1.6401219465988335,125.0,400.0,0.0,0.0,0.0,0.0,0.0,0.0,0.0,0.0,0.0,0.0,24.0,0.0,24.0,485.55178380841073,5.120248367518343e-07,79.99999950758287,72.0,24.0,0.0,0.0,916.5415809243916,Rule+QP,0,301,test,0,0,3.3722104162734468,6.937199999811128
184.38292638048887,307.7685172986693,0.410506806815862,0.410506806815862,273.671204543908,0.0,0.0,0.0,0.0,0.0,5.0,91.0,5.0,0.0,62.647284728291424,28.813454165409375,28.803459014942224,15.649179500541663,0.0,0.0,0.0,-1.0,0.0,1895.2844949616815,157.08091946449363,209.95744618244208,118.82231789274849,225.0,46.0,79.99999950750463,0.0,34.999999507504626,34.999999507504626,1.0,472.5,0.0,0.0,0.0,0.0,0.0,0.0,0.0,-1.0,0.0,96.0,0.0,1.0,302.0,1.0,0.96875,0.96875,0.96875,0.96875,0.96875,1.2039981304745229,1.6401219466856727,0.0,1.0,0.052083333333333336,0.9479166666666666,0.052083333333333336,0.0,0.652575882586369,0.7616930680456407,0.0,0.010416666666666666,0.3645833282031732,0.0,0.5473424090878161,0.410506806815862,0.42471072842900603,11.5,0.0,0.0,125.0,0.0,0.0,15.649179500541663,0.0,0.0,0.0,0.0,0.052083333333333336,0.0,5.0,0.0,0.0,24.498390630383142,0.917120136907114,0.0,99.9999999857749,99.9999999857749,24.498390630383142,0.0,0.0,0.0,1.0,0.0,0.0,1.6401219465989405,125.0,400.0,0.0,0.0,0.0,0.0,0.0,0.0,0.0,0.0,0.0,0.0,5.0,0.0,5.0,15.649179500541663,7.47594649119776e-06,79.99999950750463,91.0,5.0,0.0,0.0,588.4813100830114,Rule+QP,0,302,test,0,0,2.66366458322409,4.120525003600051
197.65714846876782,314.03587522050054,0.46157228788677196,0.46157228788677196,307.7148585911813,0.0,0.0,0.0,0.0,0.0,1.0,95.0,1.0,0.0,16.795469566690464,16.795469566690464,16.785401272695314,4.196350318173828,0.0,0.0,0.0,-1.0,0.0,1712.3919674051144,98.24196172818023,201.63155446510453,104.89021796430067,225.0,47.0,79.99999954607998,0.0,34.99999954607998,34.99999954607998,1.0,472.5,0.0,0.0,0.0,0.0,0.0,0.0,0.0,-1.0,0.0,96.0,0.0,1.0,303.0,1.0,0.96875,0.96875,0.96875,0.96875,0.96875,1.191925224750413,1.6401219466856727,0.0,1.0,0.010416666666666666,0.9895833333333334,0.010416666666666666,0.0,0.174952807986359,0.0,0.0,0.010416666666666666,0.36458332860499976,0.0,0.6154297171823626,0.46157228788677196,0.4804391281427973,11.75,0.0,0.0,125.0,0.0,0.0,4.196350318173828,0.0,0.0,0.0,0.0,0.010416666666666666,0.0,1.0,0.0,0.0,20.248243351590446,0.9426288118618941,0.0,99.9999999857749,99.9999999857749,20.248243351590446,0.0,0.0,0.0,1.0,0.0,0.0,1.6401219465989405,125.0,400.0,0.0,0.0,0.0,0.0,0.0,0.0,0.0,0.0,0.0,0.0,1.0,0.0,1.0,4.196350318173828,0.0,79.99999954607998,95.0,1.0,0.0,0.0,589.6882128498386,Rule+QP,0,303,test,0,0,2.4275104171920248,3.0009750043973327
234.28797635237842,356.8922540132225,0.4208800565990767,0.4208800565990767,280.5867043993844,0.018940218550353202,0.0,0.0,0.0,0.0,1.0,95.0,1.0,0.0,15.580442208387845,15.580442208387845,15.570442208387844,3.892610552096961,0.0,0.0,0.0,-1.0,0.0,1180.3809270615066,47.02600062793588,233.4421377487449,124.99999993735533,224.9999999899884,27.0,79.99999989578626,0.0,34.99999989578626,34.99999989578626,1.0,472.5,0.0,0.0,0.0,0.0,0.0,0.0,0.0,-1.0,0.0,96.0,0.0,1.0,304.0,1.0,0.96875,0.96875,0.96875,0.96875,0.96875,1.1873734983731286,1.6401219466856727,0.0,1.0,0.010416666666666666,0.9895833333333334,0.010416666666666666,0.0,0.16229627300404006,0.0,0.0,0.010416666666666666,0.36458333224777356,0.0,0.5611734087987689,0.4208800565990767,0.4000000002105323,6.75,0.0,0.0,125.0,0.0,0.0,3.892610552096961,0.0,0.0,0.0,0.0,0.010416666666666666,0.0,1.0,0.0,0.0,25.825772077652445,0.9601603181228923,0.0,99.99999998575731,99.99999998575731,25.825772077652445,0.0,0.0,0.0,1.0,0.0,0.0,1.6401219465988335,125.0,400.0,0.0,0.0,0.0,0.0,0.0,0.0,0.0,0.0,0.0,0.0,1.0,0.0,1.0,3.892610552096961,0.0,79.99999989578626,95.0,1.0,0.0,0.0,670.1672856862851,Rule+QP,0,304,test,0,0,2.4004927076172557,2.9325750037969556
185.3823442962924,289.98759272522415,0.4051516537028925,0.4051516537028925,270.10110246859506,0.0,0.0,0.0,0.0,0.0,9.0,87.0,9.0,0.0,224.19033803821114,44.06123165496106,44.051231654961065,56.02510170327292,0.0,0.0,0.0,-1.0,0.0,1876.9539239909036,221.1310407174377,176.94486733471263,124.99999996023794,225.0,51.0,79.99999966183294,1.0,43.35975504983613,34.999999661832945,2.0,472.5,0.0,0.0,0.0,0.0,0.0,0.0,0.0,-1.0,0.0,96.0,0.0,1.0,305.0,1.0,0.9791666666666666,0.9791666666666666,0.9791666666666666,0.9791666666666666,0.9791666666666666,1.1794581748871156,1.6401219466856727,0.0,1.0,0.09375,0.90625,0.09375,0.0,2.335316021231366,17.936558609172256,0.010416666666666666,0.020833333333333332,0.4516641151024597,0.0,0.5402022049371901,0.4051516537028925,0.40000000015904824,12.75,0.0,0.0,125.0,0.0,0.0,56.02510170327292,0.0,0.0,0.0,0.0,0.09375,0.0,9.0,0.0,0.0,39.83693377977963,0.8821862178442536,0.0,99.99999998577502,99.99999998577502,39.83693377977963,0.0,0.0,0.0,1.0,0.0,0.0,1.3,125.0,400.0,0.0,0.0,0.0,0.0,0.0,0.0,0.0,0.0,0.0,0.0,9.0,0.0,9.0,56.02510170327292,3.474928722546622e-05,79.99999966183294,87.0,9.0,0.0,0.0,596.9461546920085,Rule+QP,0,305,test,0,0,2.8319416662725416,6.531050001285621
182.476631786189,290.028970646996,0.4117892759998218,0.4117892759998218,274.5261839998813,0.0,0.0,0.0,0.0,0.0,12.0,84.0,12.0,0.0,371.3887219597292,69.30455820937829,69.29455820937828,92.81717386934093,0.0,0.0,0.0,-1.0,0.0,1931.6861341166523,269.3014888291744,175.0684744689283,95.23706367296118,225.0,49.0,80.00000010810038,1.0,58.84056229747972,35.00000010810038,2.0,472.5,0.0,0.0,0.0,0.0,0.0,0.0,0.0,-1.0,0.0,96.0,0.0,1.0,306.0,1.0,0.9791666666666666,0.9791666666666666,0.9791666666666666,0.9791666666666666,0.9791666666666666,1.1753983760964148,1.6401219466856727,0.0,1.0,0.125,0.875,0.125,0.0,3.868632520413847,30.377539438455827,0.010416666666666666,0.020833333333333332,0.6129225239320805,0.0,0.5490523679997626,0.4117892759998218,0.5190517453081552,12.25,0.0,0.0,125.0,0.0,0.0,92.81717386934093,0.0,0.0,0.0,0.0,0.125,0.0,12.0,0.0,0.0,39.51455696144245,0.8605873469437496,0.0,99.99999998577502,99.99999998577502,39.51455696144245,0.0,0.0,0.0,1.0,0.0,0.0,1.6401219465989414,125.0,400.0,0.0,0.0,0.0,0.0,0.0,0.0,0.0,0.0,0.0,0.0,12.0,0.0,12.0,92.81717386934093,4.6014075227418516e-05,80.00000010810038,84.0,12.0,0.0,0.0,633.5287734885521,Rule+QP,0,306,test,0,0,2.9333781247563215,6.706500000291271
154.33668974861956,246.58715822186542,0.341742304494286,0.341742304494286,227.82820299619073,0.0,0.0,0.0,0.0,0.0,22.0,74.0,22.0,0.0,1362.6224939739554,105.65342854067967,105.64342854067966,340.6006588324894,0.0,0.0,0.0,-1.0,2.7755575615628914e-16,1882.2926691453108,583.0278130875197,194.48752156783243,125.0,225.0,57.0,79.99999961400833,0.0,34.99999961400833,34.99999961400833,1.0,472.5,0.0,0.0,0.0,0.0,0.0,0.0,0.0,-1.0,0.0,96.0,0.0,1.0,307.0,1.0,0.9583333333333334,0.9583333333333334,0.9583333333333334,0.9583333333333334,0.9583333333333334,1.1778288293429233,1.6401219466856727,0.0,1.0,0.22916666666666666,0.7708333333333334,0.22916666666666666,0.0,14.193984312228702,78.17652497452862,0.0,0.010416666666666666,0.3645833293125868,0.0,0.45565640599238144,0.341742304494286,0.4,14.25,0.0,0.0,125.0,0.0,0.0,340.6006588324894,0.0,0.0,0.0,0.0,0.22916666666666666,0.0,22.0,0.0,0.0,17.7036077465865,0.6902565564619374,2.7755575615628914e-16,99.99999995641843,99.99999995641843,17.7036077465865,0.0,0.0,0.0,1.0,0.0,0.0,1.920937271002978,125.0,400.0,0.0,0.0,0.0,0.0,0.0,0.0,0.0,0.0,0.0,0.0,22.0,0.0,22.0,340.6006588324894,3.533900049745853e-05,79.99999961400833,74.0,22.0,0.0,0.0,800.2329549112034,Rule+QP,0,307,test,0,0,4.273072916627522,9.331300001576892
132.6314743872013,208.76333486556845,0.35911941187343016,0.35911941187343016,239.4129412489535,0.0,0.0,0.0,0.0,0.0,25.0,71.0,25.0,0.0,2074.2352660163674,138.16029835093008,138.1502983509301,518.496128225417,0.0,0.0,0.0,-1.0,3.3306690738754696e-16,1835.5657302666789,798.4256283984761,197.95983685331464,124.99999999064991,225.0,58.0,95.16232602863488,1.0,85.16232592440366,50.16232602863488,2.0,472.5,0.0,0.0,0.0,0.0,0.0,0.0,0.0,-1.0,0.0,96.0,0.0,1.0,308.0,1.0,0.96875,0.96875,0.96875,0.96875,0.96875,1.1880252321523013,1.6401219466856727,0.0,1.0,0.2604166666666667,0.7395833333333334,0.2604166666666667,0.0,21.606617354337157,108.95457405293347,0.010416666666666666,0.020833333333333332,0.8871075617125381,0.0,0.47882588249790703,0.35911941187343016,0.4000000000374003,14.5,0.0,0.0,125.0,0.0,0.0,518.496128225417,0.0,0.0,0.0,0.0,0.2604166666666667,0.0,25.0,0.0,0.0,11.490171075465042,0.5650247685314558,3.3306690738754696e-16,99.9999999857749,99.9999999857749,11.490171075465042,0.0,0.0,0.0,1.0,0.0,0.0,1.6401219465989405,125.0,400.0,0.0,0.0,0.0,0.0,0.0,0.0,0.0,0.0,0.0,0.0,25.0,0.0,25.0,518.496128225417,4.855097625267035e-06,95.16232602863488,71.0,25.0,0.0,0.0,907.8923978340337,Rule+QP,0,308,test,0,0,5.221487500193689,11.452300001110416
190.5328262777666,287.1743280573288,0.34867947874161337,0.34867947874161337,232.45298582774222,0.0005852185340689838,0.0,0.0,0.0,0.0,10.0,86.0,10.0,0.0,261.0866398023085,37.000830809298826,36.990830809298835,65.24664559334224,0.0,0.0,0.0,-1.0,5.551115123125783e-17,1784.2708891255957,232.20159859690483,222.5861577326086,124.99999998129772,225.0,66.0,79.99999970038641,0.0,34.99999970038641,34.99999970038641,1.0,472.5,0.0,0.0,0.0,0.0,0.0,0.0,0.0,-1.0,0.0,96.0,0.0,1.0,309.0,1.0,0.9895833333333334,0.9895833333333334,0.9895833333333334,0.9895833333333334,0.9791666666666666,1.1747968322825455,1.6401219466856727,0.0,1.0,0.10416666666666667,0.8958333333333334,0.10416666666666667,0.0,2.719652497940714,27.850933237696186,0.0,0.010416666666666666,0.36458333021235845,0.0,0.4649059716554845,0.34867947874161337,0.4000000000748091,16.5,0.0,0.0,125.0,0.0,0.0,65.24664559334224,0.0,0.0,0.0,0.0,0.10416666666666667,0.0,10.0,0.0,0.0,31.171796153378352,0.8698619138987925,5.551115123125783e-17,99.99999998577502,99.99999998577502,31.171796153378352,0.0,0.0,0.0,1.0,0.0,0.0,1.6401219465989414,125.0,400.0,0.0,0.0,0.0,0.0,0.0,0.0,0.0,0.0,0.0,0.0,10.0,0.0,10.0,65.24664559334224,3.377708829077619e-06,79.99999970038641,86.0,10.0,0.0,0.0,601.5629834215864,Rule+QP,0,309,test,0,0,4.0867531250417715,9.388174998093746
194.34804097560055,296.44948975233245,0.39596481944249534,0.39596481944249534,263.976546294997,0.0,0.0,0.0,0.0,0.0,3.0,93.0,3.0,0.0,45.07661416345401,24.158605975394774,24.148605975394776,11.26161147544607,0.0,0.0,0.0,-1.0,1.6653345369377348e-16,1763.5033667887374,138.80707167563912,192.0513086118444,117.42084529754646,225.0,47.0,79.99999970039022,0.0,34.99999970039022,34.99999970039022,1.0,472.5,0.0,0.0,0.0,0.0,0.0,0.0,0.0,-1.0,0.0,96.0,0.0,1.0,310.0,1.0,0.9791666666666666,0.9791666666666666,0.9791666666666666,0.9791666666666666,0.9791666666666666,1.2062377553689352,1.6401219466856727,0.0,1.0,0.03125,0.96875,0.03125,0.0,0.46954806420264594,0.0,0.0,0.010416666666666666,0.36458333021239814,0.0,0.527953092589994,0.39596481944249534,0.43031661880981414,11.75,0.0,0.0,125.0,0.0,0.0,11.26161147544607,0.0,0.0,0.0,0.0,0.03125,0.0,3.0,0.0,0.0,32.32212779182095,0.9212890237185083,1.6653345369377348e-16,99.9999999857749,99.9999999857749,32.32212779182095,0.0,0.0,0.0,1.0,0.0,0.0,1.6401219465989405,125.0,400.0,0.0,0.0,0.0,0.0,0.0,0.0,0.0,0.0,0.0,0.0,3.0,0.0,3.0,11.26161147544607,0.0,79.99999970039022,93.0,3.0,0.0,0.0,564.7014619466469,Rule+QP,0,310,test,0,0,3.4812281245043173,4.061399999045534
199.09070404874188,313.8898999633662,0.3529272427387468,0.3529272427387468,235.2848284924979,0.0,0.0,0.0,0.0,0.0,6.0,90.0,6.0,0.0,141.94549356474272,67.97907859439741,67.9690785943974,35.47129811668035,0.0,0.0,0.0,-1.0,1.6653345369377348e-16,1750.3996689737578,150.5082438708617,213.47077420561465,125.0,225.0,49.0,79.99999981706928,1.0,50.191254853865004,34.99999981706928,2.0,472.5,0.0,0.0,0.0,0.0,0.0,0.0,0.0,-1.0,0.0,96.0,0.0,1.0,311.0,1.0,0.9791666666666666,0.9791666666666666,0.9791666666666666,0.9791666666666666,0.9791666666666666,1.187043085230912,1.6401219466856727,0.0,1.0,0.0625,0.9375,0.0625,0.0,1.4785988912994033,2.819993504282501,0.010416666666666666,0.020833333333333332,0.5228255713944271,0.0,0.4705696569849958,0.3529272427387468,0.4,12.25,0.0,0.0,125.0,0.0,0.0,35.47129811668035,0.0,0.0,0.0,0.0,0.0625,0.0,6.0,0.0,0.0,34.545812892207294,0.9140149266829425,1.6653345369377348e-16,99.9999999857749,99.9999999857749,34.545812892207294,0.0,0.0,0.0,1.0,0.0,0.0,1.6401219465989405,125.0,400.0,0.0,0.0,0.0,0.0,0.0,0.0,0.0,0.0,0.0,0.0,6.0,0.0,6.0,35.47129811668035,4.746626050433633e-06,79.99999981706928,90.0,6.0,0.0,0.0,620.7351156983526,Rule+QP,0,311,test,0,0,3.6698093749691907,8.21179999729793
193.9818780898885,308.677815706917,0.3545825095821064,0.3545825095821064,236.38833972140424,0.0,0.0,0.0,0.0,0.0,9.0,87.0,9.0,0.0,309.979593200792,63.02520655216518,63.01520655216519,77.47237220845946,0.0,0.0,0.0,-1.0,0.0,1772.7312193968312,216.9049343140631,201.60847325124277,124.99999999064991,225.0,51.0,79.9999997779978,1.0,51.42622248369125,34.9999997779978,2.0,472.5,0.0,0.0,0.0,0.0,0.0,0.0,0.0,-1.0,0.0,96.0,0.0,1.0,312.0,1.0,0.9791666666666666,0.9791666666666666,0.9791666666666666,0.9791666666666666,0.9791666666666666,1.1979612113061144,1.6401219466856727,0.0,1.0,0.09375,0.90625,0.09375,0.0,3.2289540958415834,34.1168583802328,0.010416666666666666,0.020833333333333332,0.5356898175384505,0.0,0.4727766794428085,0.3545825095821064,0.4000000000374003,12.75,0.0,0.0,125.0,0.0,0.0,77.47237220845946,0.0,0.0,0.0,0.0,0.09375,0.0,9.0,0.0,0.0,25.500533009354783,0.8776436427921291,0.0,99.99999998575731,99.99999998575731,25.500533009354783,0.0,0.0,0.0,1.0,0.0,0.0,1.6401219465988335,125.0,400.0,0.0,0.0,0.0,0.0,0.0,0.0,0.0,0.0,0.0,0.0,9.0,0.0,9.0,77.47237220845946,1.316708156906543e-05,79.9999997779978,87.0,9.0,0.0,0.0,652.8452107994813,Rule+QP,0,312,test,0,0,3.828912499860356,8.648949999042088
204.39873783909383,332.4646333577699,0.3666705376941056,0.3666705376941056,244.44702512940376,0.0,0.0,0.0,0.0,0.0,7.0,89.0,7.0,0.0,186.35612371356558,48.88882874423191,48.87882874423192,46.57144081389174,0.0,0.0,0.0,-1.0,0.0,1614.3435242505798,167.36894094323088,193.99180532248513,124.9999998854426,225.0,50.0,79.99999992512527,1.0,49.30529141345991,34.999999925125266,2.0,472.5,0.0,0.0,0.0,0.0,0.0,0.0,0.0,-1.0,0.0,96.0,0.0,1.0,313.0,1.0,0.9791666666666666,0.9791666666666666,0.9791666666666666,0.9791666666666666,0.9791666666666666,1.2176381686416706,1.6401219466856727,0.0,1.0,0.07291666666666667,0.9270833333333334,0.07291666666666667,0.0,1.9412096220163082,16.175038387776944,0.010416666666666666,0.020833333333333332,0.513596785556874,0.0,0.4888940502588075,0.3666705376941056,0.4000000004582296,12.5,0.0,0.0,125.0,0.0,0.0,46.57144081389174,0.0,0.0,0.0,0.0,0.07291666666666667,0.0,7.0,0.0,0.0,39.00906891284521,0.8963238378764966,0.0,99.99999995641832,99.99999995641832,39.00906891284521,0.0,0.0,0.0,1.0,0.0,0.0,1.9209372710029775,125.0,400.0,0.0,0.0,0.0,0.0,0.0,0.0,0.0,0.0,0.0,0.0,7.0,0.0,7.0,46.57144081389174,2.540247479032587e-06,79.99999992512527,89.0,7.0,0.0,0.0,665.8143251794811,Rule+QP,0,313,test,0,0,3.454488541365208,7.967049998114817
225.7328641715668,352.2116636635492,0.3088113875031126,0.3088113875031126,205.87425833540846,0.0,0.0,0.0,0.0,0.0,0.0,96.0,0.0,0.0,0.0,0.0,0.0,0.0,0.0,0.0,0.0,-1.0,0.0,443.92971204564566,0.0,192.76922895783923,124.99999999064886,224.99999999695976,29.0,79.99999966188271,0.0,34.99999966188271,34.99999966188271,1.0,472.5,0.0,0.0,0.0,0.0,0.0,0.0,0.0,-1.0,0.0,96.0,0.0,1.0,314.0,1.0,0.9791666666666666,0.9791666666666666,0.9791666666666666,0.9791666666666666,0.9791666666666666,1.1841079498475016,1.6401219466856727,0.0,0.0,0.0,1.0,0.0,0.0,0.0,0.0,0.0,0.010416666666666666,0.3645833298112782,0.0,0.4117485166708169,0.3088113875031126,0.4000000000252436,7.25,0.0,0.0,125.0,0.0,0.0,0.0,0.0,0.0,0.0,0.0,0.0,0.0,0.0,0.0,0.0,15.921015922784349,1.0,0.0,99.99999998575731,99.99999998575731,15.921015922784349,0.0,0.0,0.0,1.0,0.0,0.0,1.6401219465988335,125.0,400.0,0.0,0.0,0.0,0.0,0.0,0.0,0.0,0.0,0.0,0.0,0.0,0.0,0.0,0.0,0.0,79.99999966188271,96.0,0.0,0.0,0.0,656.8630923990481,Rule+QP,0,314,test,0,0,3.0886895838193595,3.692125001180102
145.66951678048935,236.70574975261766,0.4641917500520311,0.4641917500520311,309.4611667013541,0.0,0.0,0.0,0.0,0.0,0.0,96.0,0.0,0.0,0.0,0.0,0.0,0.0,0.0,0.0,0.0,-1.0,0.0,973.5253845764255,86.64640126902829,159.7009294890468,107.13444672515847,224.99999998992,21.0,79.99999977801289,0.0,34.99999977801289,34.99999977801289,1.0,472.5,0.0,0.0,0.0,0.0,0.0,0.0,0.0,-1.0,0.0,96.0,0.0,1.0,315.0,1.0,0.9791666666666666,0.9791666666666666,0.9791666666666666,0.9791666666666666,0.9791666666666666,1.174255064916559,1.6401219466856727,0.0,0.0,0.0,1.0,0.0,0.0,0.0,0.0,0.0,0.010416666666666666,0.3645833310209676,0.0,0.6189223334027082,0.4641917500520311,0.4714622130590462,5.25,0.0,0.0,125.0,0.0,0.0,0.0,0.0,0.0,0.0,0.0,0.0,0.0,0.0,0.0,0.0,11.22756643204589,0.9109972861090545,0.0,99.9999999857749,99.9999999857749,11.22756643204589,0.0,0.0,0.0,1.0,0.0,0.0,1.3,125.0,400.0,0.0,0.0,0.0,0.0,0.0,0.0,0.0,0.0,0.0,0.0,0.0,0.0,0.0,0.0,0.0,79.99999977801289,96.0,0.0,0.0,0.0,441.1014929828128,Rule+QP,0,315,test,0,0,3.099566667287945,3.5729750015889294
221.89856307199457,353.2443234695998,0.3260066381565038,0.3260066381565038,217.33775877100254,0.0,0.0,0.0,0.0,0.0,0.0,96.0,0.0,0.0,0.0,0.0,0.0,0.0,0.0,0.0,0.0,-1.0,0.0,1176.693774850029,30.672980933687725,201.32890062584855,124.999999934296,224.99999999695976,51.0,79.99999977799132,1.0,47.811534386389646,34.99999977799132,2.0,472.5,0.0,0.0,0.0,0.0,0.0,0.0,0.0,-1.0,0.0,96.0,0.0,1.0,316.0,1.0,0.9583333333333334,0.9583333333333334,0.9583333333333334,0.9583333333333334,0.9583333333333334,1.1866701173158232,1.6401219466856727,0.0,0.0,0.0,1.0,0.0,0.0,0.0,0.0,0.010416666666666666,0.020833333333333332,0.4980368165248921,0.0,0.43467551754200506,0.3260066381565038,0.400000000250655,12.75,0.0,0.0,125.0,0.0,0.0,0.0,0.0,0.0,0.0,0.0,0.0,0.0,0.0,0.0,0.0,36.09261836933737,0.973932911357845,0.0,99.99999998577502,99.99999998577502,36.09261836933737,0.0,0.0,0.0,1.0,0.0,0.0,1.6401219465989414,125.0,400.0,0.0,0.0,0.0,0.0,0.0,0.0,0.0,0.0,0.0,0.0,0.0,0.0,0.0,0.0,0.0,79.99999977799132,96.0,0.0,0.0,0.0,658.3556451906354,Rule+QP,0,316,test,0,0,3.0856979164279132,3.5638999961520312
225.3076472192406,369.5877987132583,0.40631335028452603,0.40631335028452603,270.87556685635076,0.0,0.0,0.0,0.0,0.0,1.0,95.0,1.0,0.0,15.515298321555518,15.515298321555518,15.50529832155552,3.87632458038888,0.0,0.0,0.0,-1.0,0.0,1225.6493682953894,75.7538246080523,193.39214467023558,124.99999999064886,224.99999999695976,44.0,79.99999989581632,0.0,34.999999895816316,34.999999895816316,1.0,472.5,0.0,0.0,0.0,0.0,0.0,0.0,0.0,-1.0,0.0,96.0,0.0,1.0,317.0,1.0,0.9791666666666666,0.9791666666666666,0.9791666666666666,0.9791666666666666,0.9791666666666666,1.1819290326571261,1.6401219466856727,0.0,1.0,0.010416666666666666,0.9895833333333334,0.010416666666666666,0.0,0.16161769084953664,0.0,0.0,0.010416666666666666,0.36458333224808664,0.0,0.5417511337127016,0.40631335028452603,0.4000000000252436,11.0,0.0,0.0,125.0,0.0,0.0,3.87632458038888,0.0,0.0,0.0,0.0,0.010416666666666666,0.0,1.0,0.0,0.0,34.68218653636035,0.9381929069050071,0.0,99.99999998575731,99.99999998575731,34.68218653636035,0.0,0.0,0.0,1.0,0.0,0.0,1.6401219465988335,125.0,400.0,0.0,0.0,0.0,0.0,0.0,0.0,0.0,0.0,0.0,0.0,1.0,0.0,1.0,3.87632458038888,0.0,79.99999989581632,95.0,1.0,0.0,0.0,692.0714403364622,Rule+QP,0,317,test,0,0,3.1621802086192474,3.7659999998140847
209.18823288501932,335.15823061189695,0.3731234905637357,0.3731234905637357,248.7489937091571,0.0,0.0,0.0,0.0,0.0,1.0,95.0,1.0,0.0,9.478772229067134,9.478772229067134,9.46869435259478,2.367173588148695,0.0,0.0,0.0,-1.0,5.551115123125783e-17,1404.1195833704421,41.698755110055274,217.06970971045138,124.99999994630093,225.0,50.0,95.20052583731436,2.0,88.88225331105689,50.20052583731436,3.0,472.5,0.0,0.0,0.0,0.0,0.0,0.0,0.0,-1.0,0.0,96.0,0.0,1.0,318.0,1.0,0.9791666666666666,0.9791666666666666,0.9791666666666666,0.9791666666666666,0.9791666666666666,1.1961120422985358,1.6401219466856727,0.0,1.0,0.010416666666666666,0.9895833333333334,0.010416666666666666,0.0,0.09873721071944931,0.0,0.020833333333333332,0.03125,0.9258568053235092,0.0,0.4974979874183142,0.3731234905637357,0.40000000021479626,12.5,0.0,0.0,125.0,0.0,0.0,2.367173588148695,0.0,0.0,0.0,0.0,0.010416666666666666,0.0,1.0,0.0,0.0,34.452756966744175,0.9703025614029528,5.551115123125783e-17,99.99999995641843,99.99999995641843,34.452756966744175,0.0,0.0,0.0,1.0,0.0,0.0,1.640121946419951,125.0,400.0,0.0,0.0,0.0,0.0,0.0,0.0,0.0,0.0,0.0,0.0,1.0,0.0,1.0,2.367173588148695,0.0,95.20052583731436,95.0,1.0,0.0,0.0,626.9439354686293,Rule+QP,0,318,test,0,0,3.0664770836210664,3.626749998147716
185.73315140965522,297.6148266333942,0.4261167163255594,0.4261167163255594,284.0778108837064,0.0,0.0,0.0,0.0,0.0,16.0,80.0,16.0,0.0,583.6984701938459,90.43699614700498,90.42699614700497,145.88443778427725,0.0,0.0,0.0,-1.0,1.6653345369377348e-16,1880.3297303339455,359.9007774441007,200.68799825560592,124.99999999064991,225.0,53.0,79.99999988574358,2.0,44.99999985860977,34.99999988574358,3.0,472.5,0.0,0.0,0.0,0.0,0.0,0.0,0.0,-1.0,0.0,96.0,0.0,1.0,319.0,1.0,0.9479166666666666,0.9479166666666666,0.9479166666666666,0.9479166666666666,0.9479166666666666,1.1522571199974276,1.6401219466856727,0.0,1.0,0.16666666666666666,0.8333333333333334,0.16666666666666666,0.0,6.080192397852561,46.77994971991825,0.020833333333333332,0.03125,0.4687499985271851,0.0,0.5681556217674127,0.4261167163255594,0.4000000000374003,13.25,0.0,0.0,125.0,0.0,0.0,145.88443778427725,0.0,0.0,0.0,0.0,0.16666666666666666,0.0,16.0,0.0,0.0,39.83729162572561,0.8085969861359462,1.6653345369377348e-16,99.99999995641832,99.99999995641832,39.83729162572561,0.0,0.0,0.0,1.0,0.0,0.0,1.3,125.0,400.0,0.0,0.0,0.0,0.0,0.0,0.0,0.0,0.0,0.0,0.0,16.0,0.0,16.0,145.88443778427725,4.1905883385595644e-05,79.99999988574358,80.0,16.0,0.0,0.0,700.5905575816778,Rule+QP,0,319,test,0,0,3.9257416666866143,8.192724999389611
196.9033805598957,298.38288753566815,0.4059139950489454,0.4059139950489454,270.6093300326302,0.0,0.0,0.0,0.0,0.0,8.0,88.0,8.0,0.0,283.42852912243063,61.26307528378232,61.253075283782316,70.83713354341624,0.0,0.0,0.0,-1.0,0.0,1698.136189956185,227.06502760715634,216.32012696357174,124.99999993695279,225.0,51.0,79.99999954610433,1.0,61.69654857175843,34.999999546104334,2.0,472.5,0.0,0.0,0.0,0.0,0.0,0.0,0.0,-1.0,0.0,96.0,0.0,1.0,320.0,1.0,0.9791666666666666,0.9791666666666666,0.9791666666666666,0.9791666666666666,0.9791666666666666,1.1878919656324383,1.6401219466856727,0.0,1.0,0.08333333333333333,0.9166666666666666,0.08333333333333333,0.0,2.952380511691986,30.12809506970051,0.010416666666666666,0.020833333333333332,0.6426723809558169,0.0,0.5412186600652604,0.4059139950489454,0.40000000025218885,12.75,0.0,0.0,125.0,0.0,0.0,70.83713354341624,0.0,0.0,0.0,0.0,0.08333333333333333,0.0,8.0,0.0,0.0,37.518554872844675,0.8662857378871273,0.0,99.99999998575731,99.99999998575731,37.518554872844675,0.0,0.0,0.0,1.0,0.0,0.0,1.6401219465988335,125.0,400.0,0.0,0.0,0.0,0.0,0.0,0.0,0.0,0.0,0.0,0.0,8.0,0.0,8.0,70.83713354341624,1.262808570601237e-06,79.99999954610433,88.0,8.0,0.0,0.0,628.0225831586574,Rule+QP,0,320,test,0,0,3.6221635418011524,8.593349997681798
166.39126512246025,257.6898764998798,0.5440789867194779,0.5440789867194779,362.7193244796516,0.0,0.0,0.0,0.0,0.0,1.0,95.0,1.0,0.0,17.784517190763616,17.784517190763616,17.774517190763614,4.4436292976909035,0.0,0.0,0.0,-1.0,0.0,1278.0996466847248,110.47168986376896,212.75075012704428,101.09776201575761,224.99999999695976,33.0,79.99999989578625,0.0,34.999999895786246,34.999999895786246,1.0,472.5,0.0,0.0,0.0,0.0,0.0,0.0,0.0,-1.0,0.0,96.0,0.0,1.0,321.0,1.0,0.9791666666666666,0.9791666666666666,0.9791666666666666,0.9791666666666666,0.96875,1.166881424644915,1.6401219466856727,0.0,1.0,0.010416666666666666,0.9895833333333334,0.010416666666666666,0.0,0.18525538740378766,0.0,0.0,0.010416666666666666,0.3645833322477734,0.0,0.7254386489593032,0.5440789867194779,0.4956089519248086,8.25,0.0,0.0,125.0,0.0,0.0,4.4436292976909035,0.0,0.0,0.0,0.0,0.010416666666666666,0.0,1.0,0.0,0.0,16.418048094711935,0.9135656674733285,0.0,99.99999998575731,99.99999998575731,16.418048094711935,0.0,0.0,0.0,1.0,0.0,0.0,1.9209372711557102,125.0,400.0,0.0,0.0,0.0,0.0,0.0,0.0,0.0,0.0,0.0,0.0,1.0,0.0,1.0,4.4436292976909035,0.0,79.99999989578625,95.0,1.0,0.0,0.0,485.46861249644013,Rule+QP,0,321,test,0,0,3.1534166661610166,3.5478500030876603
140.41331064675308,215.14257363628388,0.35274133741902886,0.35274133741902886,235.16089161268587,0.0,0.0,0.0,0.0,0.0,23.0,73.0,23.0,0.0,1667.7120681048857,129.566177554033,129.556177554033,416.8704687403608,0.0,0.0,0.0,-1.0,2.220446049250313e-16,1717.3240017447806,663.8941990639955,199.46709510684235,124.99999999064991,225.0,58.0,80.00000028101303,1.0,63.17692462908526,35.00000028101303,2.0,472.5,0.0,0.0,0.0,0.0,0.0,0.0,0.0,-1.0,0.0,96.0,0.0,1.0,322.0,1.0,0.96875,0.96875,0.96875,0.96875,0.96875,1.18536618134479,1.6401219466856727,0.0,1.0,0.23958333333333334,0.7604166666666666,0.23958333333333334,0.0,17.372000709425894,106.45449628249457,0.010416666666666666,0.020833333333333332,0.6580929648863049,0.0,0.47032178322537177,0.35274133741902886,0.4000000000374003,14.5,0.0,0.0,125.0,0.0,0.0,416.8704687403608,0.0,0.0,0.0,0.0,0.23958333333333334,0.0,23.0,0.0,0.0,9.31403270305384,0.6134135443343907,2.220446049250313e-16,99.99999998575731,99.99999998575731,9.31403270305384,0.0,0.0,0.0,1.0,0.0,0.0,1.6401219465988335,125.0,400.0,0.0,0.0,0.0,0.0,0.0,0.0,0.0,0.0,0.0,0.0,23.0,0.0,23.0,416.8704687403608,3.552713678800501e-15,80.00000028101303,73.0,23.0,0.0,0.0,818.5211736877662,Rule+QP,0,322,test,0,0,4.415815625710214,8.898100002625142
214.12323840784484,311.4037615667061,0.4372874281972421,0.4372874281972421,291.5249521314946,0.0028549033380541617,0.0,0.0,0.0,0.0,0.0,96.0,0.0,0.0,0.0,0.0,0.0,0.0,0.0,0.0,0.0,-1.0,2.220446049250313e-16,1312.3316683097698,73.24498837495534,225.71204575617344,124.99999998129982,224.99999999695976,31.0,79.99999985644111,0.0,34.99999985644111,34.99999985644111,1.0,472.5,0.0,0.0,0.0,0.0,0.0,0.0,0.0,-1.0,0.0,96.0,0.0,1.0,323.0,1.0,0.96875,0.96875,0.96875,0.96875,0.96875,1.1780012335891576,1.6401219466856727,0.0,0.0,0.0,1.0,0.0,0.0,0.0,0.0,0.0,0.010416666666666666,0.3645833318379282,0.0,0.5830499042629892,0.4372874281972421,0.40000000006263975,7.75,0.0,0.0,125.0,0.0,0.0,0.0,0.0,0.0,0.0,0.0,0.0,0.0,0.0,0.0,0.0,24.89675914724434,0.9441871364201003,2.220446049250313e-16,99.99999998575731,99.99999998575731,24.89675914724434,0.0,0.0,0.0,1.0,0.0,0.0,1.9209372711557102,125.0,400.0,0.0,0.0,0.0,0.0,0.0,0.0,0.0,0.0,0.0,0.0,0.0,0.0,0.0,0.0,0.0,79.99999985644111,96.0,0.0,0.0,0.0,582.3792369923905,Rule+QP,0,323,test,0,0,3.1112239584369186,3.7932249997538747
191.08863803620847,288.8242859947082,0.3369001279786599,0.3369001279786599,224.60008531910668,0.0,0.0,0.0,0.0,0.0,10.0,86.0,10.0,0.0,245.97760899003373,60.53161790772632,60.52161790772633,61.469407110330124,0.0,0.0,0.0,-1.0,0.0,1734.0583087199573,205.11969675884305,208.87541292781236,124.99999994642646,225.0,53.0,80.00000032382859,0.0,35.00000032382859,35.00000032382859,1.0,472.5,0.0,0.0,0.0,0.0,0.0,0.0,0.0,-1.0,0.0,96.0,0.0,1.0,324.0,1.0,0.9791666666666666,0.9791666666666666,0.9791666666666666,0.9791666666666666,0.9791666666666666,1.174973764983532,1.6401219466856727,0.0,1.0,0.10416666666666667,0.8958333333333334,0.10416666666666667,0.0,2.5622667603128515,16.76014037607775,0.0,0.010416666666666666,0.3645833367065478,0.0,0.4492001706382134,0.3369001279786599,0.40000000021429416,13.25,0.0,0.0,125.0,0.0,0.0,61.469407110330124,0.0,0.0,0.0,0.0,0.10416666666666667,0.0,10.0,0.0,0.0,29.87553134740331,0.8817111882989346,0.0,99.99999998575741,99.99999998575741,29.87553134740331,0.0,0.0,0.0,1.0,0.0,0.0,1.640121946598834,125.0,400.0,0.0,0.0,0.0,0.0,0.0,0.0,0.0,0.0,0.0,0.0,10.0,0.0,10.0,61.469407110330124,4.999905881497568e-05,80.00000032382859,86.0,10.0,0.0,0.0,600.7988858324042,Rule+QP,0,324,test,0,0,3.6429218754771377,8.55822499943315
196.59574783974054,284.0003279409299,0.4135788092756485,0.4135788092756485,275.7192061837657,0.0,0.0,0.0,0.0,0.0,7.0,89.0,7.0,0.0,197.1970919294844,55.8198324603614,55.8098324603614,49.281761899656615,0.0,0.0,0.0,-1.0,0.0,1629.2806343134325,212.02644079369344,212.75557964646595,124.99999997194764,225.0,65.0,79.999999691247,1.0,47.09079757089265,34.999999691247,2.0,472.5,0.0,0.0,0.0,0.0,0.0,0.0,0.0,-1.0,0.0,96.0,0.0,1.0,325.0,1.0,0.9791666666666666,0.9791666666666666,0.9791666666666666,0.9791666666666666,0.9791666666666666,1.2017109551653344,1.6401219466856727,0.0,1.0,0.07291666666666667,0.9270833333333334,0.07291666666666667,0.0,2.0541363742654624,4.506047138907698,0.010416666666666666,0.020833333333333332,0.4905291413634651,0.0,0.5514384123675314,0.4135788092756485,0.40000000011220943,16.25,0.0,0.0,125.0,0.0,0.0,49.281761899656615,0.0,0.0,0.0,0.0,0.07291666666666667,0.0,7.0,0.0,0.0,34.42615234695103,0.8698649966566134,0.0,99.99999995641843,99.99999995641843,34.42615234695103,0.0,0.0,0.0,1.0,0.0,0.0,1.640121946419951,125.0,400.0,0.0,0.0,0.0,0.0,0.0,0.0,0.0,0.0,0.0,0.0,7.0,0.0,7.0,49.281761899656615,1.9956475281190933e-06,79.999999691247,89.0,7.0,0.0,0.0,580.5555057865802,Rule+QP,0,325,test,0,0,3.635476042063601,8.385950000956655
208.52238746847877,295.51986043300735,0.3342552633221267,0.3342552633221267,222.8368422147512,0.0,0.0,0.0,0.0,0.0,4.0,92.0,4.0,0.0,93.68252351295322,59.37194104251918,59.361941042519184,23.410613490235068,0.0,0.0,0.0,-1.0,5.551115123125783e-17,1514.5539623471218,119.18927270099147,211.84444830259997,124.99999995262527,225.0,47.0,79.9999996232909,0.0,34.999999623290904,34.999999623290904,1.0,472.5,0.0,0.0,0.0,0.0,0.0,0.0,0.0,-1.0,0.0,96.0,0.0,1.0,326.0,1.0,0.9895833333333334,0.9895833333333334,0.9895833333333334,0.9895833333333334,0.9895833333333334,1.2127877879914084,1.6401219466856727,0.0,1.0,0.041666666666666664,0.9583333333333334,0.041666666666666664,0.0,0.9758596199265961,0.0,0.0,0.010416666666666666,0.36458332940928023,0.0,0.4456736844295024,0.3342552633221267,0.4000000001894989,11.75,0.0,0.0,125.0,0.0,0.0,23.410613490235068,0.0,0.0,0.0,0.0,0.041666666666666664,0.0,4.0,0.0,0.0,30.76749005278822,0.9213040435242845,5.551115123125783e-17,99.99999998575731,99.99999998575731,30.76749005278822,0.0,0.0,0.0,1.0,0.0,0.0,1.9209372711557102,125.0,400.0,0.0,0.0,0.0,0.0,0.0,0.0,0.0,0.0,0.0,0.0,4.0,0.0,4.0,23.410613490235068,0.0,79.9999996232909,92.0,4.0,0.0,0.0,576.5328562798184,Rule+QP,0,326,test,0,0,3.0826208335383853,3.84302499696787
196.77936496012364,271.9828387838117,0.36910104610053385,0.36910104610053385,246.06736406702254,0.003215087996474887,0.0,0.0,0.0,0.0,8.0,88.0,8.0,0.0,186.5268547915478,54.17555281009727,54.165552810097275,46.611633977229694,0.0,0.0,0.0,-1.0,0.0,1721.2747160884903,185.20023064010093,226.06167161902192,124.99999997194973,225.0,52.0,79.9999998464584,0.0,34.999999846458394,34.999999846458394,1.0,472.5,0.0,0.0,0.0,0.0,0.0,0.0,0.0,-1.0,0.0,96.0,0.0,1.0,327.0,1.0,0.9583333333333334,0.9583333333333334,0.9583333333333334,0.9583333333333334,0.9583333333333334,1.1470962753421519,1.6401219466856727,0.0,1.0,0.08333333333333333,0.9166666666666666,0.08333333333333333,0.0,1.9429880707452896,8.842998249209245,0.0,0.010416666666666666,0.3645833317339416,0.0,0.4921347281340451,0.36910104610053385,0.40000000011220105,13.0,0.0,0.0,125.0,0.0,0.0,46.611633977229694,0.0,0.0,0.0,0.0,0.08333333333333333,0.0,8.0,0.0,0.0,29.11080060485949,0.892405187324799,0.0,99.99999995641843,99.99999995641843,29.11080060485949,0.0,0.0,0.0,1.0,0.0,0.0,1.640121946419951,125.0,400.0,0.0,0.0,0.0,0.0,0.0,0.0,0.0,0.0,0.0,0.0,8.0,0.0,8.0,46.611633977229694,6.490246381751774e-05,79.9999998464584,88.0,8.0,0.0,0.0,556.2309964182001,Rule+QP,0,327,test,0,0,3.273992707969834,7.648149998203735
159.53409801715335,218.68556649159936,0.33554580380088095,0.33554580380088095,223.69720253392066,0.0,0.0,0.0,0.0,0.0,22.0,74.0,22.0,0.0,994.6504399255022,100.12827507843738,100.11827507843738,248.60738716446554,0.0,0.0,0.0,-1.0,3.885780586188048e-16,1715.1790578026978,504.124692496573,196.15350108777878,125.0,225.0,65.0,80.0000001081465,0.0,35.000000108146494,35.000000108146494,1.0,472.5,0.0,0.0,0.0,0.0,0.0,0.0,0.0,-1.0,0.0,96.0,0.0,1.0,328.0,1.0,0.96875,0.96875,0.96875,0.96875,0.96875,1.1906318552806294,1.6401219466856727,0.0,1.0,0.22916666666666666,0.7708333333333334,0.22916666666666666,0.0,10.360942082557314,63.88052726638431,0.0,0.010416666666666666,0.3645833344598593,0.0,0.44739440506784134,0.33554580380088095,0.4,16.25,0.0,0.0,125.0,0.0,0.0,248.60738716446554,0.0,0.0,0.0,0.0,0.22916666666666666,0.0,22.0,0.0,0.0,17.94755925441082,0.7060804292104621,3.885780586188048e-16,99.99999998575741,99.99999998575741,17.94755925441082,0.0,0.0,0.0,1.0,0.0,0.0,1.3,125.0,400.0,0.0,0.0,0.0,0.0,0.0,0.0,0.0,0.0,0.0,0.0,22.0,0.0,22.0,248.60738716446554,1.0663119354603623e-05,80.0000001081465,74.0,22.0,0.0,0.0,658.5303624548608,Rule+QP,0,328,test,0,0,3.973173957926216,8.10707500022545
145.24980494682492,192.4794593903286,0.3704419632332722,0.3704419632332722,246.96130882218148,0.0,0.0,0.0,0.0,0.0,25.0,71.0,25.0,0.0,1615.5346011541023,123.71536666727401,123.70536666727399,403.82112210544847,0.0,0.0,0.0,-1.0,1.1102230246251565e-16,1673.8890939902058,670.3861652090185,198.90988437851138,125.0,225.0,73.0,80.00000019505414,0.0,35.00000019505414,35.00000019505414,1.0,472.5,0.0,0.0,0.0,0.0,0.0,0.0,0.0,-1.0,0.0,96.0,0.0,1.0,329.0,1.0,0.96875,0.96875,0.96875,0.96875,0.96875,1.185059731223473,1.6401219466856727,0.0,1.0,0.2604166666666667,0.7395833333333334,0.2604166666666667,0.0,16.828485428688566,86.4676096775475,0.0,0.010416666666666666,0.3645833353651473,0.0,0.49392261764436296,0.3704419632332722,0.4,18.25,0.0,0.0,125.0,0.0,0.0,403.82112210544847,0.0,0.0,0.0,0.0,0.2604166666666667,0.0,25.0,0.0,0.0,14.065682426026129,0.5995038335479226,1.1102230246251565e-16,99.99999998575731,99.99999998575731,14.065682426026129,0.0,0.0,0.0,1.0,0.0,0.0,1.9209372711557102,125.0,400.0,0.0,0.0,0.0,0.0,0.0,0.0,0.0,0.0,0.0,0.0,25.0,0.0,25.0,403.82112210544847,3.552713678800501e-15,80.00000019505414,71.0,25.0,0.0,0.0,765.1795714659557,Rule+QP,0,329,test,0,0,4.299460416708219,8.874774997821078
194.76840758163763,242.60254119699758,0.4066110417986519,0.4066110417986519,271.07402786576824,0.0,0.0,0.0,0.0,0.0,3.0,93.0,3.0,0.0,74.75948416053787,47.48125276045357,47.471252760453574,18.68238127712806,0.0,0.0,0.0,-1.0,1.6653345369377348e-16,1662.9293728817102,112.97268218880428,199.7223269155731,124.99999998129982,225.0,47.0,79.99999989581632,0.0,34.999999895816316,34.999999895816316,1.0,472.5,0.0,0.0,0.0,0.0,0.0,0.0,0.0,-1.0,0.0,96.0,0.0,1.0,330.0,1.0,0.96875,0.96875,0.96875,0.96875,0.96875,1.181762089270498,1.6401219466856727,0.0,1.0,0.03125,0.96875,0.03125,0.0,0.7787446266722694,0.0,0.0,0.010416666666666666,0.36458333224808664,0.0,0.5421480557315365,0.4066110417986519,0.4000000000748007,11.75,0.0,0.0,125.0,0.0,0.0,18.68238127712806,0.0,0.0,0.0,0.0,0.03125,0.0,3.0,0.0,0.0,31.129884896907782,0.9320640527306144,1.6653345369377348e-16,99.99999998575731,99.99999998575731,31.129884896907782,0.0,0.0,0.0,1.0,0.0,0.0,1.9209372711557102,125.0,400.0,0.0,0.0,0.0,0.0,0.0,0.0,0.0,0.0,0.0,0.0,3.0,0.0,3.0,18.68238127712806,1.0236993594148203e-05,79.99999989581632,93.0,3.0,0.0,0.0,475.25040723168604,Rule+QP,0,330,test,0,0,3.1649937499575267,4.1852499980450375
200.06720238906317,243.26253374906088,0.36991532914446024,0.36991532914446024,246.61021942964007,0.0,0.0,0.0,0.0,0.0,5.0,91.0,5.0,0.0,94.90034839610483,44.08248987242438,44.07248987242439,23.712463806134867,0.0,0.0,0.0,-1.0,0.0,1659.5969384346256,163.00397477584903,203.0647848438921,124.99999999064886,225.0,52.0,80.00000002034433,1.0,37.54586316944225,35.00000002034433,2.0,472.5,0.0,0.0,0.0,0.0,0.0,0.0,0.0,-1.0,0.0,96.0,0.0,1.0,331.0,1.0,0.9791666666666666,0.9791666666666666,0.9791666666666666,0.9791666666666666,0.9791666666666666,1.1896678901018254,1.6401219466856727,0.0,1.0,0.052083333333333336,0.9479166666666666,0.052083333333333336,0.0,0.9885452957927586,1.600137745675838,0.010416666666666666,0.020833333333333332,0.39110274134835676,0.0,0.49322043885928013,0.36991532914446024,0.40000000003740455,13.0,0.0,0.0,125.0,0.0,0.0,23.712463806134867,0.0,0.0,0.0,0.0,0.052083333333333336,0.0,5.0,0.0,0.0,29.616787484434,0.9017809860931664,0.0,99.99999998575741,99.99999998575741,29.616787484434,0.0,0.0,0.0,1.0,0.0,0.0,1.9209372711557107,125.0,400.0,0.0,0.0,0.0,0.0,0.0,0.0,0.0,0.0,0.0,0.0,5.0,0.0,5.0,23.712463806134867,1.2645831915847339e-05,80.00000002034433,91.0,5.0,0.0,0.0,481.96166012249483,Rule+QP,0,331,test,0,0,3.822281249995285,5.82850000137114
205.34966255232965,246.11930825796907,0.3254664430917382,0.3254664430917382,216.9776287278254,0.0,0.0,0.0,0.0,0.0,9.0,87.0,9.0,0.0,323.94996326215903,73.40737156374611,73.39737156374609,80.96501230858422,0.0,0.0,0.0,-1.0,0.0,1703.169101235061,214.7290655522202,201.3557793923354,124.99999998129877,225.0,55.0,79.99999992515527,1.0,37.05063145562911,34.999999925155265,2.0,472.5,0.0,0.0,0.0,0.0,0.0,0.0,0.0,-1.0,0.0,96.0,0.0,1.0,332.0,1.0,0.96875,0.96875,0.96875,0.96875,0.9583333333333334,1.1654985842459673,1.6401219466856727,0.0,1.0,0.09375,0.90625,0.09375,0.0,3.374478783980823,30.34694386578368,0.010416666666666666,0.020833333333333332,0.3859440776628032,0.0,0.4339552574556508,0.3254664430917382,0.4000000000748049,13.75,0.0,0.0,125.0,0.0,0.0,80.96501230858422,0.0,0.0,0.0,0.0,0.09375,0.0,9.0,0.0,0.0,34.84637265690253,0.8739238133215848,0.0,99.99999995641843,99.99999995641843,34.84637265690253,0.0,0.0,0.0,1.0,0.0,0.0,1.920937271002978,125.0,400.0,0.0,0.0,0.0,0.0,0.0,0.0,0.0,0.0,0.0,0.0,9.0,0.0,9.0,80.96501230858422,2.8137919210635687e-05,79.99999992515527,87.0,9.0,0.0,0.0,544.8401998712532,Rule+QP,0,332,test,0,0,3.5741249998864077,8.336824997968506
307.8415739144964,362.0363738450402,0.3003947373180975,0.3003947373180975,200.26315821206492,0.026184799434711168,0.0,0.0,0.0,0.0,0.0,96.0,0.0,0.0,0.0,0.0,0.0,0.0,0.0,0.0,0.0,-1.0,5.551115123125783e-17,136.55811485200152,0.0,234.92356373579992,124.99999998129877,224.99999999695976,40.0,79.99999945989309,0.0,34.99999945989309,34.99999945989309,1.0,472.5,0.0,0.0,0.0,0.0,0.0,0.0,0.0,-1.0,0.0,96.0,0.0,1.0,333.0,1.0,0.9583333333333334,0.9583333333333334,0.9583333333333334,0.9583333333333334,0.9583333333333334,1.157918363585324,1.6401219466856727,0.0,0.0,0.0,1.0,0.0,0.0,0.0,0.0,0.0,0.010416666666666666,0.3645833277072197,0.0,0.40052631642412984,0.3003947373180975,0.40000000006264397,10.0,0.0,0.0,125.0,0.0,0.0,0.0,0.0,0.0,0.0,0.0,0.0,0.0,0.0,0.0,0.0,31.952831267546117,1.0,5.551115123125783e-17,99.99999995641832,99.99999995641832,31.952831267546117,0.0,0.0,0.0,1.0,0.0,0.0,1.3,125.0,400.0,0.0,0.0,0.0,0.0,0.0,0.0,0.0,0.0,0.0,0.0,0.0,0.0,0.0,0.0,0.0,79.99999945989309,96.0,0.0,0.0,0.0,682.7762098492751,Rule+QP,0,333,test,0,0,2.9461854167038837,3.464949999397504
204.21841955563386,268.8870450417932,0.31640328263144424,0.31640328263144424,210.93552175429622,0.0,0.0,0.0,0.0,0.0,7.0,89.0,7.0,0.0,213.38027498059867,40.66918820329558,40.65926213652059,53.327508084194314,0.0,0.0,0.0,-1.0,2.220446049250313e-16,1540.6885070333026,154.31306495125492,199.31073092002492,124.99999999064886,225.0,51.0,79.99999989576864,1.0,42.29358522213782,34.99999989576864,2.0,472.5,0.0,0.0,0.0,0.0,0.0,0.0,0.0,-1.0,0.0,96.0,0.0,1.0,334.0,1.0,0.9791666666666666,0.9791666666666666,0.9791666666666666,0.9791666666666666,0.9791666666666666,1.1772558231667496,1.6401219466856727,0.0,1.0,0.07291666666666667,0.9270833333333334,0.07291666666666667,0.0,2.2227111977145695,21.680271900004126,0.010416666666666666,0.020833333333333332,0.440558179397269,0.0,0.42187104350859245,0.31640328263144424,0.40000000003740455,12.75,0.0,0.0,125.0,0.0,0.0,53.327508084194314,0.0,0.0,0.0,0.0,0.07291666666666667,0.0,7.0,0.0,0.0,32.018315611872794,0.8998414901864914,2.220446049250313e-16,99.99999998577502,99.99999998577502,32.018315611872794,0.0,0.0,0.0,1.0,0.0,0.0,1.3,125.0,400.0,0.0,0.0,0.0,0.0,0.0,0.0,0.0,0.0,0.0,0.0,7.0,0.0,7.0,53.327508084194314,1.848330624909522e-05,79.99999989576864,89.0,7.0,0.0,0.0,558.0624343976172,Rule+QP,0,334,test,0,0,3.3644583329532907,7.958249996590894
178.95871512500096,247.12939135372824,0.3289877114283221,0.3289877114283221,219.32514095221478,0.0,0.0,0.0,0.0,0.0,8.0,88.0,8.0,0.0,430.91045457470403,90.34177057791285,90.33177057791285,107.7075755862965,0.0,0.0,0.0,-1.0,0.0,1215.5164608088967,230.5518667455918,191.37650505666898,124.99999999064991,225.0,47.0,80.00000002032672,1.0,67.56393404111424,35.00000002032672,2.0,472.5,0.0,0.0,0.0,0.0,0.0,0.0,0.0,-1.0,0.0,96.0,0.0,1.0,335.0,1.0,0.96875,0.96875,0.96875,0.96875,0.96875,1.1783376132104975,1.6401219466856727,0.0,1.0,0.08333333333333333,0.9166666666666666,0.08333333333333333,0.0,4.4886505684865,45.853137939276294,0.010416666666666666,0.020833333333333332,0.70379097959494,0.0,0.43865028190442956,0.3289877114283221,0.4000000000374003,11.75,0.0,0.0,125.0,0.0,0.0,107.7075755862965,0.0,0.0,0.0,0.0,0.08333333333333333,0.0,8.0,0.0,0.0,17.71756583795937,0.8103260020089196,0.0,99.99999998577502,99.99999998577502,17.71756583795937,0.0,0.0,0.0,1.0,0.0,0.0,1.9209372711558024,125.0,400.0,0.0,0.0,0.0,0.0,0.0,0.0,0.0,0.0,0.0,0.0,8.0,0.0,8.0,107.7075755862965,0.0,80.00000002032672,88.0,8.0,0.0,0.0,570.7653392469355,Rule+QP,0,335,test,0,0,3.8395041665353347,8.895324996046838
134.65811943736557,183.30074348096815,0.36469534577719515,0.36469534577719515,243.13023051813016,0.0,0.0,0.0,0.0,0.0,24.0,72.0,24.0,0.0,1994.8205714524133,139.77512334965832,139.76512334965832,498.645072765938,0.0,0.0,0.0,-1.0,2.220446049250313e-16,1719.6639703774738,762.5439665864981,182.51700114402115,124.99999999064886,225.0,60.0,79.99999954610053,1.0,38.84122557427323,34.999999546100526,2.0,472.5,0.0,0.0,0.0,0.0,0.0,0.0,0.0,-1.0,0.0,96.0,0.0,1.0,336.0,1.0,0.9791666666666666,0.9791666666666666,0.9791666666666666,0.9791666666666666,0.9791666666666666,1.1924838051932116,1.6401219466856727,0.0,1.0,0.25,0.75,0.25,0.0,20.779380952629307,114.09194061254894,0.010416666666666666,0.020833333333333332,0.4045960997320128,0.0,0.4862604610362603,0.36469534577719515,0.40000000003740455,15.0,0.0,0.0,125.0,0.0,0.0,498.645072765938,0.0,0.0,0.0,0.0,0.25,0.0,24.0,0.0,0.0,12.760419067272878,0.5565738541238866,2.220446049250313e-16,99.99999998577502,99.99999998577502,12.760419067272878,0.0,0.0,0.0,1.0,0.0,0.0,1.9209372711558024,125.0,400.0,0.0,0.0,0.0,0.0,0.0,0.0,0.0,0.0,0.0,0.0,24.0,0.0,24.0,498.645072765938,5.837244176021272e-06,79.99999954610053,72.0,24.0,0.0,0.0,842.4169183211943,Rule+QP,0,336,test,0,0,4.492728125039018,9.00664999790024
205.12375835380138,279.54835679551434,0.36330799429136557,0.36330799429136557,242.2053295275769,0.0,0.0,0.0,0.0,0.0,8.0,89.0,8.0,0.0,174.90988392977732,47.477555387265085,47.46755538726509,43.70747255053012,0.0,0.0,0.0,-1.0,0.0,1683.3949062467493,180.84848412193813,205.20385209981666,124.99999996259756,225.0,52.0,79.9999992678703,0.0,34.999999267870294,34.999999267870294,1.0,472.5,0.0,0.0,0.0,0.0,0.0,0.0,0.0,-1.0,0.0,96.0,0.0,1.0,337.0,1.0,0.9791666666666666,0.9791666666666666,0.9791666666666666,0.9791666666666666,0.9791666666666666,1.1820137996346645,1.6401219466856727,0.0,1.0,0.08333333333333333,0.9270833333333334,0.08333333333333333,0.0,1.821977957601847,12.792101076196873,0.0,0.010416666666666666,0.3645833257069822,0.0,0.4844106590551538,0.36330799429136557,0.4000000001496098,13.0,0.0,0.0,125.0,0.0,0.0,43.70747255053012,0.0,0.0,0.0,0.0,0.08333333333333333,0.0,8.0,0.0,0.0,31.51460852399427,0.8925691865581601,0.0,99.99999995641832,99.99999995641832,31.51460852399427,0.0,0.0,0.0,1.0,0.0,0.0,1.6401219464199503,125.0,400.0,0.0,0.0,0.0,0.0,0.0,0.0,0.0,0.0,0.0,0.0,8.0,0.0,8.0,43.70747255053012,2.9286933749261834e-05,79.9999992678703,88.0,8.0,0.0,0.0,567.7701986121269,Rule+QP,0,337,test,0,0,3.571806249965448,8.30672499978391
250.75367966886952,333.2203375745206,0.44049323510413774,0.44049323510413774,293.66215673609173,0.021919158337034443,0.0,0.0,0.0,0.0,0.0,96.0,0.0,0.0,0.0,0.0,0.0,0.0,0.0,0.0,0.0,-1.0,0.0,883.8007838747099,20.726526082784865,233.435755961249,124.99999997194973,224.99999999695524,27.0,79.99999997593862,0.0,34.99999997593862,34.99999997593862,1.0,472.5,0.0,0.0,0.0,0.0,0.0,0.0,0.0,-1.0,0.0,96.0,0.0,1.0,338.0,1.0,0.9583333333333334,0.9583333333333334,0.9583333333333334,0.9583333333333334,0.9583333333333334,1.1543026396207694,1.6401219466856727,0.0,0.0,0.0,1.0,0.0,0.0,0.0,0.0,0.0,0.010416666666666666,0.36458333308269397,0.0,0.5873243134721835,0.44049323510413774,0.400000000100022,6.75,0.0,0.0,125.0,0.0,0.0,0.0,0.0,0.0,0.0,0.0,0.0,0.0,0.0,0.0,0.0,31.37094154705325,0.9765484185339632,0.0,99.99999998575741,99.99999998575741,31.37094154705325,0.0,0.0,0.0,1.0,0.0,0.0,1.640121946598834,125.0,400.0,0.0,0.0,0.0,0.0,0.0,0.0,0.0,0.0,0.0,0.0,0.0,0.0,0.0,0.0,0.0,79.99999997593862,96.0,0.0,0.0,0.0,625.3343879944653,Rule+QP,0,338,test,0,0,3.0780416666402743,3.6276750015531434
245.7301050818789,328.14534669353276,0.30846259203761545,0.30846259203761545,205.6417280250769,0.030568822123596025,0.0,0.0,0.0,0.0,0.0,96.0,0.0,0.0,0.0,0.0,0.0,0.0,0.0,0.0,0.0,-1.0,0.0,901.3968361355217,0.0,238.6911200072872,125.0,224.9999999969589,34.0,79.99999970039335,0.0,34.999999700393346,34.999999700393346,1.0,472.5,0.0,0.0,0.0,0.0,0.0,0.0,0.0,-1.0,0.0,96.0,0.0,1.0,339.0,1.0,0.9583333333333334,0.9583333333333334,0.9583333333333334,0.9583333333333334,0.9583333333333334,1.1754457705008463,1.6401219466856727,0.0,0.0,0.0,1.0,0.0,0.0,0.0,0.0,0.0,0.010416666666666666,0.36458333021243067,0.0,0.4112834560501538,0.30846259203761545,0.39999999998783564,8.5,0.0,0.0,125.0,0.0,0.0,0.0,0.0,0.0,0.0,0.0,0.0,0.0,0.0,0.0,0.0,34.73028720473174,1.0,0.0,99.99999998575741,99.99999998575741,34.73028720473174,0.0,0.0,0.0,1.0,0.0,0.0,1.3,125.0,400.0,0.0,0.0,0.0,0.0,0.0,0.0,0.0,0.0,0.0,0.0,0.0,0.0,0.0,0.0,0.0,79.99999970039335,96.0,0.0,0.0,0.0,615.5736659707082,Rule+QP,0,339,test,0,0,3.0519562496920116,3.5765499978879234
305.59612310576944,399.2209939477023,0.3003947376728746,0.3003947376728746,200.263158448583,0.0,0.0,0.0,0.0,0.0,0.0,96.0,0.0,0.0,0.0,0.0,0.0,0.0,0.0,0.0,0.0,-1.0,2.220446049250313e-16,180.56343030371926,0.0,199.82872705705736,124.99999998129879,224.99999999695976,79.0,80.00000004968324,0.0,35.00000004968324,35.00000004968324,1.0,472.5,0.0,0.0,0.0,0.0,0.0,0.0,0.0,-1.0,0.0,96.0,0.0,1.0,340.0,1.0,0.96875,0.96875,0.96875,0.96875,0.96875,1.1497569803194623,1.6401219466856727,0.0,0.0,0.0,1.0,0.0,0.0,0.0,0.0,0.0,0.010416666666666666,0.36458333385086705,0.0,0.400526316897166,0.3003947376728746,0.4000000000626439,19.75,0.0,0.0,125.0,0.0,0.0,0.0,0.0,0.0,0.0,0.0,0.0,0.0,0.0,0.0,0.0,34.1069769872596,1.0,2.220446049250313e-16,99.99999995641843,99.99999995641843,34.1069769872596,0.0,0.0,0.0,1.0,0.0,0.0,1.920937271002978,125.0,400.0,0.0,0.0,0.0,0.0,0.0,0.0,0.0,0.0,0.0,0.0,0.0,0.0,0.0,0.0,0.0,80.00000004968324,96.0,0.0,0.0,0.0,749.4577961541139,Rule+QP,0,340,test,0,0,3.209282292118587,3.980450001108693
196.4300513190242,258.09650033584444,0.37416079974124933,0.37416079974124933,249.44053316083298,0.005578857654109736,0.0,0.0,0.0,0.0,14.0,82.0,14.0,0.0,467.61773985224977,54.24626441158361,54.23626441158361,116.86938647779267,0.0,0.0,0.0,-1.0,0.0,1755.800062704539,288.84872250606725,227.9848840436055,125.0,225.0,53.0,80.00000015170109,0.0,35.00000015170109,35.00000015170109,1.0,472.5,0.0,0.0,0.0,0.0,0.0,0.0,0.0,-1.0,0.0,96.0,0.0,1.0,341.0,1.0,0.9583333333333334,0.9583333333333334,0.9583333333333334,0.9583333333333334,0.9583333333333334,1.1827949436027163,1.6401219466856727,0.0,1.0,0.14583333333333334,0.8541666666666666,0.14583333333333334,0.0,4.871018123460934,40.171135025925075,0.0,0.010416666666666666,0.364583334913553,0.0,0.49888106632166596,0.37416079974124933,0.4,13.25,0.0,0.0,125.0,0.0,0.0,116.86938647779267,0.0,0.0,0.0,0.0,0.14583333333333334,0.0,14.0,0.0,0.0,24.990038452699423,0.8354888300544081,0.0,99.99999998575741,99.99999998575741,24.990038452699423,0.0,0.0,0.0,1.0,0.0,0.0,1.640121946598834,125.0,400.0,0.0,0.0,0.0,0.0,0.0,0.0,0.0,0.0,0.0,0.0,14.0,0.0,14.0,116.86938647779267,8.242571118088904e-06,80.00000015170109,82.0,14.0,0.0,0.0,601.4658318716105,Rule+QP,0,341,test,0,0,3.5103885416750322,7.018100001005223
159.77929235380284,212.23378098341385,0.41000685714693197,0.41000685714693197,273.3379047646213,0.0,0.0,0.0,0.0,0.0,17.0,79.0,17.0,0.0,861.7304141139847,82.76894022077023,82.75894022077021,215.3900397941856,0.0,0.0,0.0,-1.0,0.0,1672.47125574245,450.2006991167814,197.98121056908303,124.99999998129879,225.0,53.0,79.99999977799403,1.0,45.467231875574,34.999999777994034,2.0,472.5,0.0,0.0,0.0,0.0,0.0,0.0,0.0,-1.0,0.0,96.0,0.0,1.0,342.0,1.0,0.9791666666666666,0.9791666666666666,0.9791666666666666,0.9791666666666666,0.9791666666666666,1.184672131311009,1.6401219466856727,0.0,1.0,0.17708333333333334,0.8229166666666666,0.17708333333333334,0.0,8.976358480354007,68.37222073994779,0.010416666666666666,0.020833333333333332,0.47361699870389584,0.0,0.5466758095292427,0.41000685714693197,0.40000000007480485,13.25,0.0,0.0,125.0,0.0,0.0,215.3900397941856,0.0,0.0,0.0,0.0,0.17708333333333334,0.0,17.0,0.0,0.0,13.148024657824266,0.7308170782780201,0.0,99.99999998575731,99.99999998575731,13.148024657824266,0.0,0.0,0.0,1.0,0.0,0.0,1.9209372711557102,125.0,400.0,0.0,0.0,0.0,0.0,0.0,0.0,0.0,0.0,0.0,0.0,17.0,0.0,17.0,215.3900397941856,3.3759600002625234e-05,79.99999977799403,79.0,17.0,0.0,0.0,613.7987816568575,Rule+QP,0,342,test,0,0,3.1142718751198117,6.710174997351714
136.41435899472006,177.20084882892425,0.35160252541994225,0.35160252541994225,234.40168361329484,0.0,0.0,0.0,0.0,0.0,22.0,74.0,22.0,0.0,1672.1861913024445,125.38297943875915,125.37297943875915,417.9914687584806,0.0,0.0,0.0,-1.0,0.0,1615.1777927435635,673.285997282003,193.55943882139064,125.0,225.0,55.0,79.99999950753354,2.0,44.99999949353699,34.999999507533545,3.0,472.5,0.0,0.0,0.0,0.0,0.0,0.0,0.0,-1.0,0.0,96.0,0.0,1.0,343.0,1.0,0.96875,0.96875,0.96875,0.9583333333333334,0.9583333333333334,1.2022402013628648,1.6401219466856727,0.0,1.0,0.22916666666666666,0.7708333333333334,0.22916666666666666,0.0,17.418606159400465,108.83757310465228,0.020833333333333332,0.03125,0.46874999472434364,0.0,0.46880336722658966,0.35160252541994225,0.4,13.75,0.0,0.0,125.0,0.0,0.0,417.9914687584806,0.0,0.0,0.0,0.0,0.22916666666666666,0.0,22.0,0.0,0.0,9.940542559426149,0.5831505359305678,0.0,99.99999998575741,99.99999998575741,9.940542559426149,0.0,0.0,0.0,1.0,0.0,0.0,1.9209372711557107,125.0,400.0,0.0,0.0,0.0,0.0,0.0,0.0,0.0,0.0,0.0,0.0,22.0,0.0,22.0,417.9914687584806,4.157178656427618e-06,79.99999950753354,74.0,22.0,0.0,0.0,750.9460350754358,Rule+QP,0,343,test,0,0,3.290268750257989,6.93857499754813
281.66059227191823,375.3235997319887,0.30039473764649155,0.30039473764649155,200.26315843099425,0.001132126108686738,0.0,0.0,0.0,0.0,0.0,96.0,0.0,0.0,0.0,0.0,0.0,0.0,0.0,0.0,0.0,-1.0,2.220446049250313e-16,342.7856920886449,0.0,223.5970243395447,124.99999999064991,224.99999998993428,67.0,79.9999998564264,0.0,34.9999998564264,34.9999998564264,1.0,472.5,0.0,0.0,0.0,0.0,0.0,0.0,0.0,-1.0,0.0,96.0,0.0,1.0,344.0,1.0,0.96875,0.96875,0.96875,0.96875,0.96875,1.1581091490290294,1.6401219466856727,0.0,0.0,0.0,1.0,0.0,0.0,0.0,0.0,0.0,0.010416666666666666,0.36458333183777497,0.0,0.40052631686198853,0.30039473764649155,0.3999999999971375,16.75,0.0,0.0,125.0,0.0,0.0,0.0,0.0,0.0,0.0,0.0,0.0,0.0,0.0,0.0,0.0,35.93928244075437,1.0,2.220446049250313e-16,99.99999998575731,99.99999998575731,35.93928244075437,0.0,0.0,0.0,1.0,0.0,0.0,1.3,125.0,400.0,0.0,0.0,0.0,0.0,0.0,0.0,0.0,0.0,0.0,0.0,0.0,0.0,0.0,0.0,0.0,79.9999998564264,96.0,0.0,0.0,0.0,704.0500656085264,Rule+QP,0,344,test,0,0,2.4038927080406816,2.893849998145015
300.8171783288964,413.0697511560128,0.3003947374379885,0.3003947374379885,200.26315829199226,0.0032469085058288985,0.0,0.0,0.0,0.0,0.0,96.0,0.0,0.0,0.0,0.0,0.0,0.0,0.0,0.0,0.0,-1.0,0.0,221.55180739988543,0.0,226.09159468291364,124.99999999064991,224.99999998992,21.0,79.99999958467703,0.0,34.99999958467703,34.99999958467703,1.0,472.5,0.0,0.0,0.0,0.0,0.0,0.0,0.0,-1.0,0.0,96.0,0.0,1.0,345.0,1.0,0.96875,0.96875,0.96875,0.96875,0.96875,1.189393704006892,1.6401219466856727,0.0,0.0,0.0,1.0,0.0,0.0,0.0,0.0,0.0,0.010416666666666666,0.36458332900705237,0.0,0.4005263165839845,0.3003947374379885,0.3999999999970804,5.25,0.0,0.0,125.0,0.0,0.0,0.0,0.0,0.0,0.0,0.0,0.0,0.0,0.0,0.0,0.0,26.622624268194997,1.0,0.0,99.9999999857749,99.9999999857749,26.622624268194997,0.0,0.0,0.0,1.0,0.0,0.0,1.6401219465989405,125.0,400.0,0.0,0.0,0.0,0.0,0.0,0.0,0.0,0.0,0.0,0.0,0.0,0.0,0.0,0.0,0.0,79.99999958467703,96.0,0.0,0.0,0.0,773.910911559657,Rule+QP,0,345,test,0,0,2.404853125957137,3.102400001807837
248.52744520552457,348.3664164922508,0.30039482181438804,0.30039482181438804,200.2632145429253,1.375209593437712e-05,0.0,0.0,0.0,0.0,5.0,91.0,5.0,0.0,152.70371587329964,41.02564878103348,41.015755435620655,38.16347730044274,0.0,0.0,0.0,-1.0,2.7755575615628914e-16,1069.8179466163513,99.27538054135414,220.39644269532758,124.99999995960552,225.0,48.0,79.99999957541482,1.0,68.79703456446227,34.99999957541482,2.0,472.5,0.0,0.0,0.0,0.0,0.0,0.0,0.0,-1.0,0.0,96.0,0.0,1.0,346.0,1.0,0.9791666666666666,0.9791666666666666,0.9791666666666666,0.9791666666666666,0.9791666666666666,1.194481827594984,1.6401219466856727,0.0,1.0,0.052083333333333336,0.9479166666666666,0.052083333333333336,0.0,1.5906637070135379,2.2306425948154387,0.010416666666666666,0.020833333333333332,0.7166357767131486,0.0,0.4005264290858506,0.30039482181438804,0.40000000016157794,12.0,0.0,0.0,125.0,0.0,0.0,38.16347730044274,0.0,0.0,0.0,0.0,0.052083333333333336,0.0,5.0,0.0,0.0,27.968760090162036,0.9072034818116999,2.7755575615628914e-16,99.99999995641843,99.99999995641843,27.968760090162036,0.0,0.0,0.0,1.0,0.0,0.0,1.920937271002978,125.0,400.0,0.0,0.0,0.0,0.0,0.0,0.0,0.0,0.0,0.0,0.0,5.0,0.0,5.0,38.16347730044274,4.85056183912036e-05,79.99999957541482,91.0,5.0,0.0,0.0,690.3761800809572,Rule+QP,0,346,test,0,0,2.5869989581224218,3.833275000943104
244.5022817682155,293.49570550533,0.3612182161502032,0.3612182161502032,240.81214410013555,1.0481194726463078e-05,0.0,0.0,0.0,0.0,5.0,91.0,5.0,0.0,119.73824812312967,34.17991119647447,34.16992021404645,29.92195817584792,0.0,0.0,0.0,-1.0,0.0,1658.1048656062035,160.9465239165786,220.34609981593198,124.99999995520805,225.0,49.0,61.22298706940294,1.0,23.0792545462047,16.22298706940294,2.0,472.5,0.0,0.0,0.0,0.0,0.0,0.0,0.0,-1.0,0.0,96.0,0.0,1.0,347.0,1.0,0.9895833333333334,0.9895833333333334,0.9895833333333334,0.9895833333333334,0.9895833333333334,1.2521838300954509,1.6401219466856727,0.0,1.0,0.052083333333333336,0.9479166666666666,0.052083333333333336,0.0,1.2472734179492673,0.3213702213918791,0.010416666666666666,0.020833333333333332,0.24040890152296565,0.0,0.4816242882002711,0.3612182161502032,0.40000000017916776,12.25,0.0,0.0,125.0,0.0,0.0,29.92195817584792,0.0,0.0,0.0,0.0,0.052083333333333336,0.0,5.0,0.0,0.0,22.860135458961636,0.9029334469398975,0.0,99.99999998074415,99.99999998074415,22.860135458961636,0.0,0.0,0.0,1.0,0.0,0.0,1.9209372711296127,125.0,400.0,0.0,0.0,0.0,0.0,0.0,0.0,0.0,0.0,0.0,0.0,5.0,0.0,5.0,29.92195817584792,3.5200792005696258e-06,61.22298706940294,91.0,5.0,0.0,0.0,583.0256849596084,Rule+QP,0,347,test,0,0,2.7497364585542527,4.6044000027904985
227.22676344048372,332.5696962372345,0.31933702894616633,0.31933702894616633,212.89135263077748,0.0,0.0,0.0,0.0,0.0,2.0,94.0,2.0,0.0,35.00941171801302,27.815934185650914,27.805934185650916,8.74726505465661,0.0,0.0,0.0,-1.0,0.0,1228.601247154842,53.25045438472111,208.81242377129408,124.99999996259754,225.0,45.0,80.00000006433673,1.0,54.10663672769415,35.00000006433673,2.0,472.5,0.0,0.0,0.0,0.0,0.0,0.0,0.0,-1.0,0.0,96.0,0.0,1.0,348.0,1.0,0.9791666666666666,0.9791666666666666,0.9791666666666666,0.9791666666666666,0.9791666666666666,1.1444025383642242,1.3850304866714183,0.0,1.0,0.020833333333333332,0.9791666666666666,0.020833333333333332,0.0,0.3646813720626356,0.0,0.010416666666666666,0.020833333333333332,0.5636107992468141,0.0,0.42578270526155493,0.31933702894616633,0.40000000014960985,11.25,0.0,0.0,125.0,0.0,0.0,8.74726505465661,0.0,0.0,0.0,0.0,0.020833333333333332,0.0,2.0,0.0,0.0,32.98744919620033,0.9566576588555181,0.0,99.99999998575741,99.99999998575741,32.98744919620033,0.0,0.0,0.0,1.0,0.0,0.0,1.9209372711557107,125.0,400.0,0.0,0.0,0.0,0.0,0.0,0.0,0.0,0.0,0.0,0.0,2.0,0.0,2.0,8.74726505465661,4.79516621254561e-06,80.00000006433673,94.0,2.0,0.0,0.0,630.4147316546733,Rule+QP,0,348,test,0,0,2.5195718760642194,3.2241750031971605
169.4006169188671,250.5775114092994,0.3286722877518302,0.3286722877518302,219.11485850122003,0.00014363302430802166,0.0,0.0,0.0,0.0,17.0,79.0,17.0,0.0,513.8605211860789,51.67832986180358,51.66832986180359,128.42261349486452,0.0,0.0,0.0,-1.0,0.0,1549.6277768157106,327.53638495609067,221.2812182787511,124.99999995436644,225.0,56.0,79.99999989579867,0.0,34.999999895798666,34.999999895798666,1.0,472.5,0.0,0.0,0.0,0.0,0.0,0.0,0.0,-1.0,0.0,96.0,0.0,1.0,349.0,1.0,0.9895833333333334,0.9895833333333334,0.9895833333333334,0.9895833333333334,0.9895833333333334,1.224347529437764,1.6401219466856727,0.0,1.0,0.17708333333333334,0.8229166666666666,0.17708333333333334,0.0,5.35271376235499,36.53587215289531,0.0,0.010416666666666666,0.3645833322479028,0.0,0.43822971700244007,0.3286722877518302,0.40000000018253423,14.0,0.0,0.0,125.0,0.0,0.0,128.42261349486452,0.0,0.0,0.0,0.0,0.17708333333333334,0.0,17.0,0.0,0.0,8.47020444260258,0.78863544532666,0.0,99.99999998577502,99.99999998577502,8.47020444260258,0.0,0.0,0.0,1.0,0.0,0.0,1.9209372711558024,125.0,400.0,0.0,0.0,0.0,0.0,0.0,0.0,0.0,0.0,0.0,0.0,17.0,0.0,17.0,128.42261349486452,5.394281720683125e-05,79.99999989579867,79.0,17.0,0.0,0.0,596.7310116442668,Rule+QP,0,349,test,0,0,3.195959375185945,7.404774998576613
142.40718701539382,215.8748966125279,0.3163251533665182,0.3163251533665182,210.88343557767868,0.0,0.0,0.0,0.0,0.0,12.0,84.0,12.0,0.0,680.8908334499116,94.05601505302512,94.0460150530251,170.19274506660742,0.0,0.0,0.0,-1.0,0.0,1161.0506561200398,350.72408260318593,185.64296930491568,124.99999999064991,225.0,60.0,79.99999989578625,0.0,34.999999895786246,34.999999895786246,1.0,472.5,0.0,0.0,0.0,0.0,0.0,0.0,0.0,-1.0,0.0,96.0,0.0,1.0,350.0,1.0,0.9791666666666666,0.9791666666666666,0.9791666666666666,0.9791666666666666,0.9791666666666666,1.1781975890496788,1.6401219466856727,0.0,1.0,0.125,0.875,0.125,0.0,7.092612848436578,60.96493961174821,0.0,0.010416666666666666,0.3645833322477734,0.0,0.4217668711553574,0.3163251533665182,0.4000000000374003,15.0,0.0,0.0,125.0,0.0,0.0,170.19274506660742,0.0,0.0,0.0,0.0,0.125,0.0,12.0,0.0,0.0,13.043462742921676,0.6979252535154461,0.0,99.99999998575731,99.99999998575731,13.043462742921676,0.0,0.0,0.0,1.0,0.0,0.0,1.9209372711557102,125.0,400.0,0.0,0.0,0.0,0.0,0.0,0.0,0.0,0.0,0.0,0.0,12.0,0.0,12.0,170.19274506660742,3.6704129517062256e-05,79.99999989578625,84.0,12.0,0.0,0.0,573.3246028240632,Rule+QP,0,350,test,0,0,3.6908958330362416,8.810700004687533
215.86870198961233,338.4795369776619,0.43520429981852005,0.43520429981852005,290.1361998790131,0.0037231596815434625,0.0,0.0,0.0,0.0,3.0,93.0,3.0,0.0,33.05531962004626,13.76555459821572,13.755554598215722,8.256298185997458,0.0,0.0,0.0,-1.0,0.0,1581.5572176009157,127.02584779155791,225.6950362023732,125.0,225.0,49.0,79.99999985644111,0.0,34.99999985644111,34.99999985644111,1.0,472.5,0.0,0.0,0.0,0.0,0.0,0.0,0.0,-1.0,0.0,96.0,0.0,1.0,351.0,1.0,0.96875,0.96875,0.96875,0.96875,0.96875,1.1710060644793625,1.6401219466856727,0.0,1.0,0.03125,0.96875,0.03125,0.0,0.34432624604214856,0.0,0.0,0.010416666666666666,0.3645833318379282,0.0,0.5802723997580261,0.43520429981852005,0.4,12.25,0.0,0.0,125.0,0.0,0.0,8.256298185997458,0.0,0.0,0.0,0.0,0.03125,0.0,3.0,0.0,0.0,15.607609350767802,0.9196830526408365,0.0,99.99999998575731,99.99999998575731,15.607609350767802,0.0,0.0,0.0,1.0,0.0,0.0,1.6401219465988335,125.0,400.0,0.0,0.0,0.0,0.0,0.0,0.0,0.0,0.0,0.0,0.0,3.0,0.0,3.0,8.256298185997458,5.866972845325336e-07,79.99999985644111,93.0,3.0,0.0,0.0,639.5452624042499,Rule+QP,0,351,test,0,0,3.587835416510643,4.384650001156842
225.72297024812445,351.4251027464239,0.3237387422329725,0.3237387422329725,215.82582815531504,0.0,0.0,0.0,0.0,0.0,0.0,96.0,0.0,0.0,0.0,0.0,0.0,0.0,0.0,0.0,0.0,-1.0,0.0,1271.085990805553,29.108240601497307,207.89131264999665,124.99999998129879,224.99999999695976,46.0,80.00000004968334,0.0,35.00000004968334,35.00000004968334,1.0,472.5,0.0,0.0,0.0,0.0,0.0,0.0,0.0,-1.0,0.0,96.0,0.0,1.0,352.0,1.0,0.9791666666666666,0.9791666666666666,0.9791666666666666,0.9791666666666666,0.9791666666666666,1.1856429608930221,1.6401219466856727,0.0,0.0,0.0,1.0,0.0,0.0,0.0,0.0,0.0,0.010416666666666666,0.3645833338508681,0.0,0.43165165631063007,0.3237387422329725,0.4000000000626439,11.5,0.0,0.0,125.0,0.0,0.0,0.0,0.0,0.0,0.0,0.0,0.0,0.0,0.0,0.0,0.0,22.288071615086864,0.9770997077994307,0.0,99.99999995641843,99.99999995641843,22.288071615086864,0.0,0.0,0.0,1.0,0.0,0.0,1.3,125.0,400.0,0.0,0.0,0.0,0.0,0.0,0.0,0.0,0.0,0.0,0.0,0.0,0.0,0.0,0.0,0.0,80.00000004968334,96.0,0.0,0.0,0.0,655.4612207106085,Rule+QP,0,352,test,0,0,3.003702083181755,3.626450001320336
241.43282963470244,380.6940052363307,0.41745053966830253,0.41745053966830253,278.30035977886826,0.0,0.0,0.0,0.0,0.0,0.0,96.0,0.0,0.0,0.0,0.0,0.0,0.0,0.0,0.0,0.0,-1.0,3.3306690738754696e-16,1020.0741202476165,40.00000000476877,200.95105464181339,124.99999997194764,224.99999999000792,38.0,79.9999997297323,0.0,34.999999729732295,34.999999729732295,1.0,472.5,0.0,0.0,0.0,0.0,0.0,0.0,0.0,-1.0,0.0,96.0,0.0,1.0,353.0,1.0,0.9895833333333334,0.9895833333333334,0.9895833333333334,0.9895833333333334,0.9895833333333334,1.1866388348813894,1.6401219466856727,0.0,0.0,0.0,1.0,0.0,0.0,0.0,0.0,0.0,0.010416666666666666,0.36458333051804476,0.0,0.5566007195577365,0.41745053966830253,0.4000000000722411,9.5,0.0,0.0,125.0,0.0,0.0,0.0,0.0,0.0,0.0,0.0,0.0,0.0,0.0,0.0,0.0,26.965482383887363,0.9607871631964754,3.3306690738754696e-16,99.99999995641832,99.99999995641832,26.965482383887363,0.0,0.0,0.0,1.0,0.0,0.0,1.3,125.0,400.0,0.0,0.0,0.0,0.0,0.0,0.0,0.0,0.0,0.0,0.0,0.0,0.0,0.0,0.0,0.0,79.9999997297323,96.0,0.0,0.0,0.0,709.8099429285339,Rule+QP,0,353,test,0,0,2.757855208225616,3.595249998397776
272.7093943259511,423.3191488796726,0.30039473758178376,0.30039473758178376,200.2631583878558,0.0,0.0,0.0,0.0,0.0,0.0,96.0,0.0,0.0,0.0,0.0,0.0,0.0,0.0,0.0,0.0,-1.0,2.220446049250313e-16,493.65249096851795,0.0,212.0564410551338,124.99999999064886,224.99999998993425,31.0,79.9999998564194,0.0,34.99999985641939,34.99999985641939,1.0,472.5,0.0,0.0,0.0,0.0,0.0,0.0,0.0,-1.0,0.0,96.0,0.0,1.0,354.0,1.0,0.9791666666666666,0.9791666666666666,0.9791666666666666,0.9791666666666666,0.9791666666666666,1.1969495488498223,1.6401219466856727,0.0,0.0,0.0,1.0,0.0,0.0,0.0,0.0,0.0,0.010416666666666666,0.36458333183770203,0.0,0.4005263167757116,0.30039473758178376,0.3999999999971416,7.75,0.0,0.0,125.0,0.0,0.0,0.0,0.0,0.0,0.0,0.0,0.0,0.0,0.0,0.0,0.0,30.23815027126605,1.0,2.220446049250313e-16,99.99999998575731,99.99999998575731,30.23815027126605,0.0,0.0,0.0,1.0,0.0,0.0,1.6401219465988335,125.0,400.0,0.0,0.0,0.0,0.0,0.0,0.0,0.0,0.0,0.0,0.0,0.0,0.0,0.0,0.0,0.0,79.9999998564194,96.0,0.0,0.0,0.0,789.5458021535886,Rule+QP,0,354,test,0,0,3.2880333336985736,4.3091250026918715
200.48803203870875,307.82644691413077,0.3003948736976774,0.3003948736976774,200.26324913178493,0.0,0.0,0.0,0.0,0.0,13.0,83.0,13.0,0.0,526.5655897954132,53.78959905749306,53.77959905749305,131.60894053391317,0.0,0.0,0.0,-1.0,0.0,1809.5229109295833,311.83460530018,211.11767921335058,125.0,225.0,70.0,79.99999989576864,0.0,34.99999989576864,34.99999989576864,1.0,472.5,0.0,0.0,0.0,0.0,0.0,0.0,0.0,-1.0,0.0,96.0,0.0,1.0,355.0,1.0,0.96875,0.96875,0.96875,0.96875,0.96875,1.1820738027587747,1.6401219466856727,0.0,1.0,0.13541666666666666,0.8645833333333334,0.13541666666666666,0.0,5.485058227035554,44.420669760308265,0.0,0.010416666666666666,0.36458333224759,0.0,0.40052649826356984,0.3003948736976774,0.4,17.5,0.0,0.0,125.0,0.0,0.0,131.60894053391317,0.0,0.0,0.0,0.0,0.13541666666666666,0.0,13.0,0.0,0.0,32.55159604171064,0.8276702641250422,0.0,99.99999998577502,99.99999998577502,32.55159604171064,0.0,0.0,0.0,1.0,0.0,0.0,1.3,125.0,400.0,0.0,0.0,0.0,0.0,0.0,0.0,0.0,0.0,0.0,0.0,13.0,0.0,13.0,131.60894053391317,4.308505986116984e-05,79.99999989576864,83.0,13.0,0.0,0.0,706.0457430569171,Rule+QP,0,355,test,0,0,3.125212499829407,6.806275001508766
160.929264072895,247.84132156664762,0.47174379997895244,0.47174379997895244,314.49586665263496,0.0,0.0,0.0,0.0,0.0,18.0,78.0,18.0,0.0,1109.4297052577838,126.74181191270348,126.73181191270346,277.3123666467484,0.0,0.0,0.0,-1.0,3.885780586188048e-16,1720.7467719177735,533.4193230570015,212.34053342241987,124.99999998129877,225.0,49.0,90.93653527077788,1.0,80.93653545180145,45.93653527077788,2.0,472.5,0.0,0.0,0.0,0.0,0.0,0.0,0.0,-1.0,0.0,96.0,0.0,1.0,356.0,1.0,0.96875,0.96875,0.96875,0.96875,0.96875,1.154361991722922,1.6401219466856727,0.0,1.0,0.1875,0.8125,0.1875,0.0,11.556559429768583,78.53224839824021,0.010416666666666666,0.020833333333333332,0.843088910956265,0.0,0.6289917333052699,0.47174379997895244,0.4000000000748049,12.25,0.0,0.0,125.0,0.0,0.0,277.3123666467484,0.0,0.0,0.0,0.0,0.1875,0.0,18.0,0.0,0.0,17.49105276217459,0.6900070761356099,3.885780586188048e-16,99.99999995641843,99.99999995641843,17.49105276217459,0.0,0.0,0.0,1.0,0.0,0.0,1.640121946419951,125.0,400.0,0.0,0.0,0.0,0.0,0.0,0.0,0.0,0.0,0.0,0.0,18.0,0.0,18.0,277.3123666467484,1.9210899857569075e-05,90.93653527077788,78.0,18.0,0.0,0.0,739.9914156739825,Rule+QP,0,356,test,0,0,3.398835416798344,7.543725001596613
140.6760369183493,212.37635681123496,0.41506461282749624,0.41506461282749624,276.70974188499764,0.0,0.0,0.0,0.0,0.0,26.0,70.0,26.0,0.0,2039.2958484279018,135.9743714251652,135.9643714251652,509.7589294404661,0.0,0.0,0.0,-1.0,0.0,1714.0097175703415,814.8672018471924,188.85287527387118,124.99999997194658,225.0,61.0,79.99999973905398,0.0,34.999999739053976,34.999999739053976,1.0,472.5,0.0,0.0,0.0,0.0,0.0,0.0,0.0,-1.0,0.0,96.0,0.0,1.0,357.0,1.0,0.9791666666666666,0.9791666666666666,0.9791666666666666,0.9791666666666666,0.9791666666666666,1.1716678923045758,1.6401219466856727,0.0,1.0,0.2708333333333333,0.7291666666666666,0.2708333333333333,0.0,21.24266508779064,113.5421160504695,0.0,0.010416666666666666,0.3645833306151456,0.0,0.5534194837699953,0.41506461282749624,0.4000000001122137,15.25,0.0,0.0,125.0,0.0,0.0,509.7589294404661,0.0,0.0,0.0,0.0,0.2708333333333333,0.0,26.0,0.0,0.0,7.486862692473721,0.5245842578989048,0.0,99.9999999857749,99.9999999857749,7.486862692473721,0.0,0.0,0.0,1.0,0.0,0.0,1.3,125.0,400.0,0.0,0.0,0.0,0.0,0.0,0.0,0.0,0.0,0.0,0.0,26.0,0.0,26.0,509.7589294404661,1.1623406191318963e-05,79.99999973905398,70.0,26.0,0.0,0.0,906.5190400053513,Rule+QP,0,357,test,0,0,3.63464583347195,7.3923000036302255
198.4427157155653,304.7119499997213,0.3502073901132037,0.3502073901132037,233.47159340880242,0.0,0.0,0.0,0.0,0.0,5.0,92.0,5.0,0.0,115.41022806004752,40.650122912709165,40.64019421603559,28.84005268467512,0.0,0.0,0.0,-1.0,3.3306690738754696e-16,1669.3607482035866,157.94873817376126,205.911532117765,124.99999998129982,225.0,52.0,79.9999998170801,1.0,35.63769675750539,34.999999817080095,2.0,472.5,0.0,0.0,0.0,0.0,0.0,0.0,0.0,-1.0,0.0,96.0,0.0,1.0,358.0,1.0,0.9583333333333334,0.9583333333333334,0.9583333333333334,0.9479166666666666,0.9479166666666666,1.1395034075056794,1.6401219466856727,0.0,1.0,0.052083333333333336,0.9583333333333334,0.052083333333333336,0.0,1.2021898756254952,0.217582681396725,0.010416666666666666,0.020833333333333332,0.3712260078906811,0.0,0.4669431868176048,0.3502073901132037,0.4000000000748007,13.0,0.0,0.0,125.0,0.0,0.0,28.84005268467512,0.0,0.0,0.0,0.0,0.052083333333333336,0.0,5.0,0.0,0.0,27.88867936807341,0.9053836995126839,3.3306690738754696e-16,99.9999999857749,99.9999999857749,27.88867936807341,0.0,0.0,0.0,1.0,0.0,0.0,1.3,125.0,400.0,0.0,0.0,0.0,0.0,0.0,0.0,0.0,0.0,0.0,0.0,5.0,0.0,5.0,28.84005268467512,1.914800706082076e-05,79.9999998170801,91.0,5.0,0.0,0.0,597.5160416458433,Rule+QP,0,358,test,0,0,2.8474187501312067,4.534374998911517
262.3199837296661,389.43377283405067,0.30039473750025875,0.30039473750025875,200.26315833350577,0.0,0.0,0.0,0.0,0.0,0.0,96.0,0.0,0.0,0.0,0.0,0.0,0.0,0.0,0.0,0.0,-1.0,0.0,655.2506881156722,0.0,200.1002994198296,124.99999998129772,224.99999999695976,81.0,79.99999931521248,0.0,34.99999931521248,34.99999931521248,1.0,472.5,0.0,0.0,0.0,0.0,0.0,0.0,0.0,-1.0,0.0,96.0,0.0,1.0,359.0,1.0,0.96875,0.96875,0.96875,0.96875,0.96875,1.2002802931905134,1.6401219466856727,0.0,0.0,0.0,1.0,0.0,0.0,0.0,0.0,0.0,0.010416666666666666,0.36458332620012995,0.0,0.40052631666701155,0.30039473750025875,0.40000000006264813,20.25,0.0,0.0,125.0,0.0,0.0,0.0,0.0,0.0,0.0,0.0,0.0,0.0,0.0,0.0,0.0,29.663799107870204,1.0,0.0,99.99999998575731,99.99999998575731,29.663799107870204,0.0,0.0,0.0,1.0,0.0,0.0,1.9209372711557102,125.0,400.0,0.0,0.0,0.0,0.0,0.0,0.0,0.0,0.0,0.0,0.0,0.0,0.0,0.0,0.0,0.0,79.99999931521248,96.0,0.0,0.0,0.0,727.5131842117577,Rule+QP,0,359,test,0,0,2.798917708105364,3.5509249992173864
231.24895123830441,349.6466492453975,0.4569161800591002,0.4569161800591002,304.6107867060667,0.0,0.0,0.0,0.0,0.0,0.0,96.0,0.0,0.0,0.0,0.0,0.0,0.0,0.0,0.0,0.0,-1.0,0.0,1140.6664045800908,52.33548382882373,218.20696723041837,113.17007984525392,224.99999999002617,17.0,79.99999989579857,0.0,34.99999989579857,34.99999989579857,1.0,472.5,0.0,0.0,0.0,0.0,0.0,0.0,0.0,-1.0,0.0,96.0,0.0,1.0,360.0,1.0,0.96875,0.96875,0.96875,0.96875,0.96875,1.1876884989755492,1.6401219466856727,0.0,0.0,0.0,1.0,0.0,0.0,0.0,0.0,0.0,0.010416666666666666,0.36458333224790174,0.0,0.6092215734121333,0.4569161800591002,0.447319680579089,4.25,0.0,0.0,125.0,0.0,0.0,0.0,0.0,0.0,0.0,0.0,0.0,0.0,0.0,0.0,0.0,34.726618646569335,0.9541185015893496,0.0,99.9999999857749,99.9999999857749,34.726618646569335,0.0,0.0,0.0,1.0,0.0,0.0,1.6401219465989405,125.0,400.0,0.0,0.0,0.0,0.0,0.0,0.0,0.0,0.0,0.0,0.0,0.0,0.0,0.0,0.0,0.0,79.99999989579857,96.0,0.0,0.0,0.0,652.9457799456051,Rule+QP,0,360,test,0,0,2.972444791566886,3.90572499964037
229.72474705220685,354.453169194536,0.4132283106007929,0.4132283106007929,275.4855404005285,0.001976097213617878,0.0,0.0,0.0,0.0,0.0,96.0,0.0,0.0,0.0,0.0,0.0,0.0,0.0,0.0,0.0,-1.0,0.0,1179.036906832507,50.4635520191129,224.75225926856194,124.99999997194973,222.30468363817425,47.0,59.68506240622511,0.0,14.685062406225107,14.685062406225107,1.0,472.5,0.0,0.0,0.0,0.0,0.0,0.0,0.0,-1.0,0.0,96.0,0.0,1.0,361.0,1.0,0.96875,0.96875,0.96875,0.96875,0.96875,1.1577072233252341,1.6401219466856727,0.0,0.0,0.0,1.0,0.0,0.0,0.0,0.0,0.0,0.010416666666666666,0.15296940006484486,0.0,0.5509710808010571,0.4132283106007929,0.3892187346648981,11.75,0.0,0.0,125.0,0.0,0.0,0.0,0.0,0.0,0.0,0.0,0.0,0.0,0.0,0.0,0.0,34.79733257201838,0.9571993448833729,0.0,99.99999997517955,99.99999997517955,34.79733257201838,0.0,0.0,0.0,1.0,0.0,0.0,1.3,125.0,400.0,0.0,0.0,0.0,0.0,0.0,0.0,0.0,0.0,0.0,0.0,0.0,0.0,0.0,0.0,0.0,59.68506240622511,96.0,0.0,0.0,0.0,661.4033836632001,Rule+QP,0,361,test,0,0,2.4008479168363315,2.9443999974319013
210.66311274841576,305.0799155849652,0.41333200356522987,0.41333200356522987,275.55466904348646,0.0007543202855988515,0.0,0.0,0.0,0.0,4.0,93.0,4.0,0.0,30.609788356069757,23.902117909710295,23.892117909710297,7.642378326347397,0.0,0.0,0.0,-1.0,5.551115123125783e-17,1618.522935305905,135.3416781048997,222.93612044439374,124.99999998129982,225.0,50.0,79.99999977801973,0.0,34.99999977801973,34.99999977801973,1.0,472.5,0.0,0.0,0.0,0.0,0.0,0.0,0.0,-1.0,0.0,96.0,0.0,1.0,362.0,1.0,0.96875,0.96875,0.96875,0.96875,0.96875,1.208648425161293,1.6401219466856727,0.0,1.0,0.041666666666666664,0.96875,0.041666666666666664,0.0,0.31885196204239336,0.0,0.0,0.010416666666666666,0.36458333102103885,0.0,0.5511093380869729,0.41333200356522987,0.4000000000748007,12.5,0.0,0.0,125.0,0.0,0.0,7.642378326347397,0.0,0.0,0.0,0.0,0.041666666666666664,0.0,4.0,0.0,0.0,28.561534063744375,0.9163795117433292,5.551115123125783e-17,99.99999998575731,99.99999998575731,28.561534063744375,0.0,0.0,0.0,1.0,0.0,0.0,1.9209372711557102,125.0,400.0,0.0,0.0,0.0,0.0,0.0,0.0,0.0,0.0,0.0,0.0,4.0,0.0,4.0,7.642378326347397,0.0,79.99999977801973,92.0,4.0,0.0,0.0,578.2666239779774,Rule+QP,0,362,test,0,0,2.5753781252054373,3.2217499992839294
253.45800981580072,339.9521095179496,0.30039473775753517,0.30039473775753517,200.26315850502334,0.0017716874985343484,0.0,0.0,0.0,0.0,0.0,96.0,0.0,0.0,0.0,0.0,0.0,0.0,0.0,0.0,0.0,-1.0,3.3306690738754696e-16,149.6214340678145,0.0,224.4997618966015,125.0,224.99999999695996,50.0,80.00000002031013,0.0,35.000000020310125,35.000000020310125,1.0,472.5,0.0,0.0,0.0,0.0,0.0,0.0,0.0,-1.0,0.0,96.0,0.0,1.0,363.0,1.0,0.96875,0.96875,0.96875,0.96875,0.96875,1.178458141119594,1.6401219466856727,0.0,0.0,0.0,1.0,0.0,0.0,0.0,0.0,0.0,0.010416666666666666,0.36458333354489714,0.0,0.4005263170100467,0.30039473775753517,0.3999999999878398,12.5,0.0,0.0,125.0,0.0,0.0,0.0,0.0,0.0,0.0,0.0,0.0,0.0,0.0,0.0,0.0,12.552801530656467,1.0,3.3306690738754696e-16,99.99999998577502,99.99999998577502,12.552801530656467,0.0,0.0,0.0,1.0,0.0,0.0,1.6401219465989414,125.0,400.0,0.0,0.0,0.0,0.0,0.0,0.0,0.0,0.0,0.0,0.0,0.0,0.0,0.0,0.0,0.0,80.00000002031013,96.0,0.0,0.0,0.0,637.5617645391459,Rule+QP,0,363,test,0,0,2.4194541666323253,2.99184999857971
146.36839882652384,190.21374468343936,0.3003948699949166,0.3003948699949166,200.2632466632777,0.0,0.0,0.0,0.0,0.0,18.0,78.0,18.0,0.0,1089.634551382189,105.72451691994928,105.71451691994928,272.36367974062995,0.0,0.0,0.0,-1.0,0.0,1343.7384359031307,486.33525105663097,155.05087322838722,124.99999995203885,225.0,66.0,79.99999992512527,0.0,34.999999925125266,34.999999925125266,1.0,472.5,0.0,0.0,0.0,0.0,0.0,0.0,0.0,-1.0,0.0,96.0,0.0,1.0,364.0,1.0,0.9791666666666666,0.9791666666666666,0.9791666666666666,0.9791666666666666,0.9791666666666666,1.1676998180412737,1.6401219466856727,0.0,1.0,0.1875,0.8125,0.1875,0.0,11.350359910231134,73.81117201427517,0.0,0.010416666666666666,0.3645833325533882,0.0,0.4005264933265554,0.3003948699949166,0.4000000001918446,16.5,0.0,0.0,125.0,0.0,0.0,272.36367974062995,0.0,0.0,0.0,0.0,0.1875,0.0,18.0,0.0,0.0,1.7143473881881306,0.6380729775510487,0.0,99.99999995641832,99.99999995641832,1.7143473881881306,0.0,0.0,0.0,1.0,0.0,0.0,1.3,125.0,400.0,0.0,0.0,0.0,0.0,0.0,0.0,0.0,0.0,0.0,0.0,18.0,0.0,18.0,272.36367974062995,4.1895082677712026e-05,79.99999992512527,78.0,18.0,0.0,0.0,629.685654923468,Rule+QP,0,364,test,0,0,3.218243750249409,6.943625005078502
