controller,step,samples,battery_power_mean_kw,soc_step_end_mean_kwh,ramp_mean_kw,ramp_max_kw,ramp_excess_mean_kw,ramp_violation_fraction,ramp_material_violation_fraction,import_excess_mean_kw,export_excess_mean_kw,time_hours,ramp_violation_threshold_kw,ramp_material_violation_threshold_kw
MPC-H24+QP,0,65,1.0223901217324494,124.4966560303694,19.285302180478677,44.99999998883866,0.0,0.0,0.0,0.0,0.0,0.0,1e-09,1e-05
MPC-H24+QP,1,65,0.7540077762967675,124.029260104738,27.116233028317087,45.0,0.0,0.0,0.0,0.0,0.0,0.25,1e-09,1e-05
MPC-H24+QP,2,65,-1.4246586809303035,124.06169548903816,17.39687157978058,44.99999999189419,0.0,0.0,0.0,0.0,0.0,0.5,1e-09,1e-05
MPC-H24+QP,3,65,-6.374145054221267,125.40384441311649,17.541431819386563,45.0,0.0,0.0,0.0,0.0,0.0,0.75,1e-09,1e-05
MPC-H24+QP,4,65,-15.318650095859704,129.03018170556786,20.021428114812654,44.99999999189416,0.0,0.0,0.0,0.0,0.0,1.0,1e-09,1e-05
MPC-H24+QP,5,65,-13.21559331400437,132.11559564396597,18.985967660414715,45.00000003968545,6.105454330141724e-10,0.015384615384615385,0.0,0.0,0.0,1.25,1e-09,1e-05
MPC-H24+QP,6,65,-9.913973789069141,134.4346381030716,21.047624204344174,45.000000037059436,5.701451755157905e-10,0.015384615384615385,0.0,0.0,0.0,1.5,1e-09,1e-05
MPC-H24+QP,7,65,0.5700712552188713,134.08286861041816,21.74871820096411,44.999999993290444,0.0,0.0,0.0,0.0,0.0,1.75,1e-09,1e-05
MPC-H24+QP,8,65,15.010519363364741,130.01433901187372,27.192060057569478,44.99999999189414,0.0,0.0,0.0,0.0,0.0,2.0,1e-09,1e-05
MPC-H24+QP,9,65,24.28384551159044,123.49593886122192,25.014082158022788,44.999999991894235,0.0,0.0,0.0,0.0,0.0,2.25,1e-09,1e-05
MPC-H24+QP,10,65,19.73746084388617,118.12026610536994,22.317180909681568,44.9999999909179,0.0,0.0,0.0,0.0,0.0,2.5,1e-09,1e-05
MPC-H24+QP,11,65,12.653147048695697,114.50100631555189,28.05826112693785,45.0,0.0,0.0,0.0,0.0,0.0,2.75,1e-09,1e-05
MPC-H24+QP,12,65,-6.161966272129048,115.88376059754759,32.661267164818,45.0,0.0,0.0,0.0,0.0,0.0,3.0,1e-09,1e-05
MPC-H24+QP,13,65,-10.137398052096918,118.2742130616695,12.121552746613348,44.99999999189413,0.0,0.0,0.0,0.0,0.0,3.25,1e-09,1e-05
MPC-H24+QP,14,65,-10.900698151413938,120.80983939896043,15.680420747899111,44.99999999895207,0.0,0.0,0.0,0.0,0.0,3.5,1e-09,1e-05
MPC-H24+QP,15,65,-7.873584562099725,122.6506396468805,16.03215373876991,45.00000003876649,5.96407490915086e-10,0.015384615384615385,0.0,0.0,0.0,3.75,1e-09,1e-05
MPC-H24+QP,16,65,1.6762447055251226,122.1057669157088,16.513724834012194,44.99999999189414,0.0,0.0,0.0,0.0,0.0,4.0,1e-09,1e-05
MPC-H24+QP,17,65,-0.2227151538497251,122.011576985912,16.500656017315446,44.99999999386584,0.0,0.0,0.0,0.0,0.0,4.25,1e-09,1e-05
MPC-H24+QP,18,65,5.237057558735424,120.59766620948763,14.620308393563029,44.99999999189412,0.0,0.0,0.0,0.0,0.0,4.5,1e-09,1e-05
MPC-H24+QP,19,65,8.781746512226484,118.26760075490472,13.606735735017589,44.99999999189414,0.0,0.0,0.0,0.0,0.0,4.75,1e-09,1e-05
MPC-H24+QP,20,65,23.096299525859216,112.18962719537745,22.607765686443514,45.0,0.0,0.0,0.0,0.0,0.0,5.0,1e-09,1e-05
MPC-H24+QP,21,65,27.015738947035334,105.08022220925459,22.239332374075083,45.00000003301514,5.079252437448863e-10,0.015384615384615385,0.0,0.0,0.0,5.25,1e-09,1e-05
MPC-H24+QP,22,65,28.61831667321779,97.54908624254928,23.15590688038176,44.99999999500102,0.0,0.0,0.0,0.0,0.0,5.5,1e-09,1e-05
MPC-H24+QP,23,65,27.611230350488462,90.26059541826982,26.37158894670955,45.0,0.0,0.0,0.0,0.0,0.0,5.75,1e-09,1e-05
MPC-H24+QP,24,65,20.46537564150555,84.86177597662186,22.86126869719178,45.0000001189052,1.8293107473255077e-09,0.015384615384615385,0.0,0.0,0.0,6.0,1e-09,1e-05
MPC-H24+QP,25,65,17.510369609052454,80.22947474586478,16.971978299104144,44.9999999938567,0.0,0.0,0.0,0.0,0.0,6.25,1e-09,1e-05
MPC-H24+QP,26,65,16.237156447297757,75.92527394250675,18.02290959055959,44.99999998883863,0.0,0.0,0.0,0.0,0.0,6.5,1e-09,1e-05
MPC-H24+QP,27,65,22.28874138307795,70.01864328556505,19.530200033853458,45.00000027843604,4.283631391479923e-09,0.015384615384615385,0.0,0.0,0.0,6.75,1e-09,1e-05
MPC-H24+QP,28,65,20.683159872792142,64.44811079531937,25.076569786425786,45.00000000000001,1.0931426704001542e-16,0.0,0.0,0.0,0.0,7.0,1e-09,1e-05
MPC-H24+QP,29,65,16.633743717899396,59.85664049789937,21.406100041603334,45.00000000000001,2.1862853408003084e-16,0.0,0.0,0.0,0.0,7.25,1e-09,1e-05
MPC-H24+QP,30,65,19.15586772878687,54.657018199506865,18.46896895934492,45.00000001553027,2.3892720964095833e-10,0.015384615384615385,0.0,0.0,0.0,7.5,1e-09,1e-05
MPC-H24+QP,31,65,19.901343769276522,49.307954172631156,18.794119305823184,45.000000016094326,2.4760501341566293e-10,0.015384615384615385,0.0,0.0,0.0,7.75,1e-09,1e-05
MPC-H24+QP,32,65,13.000012511359298,45.80261274759069,25.809337901077463,45.0000000242065,1.3938911426801216e-09,0.07692307692307693,0.0,0.0,1.5100257017457324,8.0,1e-09,1e-05
MPC-H24+QP,33,65,9.404072266619101,43.19689656120923,14.792778073698793,45.000000050206985,7.724151574760841e-10,0.015384615384615385,0.0,0.0,0.0,8.25,1e-09,1e-05
MPC-H24+QP,34,65,7.575381273193213,41.07750315912886,14.39115792452947,45.000000016127245,2.4811157572912633e-10,0.015384615384615385,0.0,0.0,0.0,8.5,1e-09,1e-05
MPC-H24+QP,35,65,6.392063101109262,39.26567474619226,10.52393013800964,45.00000001603986,4.886393648680846e-10,0.03076923076923077,0.0,0.0,0.0,8.75,1e-09,1e-05
MPC-H24+QP,36,65,-12.93121103816884,42.290841189747546,20.741840150166663,45.0,0.0,0.0,0.0,0.0,1.6231605245131855,9.0,1e-09,1e-05
MPC-H24+QP,37,65,-18.348156356821995,46.63327331286246,11.082402267129925,45.0,0.0,0.0,0.0,0.0,0.5648849219714802,9.25,1e-09,1e-05
MPC-H24+QP,38,65,-16.11147794640806,50.420124362062495,10.388477100917177,45.0,0.0,0.0,0.0,0.0,0.0,9.5,1e-09,1e-05
MPC-H24+QP,39,65,-16.212585829231216,54.21077629365731,9.033936150602205,44.999999983967605,0.0,0.0,0.0,0.0,0.9636603580306875,9.75,1e-09,1e-05
MPC-H24+QP,40,65,-33.23440918068609,62.08756875496515,20.627471384411656,45.000000024094476,3.706842422756241e-10,0.015384615384615385,0.0,0.0,2.5019070105156977,10.0,1e-09,1e-05
MPC-H24+QP,41,65,-41.23287008603414,71.87285361500803,14.612814290836466,45.0,0.0,0.0,0.0,0.0,3.038551668766637,10.25,1e-09,1e-05
MPC-H24+QP,42,65,-41.10900676775889,81.624372781008,17.93307741649221,87.35653085663618,0.6516389362559414,0.015384615384615385,0.015384615384615385,0.0,3.423422218586258,10.5,1e-09,1e-05
MPC-H24+QP,43,65,-41.40455057532881,91.44913960945631,16.954400695644065,74.74530226727363,0.4576200348811328,0.015384615384615385,0.015384615384615385,0.0,5.059433050934177,10.75,1e-09,1e-05
MPC-H24+QP,44,65,-44.957233614305224,102.11664103936862,22.29175210890198,45.000000000000014,2.1862853408003084e-16,0.0,0.0,0.0,4.550665189818539,11.0,1e-09,1e-05
MPC-H24+QP,45,65,-48.933861389986674,113.72966067091707,19.67299884527696,81.3758942795087,1.0909865960028773,0.03076923076923077,0.03076923076923077,0.0,8.1594198755072,11.25,1e-09,1e-05
MPC-H24+QP,46,65,-42.6486198717903,123.85791851276257,18.959411422644894,95.72202609870833,1.9594136897050836,0.046153846153846156,0.046153846153846156,0.0,12.846137588390718,11.5,1e-09,1e-05
MPC-H24+QP,47,65,-41.12254280214528,133.6233619984241,14.488371436541374,45.0,0.0,0.0,0.0,0.0,16.13846595780128,11.75,1e-09,1e-05
MPC-H24+QP,48,65,-32.528236838230875,141.32524369404823,19.406115244726628,46.25446316136824,0.0379356502210492,0.03076923076923077,0.03076923076923077,0.0,14.093595063446106,12.0,1e-09,1e-05
MPC-H24+QP,49,65,-33.26683960404966,149.22027200068698,22.37866132064378,76.00145295476973,0.5967674939111899,0.03076923076923077,0.03076923076923077,0.0,19.11347430506672,12.25,1e-09,1e-05
MPC-H24+QP,50,65,-34.2419553765373,157.3433663803564,14.916241450484545,45.000000000000014,2.1862853408003084e-16,0.0,0.0,0.0,18.469448167542115,12.5,1e-09,1e-05
MPC-H24+QP,51,65,-27.772636488766864,163.92647752783648,15.407513284265011,52.38934619916409,0.11368224921790948,0.015384615384615385,0.015384615384615385,0.0,19.27987959457203,12.75,1e-09,1e-05
MPC-H24+QP,52,65,-26.157802826969117,170.13171500609388,19.009330214686937,45.0,0.0,0.0,0.0,0.0,14.379149323915897,13.0,1e-09,1e-05
MPC-H24+QP,53,65,-26.989549382521734,176.52454527382778,17.781828757862787,45.0,0.0,0.0,0.0,0.0,13.052996813867015,13.25,1e-09,1e-05
MPC-H24+QP,54,65,-25.55902682797606,182.58610254475454,14.289105277639194,45.000000000000014,4.372570681600617e-16,0.0,0.0,0.0,13.686015519369434,13.5,1e-09,1e-05
MPC-H24+QP,55,65,-18.619202061256033,187.00816303351505,14.773591897148725,45.000000000000014,2.1862853408003084e-16,0.0,0.0,0.0,14.873014813904803,13.75,1e-09,1e-05
MPC-H24+QP,56,65,-5.045774272181507,188.1593952953921,15.509564292650829,45.0,0.0,0.0,0.0,0.0,4.428553187061471,14.0,1e-09,1e-05
MPC-H24+QP,57,65,-4.252208379302028,189.0894707638614,10.218820319491149,45.00000000000001,1.0931426704001542e-16,0.0,0.0,0.0,3.90523286267502,14.25,1e-09,1e-05
MPC-H24+QP,58,65,-6.997079817022049,190.71680800760174,8.87879171740505,44.99999999999999,0.0,0.0,0.0,0.0,3.524945019628825,14.5,1e-09,1e-05
MPC-H24+QP,59,65,-6.636137694304894,192.21970129316037,10.144163114399394,45.00000000000001,1.0931426704001542e-16,0.0,0.0,0.0,2.638268846323521,14.75,1e-09,1e-05
MPC-H24+QP,60,65,-1.001199851652722,192.23558787964905,17.175539350687636,45.00000000000001,1.0931426704001542e-16,0.0,0.0,0.0,0.0,15.0,1e-09,1e-05
MPC-H24+QP,61,65,0.07462158983464655,191.9351029375848,17.00023132309269,45.0,0.0,0.0,0.0,0.0,0.0,15.25,1e-09,1e-05
MPC-H24+QP,62,65,1.3798860209602306,191.30008287635175,15.243003288462756,45.0,0.0,0.0,0.0,0.0,0.0,15.5,1e-09,1e-05
MPC-H24+QP,63,65,4.4622593371188835,189.8519281662583,15.311735661134515,45.00000000000001,2.1862853408003084e-16,0.0,0.0,0.0,0.0,15.75,1e-09,1e-05
MPC-H24+QP,64,65,30.06801068426885,181.90858738345173,26.073754569086226,45.000000014471155,2.2263348088157588e-10,0.015384615384615385,0.0,0.0,0.0,16.0,1e-09,1e-05
MPC-H24+QP,65,65,35.102959798645244,172.65232003802222,12.139779816254267,45.0,0.0,0.0,0.0,0.0,0.0,16.25,1e-09,1e-05
MPC-H24+QP,66,65,36.335749911885394,163.09028058751971,12.497300563645274,45.00000000000001,1.0931426704001542e-16,0.0,0.0,0.0,0.0,16.5,1e-09,1e-05
MPC-H24+QP,67,65,27.41005504686075,155.8376568694334,11.694925634999343,45.00000001718404,2.6436988666598786e-10,0.015384615384615385,0.0,0.0,0.0,16.75,1e-09,1e-05
MPC-H24+QP,68,65,5.007294849241412,154.35872380984452,23.031336023458884,45.0000000174834,1.283272865748586e-09,0.07692307692307693,0.0,0.0,0.0,17.0,1e-09,1e-05
MPC-H24+QP,69,65,-1.115764304913199,154.4854784674254,15.452482969342073,45.000000050349875,1.2901232629211825e-09,0.03076923076923077,0.0,0.0,0.0,17.25,1e-09,1e-05
MPC-H24+QP,70,65,-3.6123740738713885,155.24420877177295,9.241691405664794,44.99999998720243,0.0,0.0,0.0,0.0,0.0,17.5,1e-09,1e-05
MPC-H24+QP,71,65,-15.898743092572085,159.00443080493798,17.982114201921412,45.0,0.0,0.0,0.0,0.0,0.0,17.75,1e-09,1e-05
MPC-H24+QP,72,65,-20.233117193724148,163.80979613760493,25.50308697026074,45.0,0.0,0.0,0.0,0.0,0.0,18.0,1e-09,1e-05
MPC-H24+QP,73,65,-25.510333042749167,169.8685002346261,14.235395763321378,44.99999999667212,0.0,0.0,0.0,0.0,0.0,18.25,1e-09,1e-05
MPC-H24+QP,74,65,-24.995971764526473,175.80504352830636,10.105845006947279,44.99999998286177,0.0,0.0,0.0,0.0,0.0,18.5,1e-09,1e-05
MPC-H24+QP,75,65,-21.666484730486626,180.95083365152558,9.93407536878171,44.99999999189412,0.0,0.0,0.0,0.0,0.0,18.75,1e-09,1e-05
MPC-H24+QP,76,65,-4.899531731431733,182.093676489126,17.473579094976593,45.000000072988655,1.1229023864591279e-09,0.015384615384615385,0.0,0.0,0.0,19.0,1e-09,1e-05
MPC-H24+QP,77,65,-6.271979546139553,183.56724038118776,8.472644537283218,44.999999991894136,0.0,0.0,0.0,0.0,0.0,19.25,1e-09,1e-05
MPC-H24+QP,78,65,-4.452311248709895,184.62466430270933,7.55417762924159,44.99999999189416,0.0,0.0,0.0,0.0,0.0,19.5,1e-09,1e-05
MPC-H24+QP,79,65,-2.6409533350329313,185.24247846414036,6.091656053710856,45.0,0.0,0.0,0.0,0.0,0.0,19.75,1e-09,1e-05
MPC-H24+QP,80,65,6.700169959812808,183.4437495273221,12.110354068245478,45.00000000000001,1.0931426704001542e-16,0.0,0.0,0.0,0.0,20.0,1e-09,1e-05
MPC-H24+QP,81,65,7.07692308424819,181.5636381893172,13.879657135019709,45.00000000000001,1.0931426704001542e-16,0.0,0.0,0.0,0.0,20.25,1e-09,1e-05
MPC-H24+QP,82,65,11.687055859195196,178.4708912454446,12.797190381885418,45.00000000000001,3.2794280112004626e-16,0.0,0.0,0.0,0.0,20.5,1e-09,1e-05
MPC-H24+QP,83,65,15.427065528869704,174.37845667414058,19.151373735256538,45.000000000000014,4.372570681600617e-16,0.0,0.0,0.0,0.0,20.75,1e-09,1e-05
MPC-H24+QP,84,65,22.114593817316315,168.52330040623005,16.04233599049382,45.00000000000001,1.0931426704001542e-16,0.0,0.0,0.0,0.0,21.0,1e-09,1e-05
MPC-H24+QP,85,65,26.326338679845918,161.59531654289088,21.182796990827402,45.00000000000001,4.372570681600617e-16,0.0,0.0,0.0,0.0,21.25,1e-09,1e-05
MPC-H24+QP,86,65,22.93079594548383,155.54313339927833,20.869901712860468,45.00000000000001,2.1862853408003084e-16,0.0,0.0,0.0,0.0,21.5,1e-09,1e-05
MPC-H24+QP,87,65,21.30881311473111,149.93555100055923,19.234897508349473,45.0,0.0,0.0,0.0,0.0,0.0,21.75,1e-09,1e-05
MPC-H24+QP,88,65,7.9323714516172386,147.72956179356612,26.713172421478788,45.00000000000001,2.1862853408003084e-16,0.0,0.0,0.0,0.0,22.0,1e-09,1e-05
MPC-H24+QP,89,65,11.24413548753085,144.6561416212192,17.73915167343994,45.0,0.0,0.0,0.0,0.0,0.0,22.25,1e-09,1e-05
MPC-H24+QP,90,65,10.361206762633756,141.7755813696347,23.63751708597654,45.0,0.0,0.0,0.0,0.0,0.0,22.5,1e-09,1e-05
MPC-H24+QP,91,65,12.60175072013747,138.37398913710896,24.004484824057922,45.00000000000001,2.1862853408003084e-16,0.0,0.0,0.0,0.0,22.75,1e-09,1e-05
MPC-H24+QP,92,65,8.212846642029834,136.1185481017342,23.603462874021083,45.0,0.0,0.0,0.0,0.0,0.0,23.0,1e-09,1e-05
MPC-H24+QP,93,65,10.471709868826348,133.17705189005628,23.004299017853334,45.0,0.0,0.0,0.0,0.0,0.0,23.25,1e-09,1e-05
MPC-H24+QP,94,65,12.491362729556666,129.67526436894957,20.013046537852105,45.0,0.0,0.0,0.0,0.0,0.0,23.5,1e-09,1e-05
MPC-H24+QP,95,65,16.90551363778456,125.0,23.17006470788347,45.00000015473031,7.2200481764202074e-09,0.12307692307692308,0.0,0.16951490156442495,0.0,23.75,1e-09,1e-05
MPC-H24-FRR+QP,0,65,-1.0332410034309802,125.03223684363088,17.648625614694485,44.99999998883866,0.0,0.0,0.0,0.0,0.0,0.0,1e-09,1e-05
MPC-H24-FRR+QP,1,65,-4.9106967894942635,125.94372469971125,25.328553152348704,44.99999999189414,0.0,0.0,0.0,0.0,0.0,0.25,1e-09,1e-05
MPC-H24-FRR+QP,2,65,-5.66098445467665,127.01386640262048,21.66398891320854,44.99999999189418,0.0,0.0,0.0,0.0,0.0,0.5,1e-09,1e-05
MPC-H24-FRR+QP,3,65,-8.927916897404724,128.9172655860842,22.28120901582499,44.99999999189414,0.0,0.0,0.0,0.0,0.0,0.75,1e-09,1e-05
MPC-H24-FRR+QP,4,65,-16.95753650714363,132.90125945401192,17.946684047367864,44.999999991894185,0.0,0.0,0.0,0.0,0.0,1.0,1e-09,1e-05
MPC-H24-FRR+QP,5,65,-14.85907986838903,136.37700144909186,22.2960693336019,99.9999999753193,2.1868053029763646,0.046153846153846156,0.046153846153846156,0.0,0.0,1.25,1e-09,1e-05
MPC-H24-FRR+QP,6,65,-13.325521939530507,139.48852343607177,20.937502935258646,73.94736833450743,0.6213907052846418,0.03076923076923077,0.03076923076923077,0.0,0.0,1.5,1e-09,1e-05
MPC-H24-FRR+QP,7,65,-13.17504878433356,142.57551364074206,19.71316389649063,92.90329698048423,0.7369737996997574,0.015384615384615385,0.015384615384615385,0.0,0.0,1.75,1e-09,1e-05
MPC-H24-FRR+QP,8,65,3.2207458587226188,141.50889899939835,23.85233310527219,44.999999991894214,0.0,0.0,0.0,0.0,0.0,2.0,1e-09,1e-05
MPC-H24-FRR+QP,9,65,17.931834980539683,136.63675676523508,25.644906705428667,44.99999999208356,0.0,0.0,0.0,0.0,0.0,2.25,1e-09,1e-05
MPC-H24-FRR+QP,10,65,23.442617840496048,130.3712452080799,23.996487535584393,88.98628836916441,0.6767121287563755,0.015384615384615385,0.015384615384615385,0.0,0.0,2.5,1e-09,1e-05
MPC-H24-FRR+QP,11,65,23.65742614927646,123.90804852316458,31.47749936770575,93.23959757965596,0.7421476550716302,0.015384615384615385,0.015384615384615385,0.0,0.0,2.75,1e-09,1e-05
MPC-H24-FRR+QP,12,65,-0.5362561303109042,123.7440811765626,34.902643851509026,186.88135346609914,3.2597131304273903,0.06153846153846154,0.06153846153846154,0.0,0.0,3.0,1e-09,1e-05
MPC-H24-FRR+QP,13,65,-9.649228686404264,126.00177566098216,19.695607581598683,44.99999999189413,0.0,0.0,0.0,0.0,0.0,3.25,1e-09,1e-05
MPC-H24-FRR+QP,14,65,-13.669653704335367,129.18689242880555,15.956979099970528,75.16686219076804,0.5248343167430887,0.03076923076923077,0.03076923076923077,0.0,0.0,3.5,1e-09,1e-05
MPC-H24-FRR+QP,15,65,-13.407982070151908,132.3384781784779,17.81897933351928,71.78872373400627,0.5052516203543408,0.03076923076923077,0.03076923076923077,0.0,0.0,3.75,1e-09,1e-05
MPC-H24-FRR+QP,16,65,-2.32536358444562,132.78417308250408,18.003939738731777,90.59015073103568,0.8509714222928193,0.03076923076923077,0.03076923076923077,0.0,0.0,4.0,1e-09,1e-05
MPC-H24-FRR+QP,17,65,-3.446801820448472,133.509783927617,16.070549801843782,49.9679314500187,0.07642971461567236,0.015384615384615385,0.015384615384615385,0.0,0.0,4.25,1e-09,1e-05
MPC-H24-FRR+QP,18,65,6.053420419634683,131.8403726724611,16.696962582557106,61.05263146686458,0.24696356102868589,0.015384615384615385,0.015384615384615385,0.0,0.0,4.5,1e-09,1e-05
MPC-H24-FRR+QP,19,65,11.06695561688155,128.89248961520858,16.09045828022001,44.999999991894136,0.0,0.0,0.0,0.0,0.0,4.75,1e-09,1e-05
MPC-H24-FRR+QP,20,65,21.584602824585772,123.21041196557978,24.821583565947584,84.72087422225044,0.6110903726500069,0.015384615384615385,0.015384615384615385,0.0,0.0,5.0,1e-09,1e-05
MPC-H24-FRR+QP,21,65,23.10510363289484,117.11235837785026,28.791518321327107,95.61250022002757,1.2363461571187024,0.03076923076923077,0.03076923076923077,0.0,0.0,5.25,1e-09,1e-05
MPC-H24-FRR+QP,22,65,31.189534126215634,108.90458623930014,20.308830534571655,44.99999999189413,0.0,0.0,0.0,0.0,0.0,5.5,1e-09,1e-05
MPC-H24-FRR+QP,23,65,34.328534708059905,99.85299815820558,27.222090618573528,99.99999992251459,0.8461538449617629,0.015384615384615385,0.015384615384615385,0.0,0.0,5.75,1e-09,1e-05
MPC-H24-FRR+QP,24,65,26.797861511044633,92.78773506668384,23.182954039572255,99.99999992298685,0.8461538449690283,0.015384615384615385,0.015384615384615385,0.0,0.0,6.0,1e-09,1e-05
MPC-H24-FRR+QP,25,65,20.32326129565026,87.42174525188571,19.960148323106004,55.00000002909379,0.23076923332074184,0.03076923076923077,0.03076923076923077,0.0,0.0,6.25,1e-09,1e-05
MPC-H24-FRR+QP,26,65,16.08296957306079,83.15874808065855,20.700717248810474,99.99999992907516,0.8461538450626948,0.015384615384615385,0.015384615384615385,0.0,0.0,6.5,1e-09,1e-05
MPC-H24-FRR+QP,27,65,19.400542162260777,77.98127717809245,20.83694498803632,44.99999999189413,0.0,0.0,0.0,0.0,0.0,6.75,1e-09,1e-05
MPC-H24-FRR+QP,28,65,19.820639668808678,72.68533979461112,22.81944573128117,68.9125006183481,0.36788462489766316,0.015384615384615385,0.015384615384615385,0.0,0.0,7.0,1e-09,1e-05
MPC-H24-FRR+QP,29,65,16.820298918204657,68.04385007804613,22.014195329393377,45.00000000000001,3.2794280112004626e-16,0.0,0.0,0.0,0.0,7.25,1e-09,1e-05
MPC-H24-FRR+QP,30,65,21.986915768178765,62.13387853697182,20.27656379340266,45.0,0.0,0.0,0.0,0.0,0.0,7.5,1e-09,1e-05
MPC-H24-FRR+QP,31,65,18.94508947990618,56.85662831364209,23.56296957412838,76.33749954709744,0.7851829500519205,0.03076923076923077,0.03076923076923077,0.0,0.0,7.75,1e-09,1e-05
MPC-H24-FRR+QP,32,65,13.990935021748253,53.03261601072052,28.98608932166874,48.09206492272165,0.05064713384848989,0.03076923076923077,0.03076923076923077,0.0,2.7447218794497488,8.0,1e-09,1e-05
MPC-H24-FRR+QP,33,65,11.057089191879864,49.97847959310081,16.761491967641234,71.80342798282845,0.4123604305050532,0.015384615384615385,0.015384615384615385,0.0,0.24620560588168608,8.25,1e-09,1e-05
MPC-H24-FRR+QP,34,65,11.515194786293463,46.82229316125382,16.8256951911039,94.52499975915632,0.8779520019266626,0.03076923076923077,0.03076923076923077,0.0,0.0,8.5,1e-09,1e-05
MPC-H24-FRR+QP,35,65,10.849622058503446,43.836307198064794,13.236531594457901,64.99999996797762,0.48414101682633637,0.03076923076923077,0.03076923076923077,0.0,0.0,8.75,1e-09,1e-05
MPC-H24-FRR+QP,36,65,-10.623580588030316,46.271316553711216,24.087195486172735,90.0,1.147676596689726,0.046153846153846156,0.046153846153846156,0.0,2.0113895681333362,9.0,1e-09,1e-05
MPC-H24-FRR+QP,37,65,-16.139770615023167,50.054845880461,11.698538766896489,45.0,0.0,0.0,0.0,0.0,0.8200735238783008,9.25,1e-09,1e-05
MPC-H24-FRR+QP,38,65,-14.992588269404399,53.54744278994907,10.543075814280943,45.0,0.0,0.0,0.0,0.0,0.0,9.5,1e-09,1e-05
MPC-H24-FRR+QP,39,65,-13.57084472518793,56.67398872956449,8.690584616283243,49.57405541503091,0.07037008330816788,0.015384615384615385,0.015384615384615385,0.0,1.0947642784847438,9.75,1e-09,1e-05
MPC-H24-FRR+QP,40,65,-30.697465400847697,63.94645454301737,21.31806280971551,92.33720499358564,1.0944588712667929,0.03076923076923077,0.03076923076923077,0.0,2.73437880413784,10.0,1e-09,1e-05
MPC-H24-FRR+QP,41,65,-36.779832130722156,72.65219155830289,16.346419155603023,45.000000000000014,2.1862853408003084e-16,0.0,0.0,0.0,3.0231670551993393,10.25,1e-09,1e-05
MPC-H24-FRR+QP,42,65,-36.25353731975354,81.25019155798518,15.668614309241383,53.76340377397594,0.19992716119798032,0.03076923076923077,0.03076923076923077,0.0,3.4570983581308035,10.5,1e-09,1e-05
MPC-H24-FRR+QP,43,65,-35.36251872420195,89.64037055858911,12.81443721455486,50.76792674293991,0.08873733450676811,0.015384615384615385,0.015384615384615385,0.0,4.828425736339555,10.75,1e-09,1e-05
MPC-H24-FRR+QP,44,65,-39.70707821059619,99.06096007671006,21.326005298776867,79.37140279740237,0.5287908122677287,0.015384615384615385,0.015384615384615385,0.0,5.368183684159327,11.0,1e-09,1e-05
MPC-H24-FRR+QP,45,65,-43.93978777898737,109.47103257193929,18.990926082236168,82.37589207113125,0.57501372417125,0.015384615384615385,0.015384615384615385,0.0,8.115410630880906,11.25,1e-09,1e-05
MPC-H24-FRR+QP,46,65,-37.44423465376867,118.33896209495593,19.109707826619296,92.55199251169854,1.8784939897695065,0.07692307692307693,0.07692307692307693,0.0,13.392000817027933,11.5,1e-09,1e-05
MPC-H24-FRR+QP,47,65,-36.09914924294283,126.8883982564098,13.62666337797476,45.000000000000014,2.1862853408003084e-16,0.0,0.0,0.0,16.246010573907427,11.75,1e-09,1e-05
MPC-H24-FRR+QP,48,65,-27.56329057346824,133.39153696953932,19.27545022543707,95.622844959987,0.9742513245609908,0.046153846153846156,0.046153846153846156,0.0,15.25611781766893,12.0,1e-09,1e-05
MPC-H24-FRR+QP,49,65,-27.05128889608702,139.7912762749335,21.037716242361885,97.79577411080649,1.5186098651805162,0.046153846153846156,0.046153846153846156,0.0,18.921185378856148,12.25,1e-09,1e-05
MPC-H24-FRR+QP,50,65,-29.040825717101097,146.68371098063955,14.0298235337005,61.655874742470004,0.2562442268072311,0.015384615384615385,0.015384615384615385,0.0,18.40415615082775,12.5,1e-09,1e-05
MPC-H24-FRR+QP,51,65,-25.43055755432885,152.71934635462583,12.226125183653016,69.01587264362504,0.3694749637480778,0.015384615384615385,0.015384615384615385,0.0,19.830417073293862,12.75,1e-09,1e-05
MPC-H24-FRR+QP,52,65,-25.92002724354455,158.85821708871055,19.530993391068193,45.000000000000014,2.1862853408003084e-16,0.0,0.0,0.0,14.155036095760622,13.0,1e-09,1e-05
MPC-H24-FRR+QP,53,65,-25.708384416117454,164.95117623955954,18.86908697022667,66.54404529688681,0.3314468507213355,0.015384615384615385,0.015384615384615385,0.0,12.522905061447416,13.25,1e-09,1e-05
MPC-H24-FRR+QP,54,65,-22.259442069617723,170.22150127466202,18.680126280670112,87.32869083219325,1.3831308665125632,0.046153846153846156,0.046153846153846156,0.0,14.093112166021701,13.5,1e-09,1e-05
MPC-H24-FRR+QP,55,65,-21.07139539452552,175.225957680808,13.481810861786887,77.25604101017309,0.4962467847718937,0.015384615384615385,0.015384615384615385,0.0,14.869690717968474,13.75,1e-09,1e-05
MPC-H24-FRR+QP,56,65,-7.518141155220142,176.95067902999017,16.353254317395304,66.44908685648453,0.3299859516382235,0.015384615384615385,0.015384615384615385,0.0,4.443937796605208,14.0,1e-09,1e-05
MPC-H24-FRR+QP,57,65,-5.265804576456176,178.11404726100128,11.01494497277341,45.00000000000001,1.0931426704001542e-16,0.0,0.0,0.0,3.889848256112962,14.25,1e-09,1e-05
MPC-H24-FRR+QP,58,65,-8.816505812242967,180.17135678794662,10.137971647247387,45.0,0.0,0.0,0.0,0.0,3.52494501964026,14.5,1e-09,1e-05
MPC-H24-FRR+QP,59,65,-10.023120489886006,182.46921152680446,13.329005685984091,45.000000000000014,2.1862853408003084e-16,0.0,0.0,0.0,2.638268846323521,14.75,1e-09,1e-05
MPC-H24-FRR+QP,60,65,-4.179260559976176,183.2917004396378,18.427422656863154,45.000000000000014,3.2794280112004626e-16,0.0,0.0,0.0,0.0,15.0,1e-09,1e-05
MPC-H24-FRR+QP,61,65,0.37056993852912706,182.95697167860874,16.810560884033546,92.89473670465917,0.7368421031486025,0.015384615384615385,0.015384615384615385,0.0,0.0,15.25,1e-09,1e-05
MPC-H24-FRR+QP,62,65,-0.8312489545256537,182.9157574007427,11.803155167591566,45.0,0.0,0.0,0.0,0.0,0.0,15.5,1e-09,1e-05
MPC-H24-FRR+QP,63,65,-9.218215620136391,184.91012562359612,16.261274493564798,45.0,0.0,0.0,0.0,0.0,0.0,15.75,1e-09,1e-05
MPC-H24-FRR+QP,64,65,19.7808874668579,179.58151977210736,28.999103086994296,89.99999997324765,0.692307691896118,0.015384615384615385,0.015384615384615385,0.0,0.0,16.0,1e-09,1e-05
MPC-H24-FRR+QP,65,65,32.42044938962337,171.0088417396914,20.886659162496866,45.00000000000001,2.1862853408003084e-16,0.0,0.0,0.0,0.0,16.25,1e-09,1e-05
MPC-H24-FRR+QP,66,65,38.947941338558785,160.75905185057104,13.01503068077067,45.0,0.0,0.0,0.0,0.0,0.0,16.5,1e-09,1e-05
MPC-H24-FRR+QP,67,65,36.71009235369544,151.05724343139033,11.764416415473844,64.54943240799463,0.30076049858453274,0.015384615384615385,0.015384615384615385,0.0,0.0,16.75,1e-09,1e-05
MPC-H24-FRR+QP,68,65,7.631282280028619,148.85419870506834,29.07881007398016,155.28080812048324,5.966507956771716,0.1076923076923077,0.1076923076923077,0.0,0.0,17.0,1e-09,1e-05
MPC-H24-FRR+QP,69,65,-2.7140338189362114,149.34969958091628,16.1591261923652,64.71308634679363,0.45712440540792115,0.03076923076923077,0.03076923076923077,0.0,0.0,17.25,1e-09,1e-05
MPC-H24-FRR+QP,70,65,-8.790852065407565,151.3161843314045,11.878621348582787,45.0,0.0,0.0,0.0,0.0,0.0,17.5,1e-09,1e-05
MPC-H24-FRR+QP,71,65,-20.68599888671185,156.18697065563148,16.086290102285897,59.060131066306795,0.21630970871241223,0.015384615384615385,0.015384615384615385,0.0,0.0,17.75,1e-09,1e-05
MPC-H24-FRR+QP,72,65,-19.428046230926157,160.8011316344955,28.496987194538573,180.78942294324526,3.18526131160646,0.06153846153846154,0.06153846153846154,0.0,0.0,18.0,1e-09,1e-05
MPC-H24-FRR+QP,73,65,-16.261471074935358,164.66323101422321,17.068620636917018,44.99999993036178,0.0,0.0,0.0,0.0,0.0,18.25,1e-09,1e-05
MPC-H24-FRR+QP,74,65,-24.96814900511664,170.59316640262514,13.589858087313017,44.99999998533191,0.0,0.0,0.0,0.0,0.0,18.5,1e-09,1e-05
MPC-H24-FRR+QP,75,65,-24.11408582677628,176.32026178628766,11.656618699036759,44.99999999819925,0.0,0.0,0.0,0.0,0.0,18.75,1e-09,1e-05
MPC-H24-FRR+QP,76,65,-8.17908608605908,178.2479799794062,17.691598218826748,92.51514092544053,2.0580884266378128,0.046153846153846156,0.046153846153846156,0.0,0.0,19.0,1e-09,1e-05
MPC-H24-FRR+QP,77,65,-6.164007332614571,179.69416856295868,12.378343479623862,45.00000000000001,2.1862853408003084e-16,0.0,0.0,0.0,0.0,19.25,1e-09,1e-05
MPC-H24-FRR+QP,78,65,-4.74753140605751,180.81331251058512,7.790180758261211,45.0,0.0,0.0,0.0,0.0,0.0,19.5,1e-09,1e-05
MPC-H24-FRR+QP,79,65,-6.365607256088458,182.325144233825,8.550262837896964,45.000000000000014,2.1862853408003084e-16,0.0,0.0,0.0,0.0,19.75,1e-09,1e-05
MPC-H24-FRR+QP,80,65,5.918930578705796,180.72400348431773,13.66915321845882,45.00000000000001,2.1862853408003084e-16,0.0,0.0,0.0,0.0,20.0,1e-09,1e-05
MPC-H24-FRR+QP,81,65,5.145520799739381,179.3243107152663,12.931617655704796,45.00000000000001,1.0931426704001542e-16,0.0,0.0,0.0,0.0,20.25,1e-09,1e-05
MPC-H24-FRR+QP,82,65,9.824595858984852,176.73279217478094,9.168550345169367,45.00000000000001,2.1862853408003084e-16,0.0,0.0,0.0,0.0,20.5,1e-09,1e-05
MPC-H24-FRR+QP,83,65,12.24869488467911,173.50945141560487,12.576603853198366,45.00000000000001,1.0931426704001542e-16,0.0,0.0,0.0,0.0,20.75,1e-09,1e-05
MPC-H24-FRR+QP,84,65,20.566137107589782,168.0617837557185,16.66098582434186,45.00000000000001,3.2794280112004626e-16,0.0,0.0,0.0,0.0,21.0,1e-09,1e-05
MPC-H24-FRR+QP,85,65,23.79562811082091,161.7549602370674,21.067952532965414,45.00000000000001,3.2794280112004626e-16,0.0,0.0,0.0,0.0,21.25,1e-09,1e-05
MPC-H24-FRR+QP,86,65,27.15337904342445,154.59157101508902,25.51159707028583,45.00000000000001,2.1862853408003084e-16,0.0,0.0,0.0,0.0,21.5,1e-09,1e-05
MPC-H24-FRR+QP,87,65,25.99110650817033,147.75180614447285,22.285694258435853,45.0,0.0,0.0,0.0,0.0,0.0,21.75,1e-09,1e-05
MPC-H24-FRR+QP,88,65,14.784178974499287,143.794956214121,19.822312137653572,45.00000000000001,3.2794280112004626e-16,0.0,0.0,0.0,0.0,22.0,1e-09,1e-05
MPC-H24-FRR+QP,89,65,15.4161457740135,139.6406457483883,21.619225237199323,45.0,0.0,0.0,0.0,0.0,0.0,22.25,1e-09,1e-05
MPC-H24-FRR+QP,90,65,11.284405476789841,136.50297842050168,24.756633209547193,45.00000000000001,1.0931426704001542e-16,0.0,0.0,0.0,0.0,22.5,1e-09,1e-05
MPC-H24-FRR+QP,91,65,9.674561113121019,133.7848754192282,24.870984589432727,45.00000000000001,1.0931426704001542e-16,0.0,0.0,0.0,0.0,22.75,1e-09,1e-05
MPC-H24-FRR+QP,92,65,7.1869557618821585,131.57019401151933,30.51380023359078,100.00000000000003,3.579600406594374,0.07692307692307693,0.07692307692307693,0.0,0.0,23.0,1e-09,1e-05
MPC-H24-FRR+QP,93,65,10.374326457534082,128.4668949347981,31.677129144077753,171.74515145114378,4.263915959450239,0.07692307692307693,0.07692307692307693,0.0,0.0,23.25,1e-09,1e-05
MPC-H24-FRR+QP,94,65,1.6747205037190553,127.43243974478017,28.683180010695253,100.00000024933776,5.309348936426516,0.13846153846153847,0.13846153846153847,0.0,0.0,23.5,1e-09,1e-05
MPC-H24-FRR+QP,95,65,6.958682750283948,125.0,34.91246450866117,99.99999998378065,10.304093225894256,0.36923076923076925,0.3230769230769231,0.0,0.0,23.75,1e-09,1e-05
NetLoadRule+QP,0,65,18.692307714384874,119.8855769176092,33.923076918491596,45.0,0.0,0.0,0.0,0.0,0.0,0.0,1e-09,1e-05
NetLoadRule+QP,1,65,19.153846199979586,114.70298581259144,32.30769228439645,45.0,0.0,0.0,0.0,0.0,0.0,0.25,1e-09,1e-05
NetLoadRule+QP,2,65,16.615384682659545,110.11143721248158,31.153846125622167,45.00000000000001,1.0931426704001542e-16,0.0,0.0,0.0,0.0,0.5,1e-09,1e-05
NetLoadRule+QP,3,65,17.53846160505517,105.26513152754863,27.692307659012066,45.0,0.0,0.0,0.0,0.0,0.0,0.75,1e-09,1e-05
NetLoadRule+QP,4,65,15.692307754587535,100.9224189610367,27.692307689702044,45.00000000000001,2.1862853408003084e-16,0.0,0.0,0.0,0.0,1.0,1e-09,1e-05
NetLoadRule+QP,5,65,18.000000047754938,96.02570842252584,23.53846152716677,45.00000000000001,1.0931426704001542e-16,0.0,0.0,0.0,0.0,1.25,1e-09,1e-05
NetLoadRule+QP,6,65,12.692307732338703,92.46062744082477,30.230769232062883,45.00000000000001,1.0931426704001542e-16,0.0,0.0,0.0,0.0,1.5,1e-09,1e-05
NetLoadRule+QP,7,65,13.846153879188345,88.62150799919345,31.76923074850208,45.0,0.0,0.0,0.0,0.0,0.0,1.75,1e-09,1e-05
NetLoadRule+QP,8,65,13.153846156578322,84.89746953712519,26.846153850189566,109.99999974247828,0.9999999960381278,0.015384615384615385,0.015384615384615385,0.0,0.0,2.0,1e-09,1e-05
NetLoadRule+QP,9,65,13.118269246065537,81.23213552516927,27.266346127996727,109.99999963551821,1.153846138429789,0.046153846153846156,0.046153846153846156,0.0,0.0,2.25,1e-09,1e-05
NetLoadRule+QP,10,65,16.307692333301194,76.83405859541034,22.349038438037887,45.00000000000001,2.1862853408003084e-16,0.0,0.0,0.0,0.0,2.5,1e-09,1e-05
NetLoadRule+QP,11,65,10.253461568111613,73.94630555152263,21.926923056451,49.99999969682092,0.0769230722587834,0.015384615384615385,0.015384615384615385,0.0,0.0,2.75,1e-09,1e-05
NetLoadRule+QP,12,65,-1.0307942723665164,73.88365373075652,31.520794271242064,120.00000000349877,1.3751923160300235,0.03076923076923077,0.03076923076923077,0.0,0.0,3.0,1e-09,1e-05
NetLoadRule+QP,13,65,-3.452115364537727,74.42499987964266,22.468294241910748,50.91412830108503,0.09098658924746197,0.015384615384615385,0.015384615384615385,0.0,0.0,3.25,1e-09,1e-05
NetLoadRule+QP,14,65,-2.1349999769240786,74.67894724233582,27.163269220361823,45.00000000000001,3.2794280112004626e-16,0.0,0.0,0.0,0.0,3.5,1e-09,1e-05
NetLoadRule+QP,15,65,-0.5007691993004961,74.50283387412091,31.9796153566326,45.0,0.0,0.0,0.0,0.0,0.0,3.75,1e-09,1e-05
NetLoadRule+QP,16,65,1.7244230672089211,73.81219622516053,24.76211533447242,45.00000000000001,2.1862853408003084e-16,0.0,0.0,0.0,0.0,4.0,1e-09,1e-05
NetLoadRule+QP,17,65,-6.740961544125386,75.24122228907952,32.4653846064757,45.0,0.0,0.0,0.0,0.0,0.0,4.25,1e-09,1e-05
NetLoadRule+QP,18,65,-2.0109615217824954,75.43884374253537,27.442692270138775,45.00000000000001,1.0931426704001542e-16,0.0,0.0,0.0,0.0,4.5,1e-09,1e-05
NetLoadRule+QP,19,65,2.6566290048648975,74.4815506038452,27.043563313354177,56.70000013603928,0.1800000020929121,0.015384615384615385,0.015384615384615385,0.0,0.0,4.75,1e-09,1e-05
NetLoadRule+QP,20,65,10.541186062976628,71.53584374533445,28.334557135860784,45.00000000000001,2.1862853408003084e-16,0.0,0.0,0.0,0.0,5.0,1e-09,1e-05
NetLoadRule+QP,21,65,18.603279956815754,66.59198417054748,23.94854658029022,47.55000015414103,0.03923077160216982,0.015384615384615385,0.015384615384615385,0.0,0.0,5.25,1e-09,1e-05
NetLoadRule+QP,22,65,15.615267387761271,62.4412559106755,21.91108948608717,57.78750030325445,0.3601067512319222,0.046153846153846156,0.046153846153846156,0.0,0.0,5.5,1e-09,1e-05
NetLoadRule+QP,23,65,12.380267409655469,59.08766279574552,18.732692235476446,45.0,0.0,0.0,0.0,0.0,0.0,5.75,1e-09,1e-05
NetLoadRule+QP,24,65,8.802575079535318,56.6172483013133,16.96230770835831,120.00000000275648,1.1538461538885612,0.015384615384615385,0.015384615384615385,0.0,0.0,6.0,1e-09,1e-05
NetLoadRule+QP,25,65,10.90326918601935,53.63546693665003,16.370694106844056,58.162500236648974,0.37519229514700553,0.03076923076923077,0.03076923076923077,0.0,0.0,6.25,1e-09,1e-05
NetLoadRule+QP,26,65,10.351153853098399,50.79305802807186,14.792884543204062,45.00000000000001,1.0931426704001542e-16,0.0,0.0,0.0,0.0,6.5,1e-09,1e-05
NetLoadRule+QP,27,65,12.52019229136527,47.46274426724065,15.695961553938528,59.99999999808796,0.33230768715847187,0.03076923076923077,0.03076923076923077,0.0,0.0,6.75,1e-09,1e-05
NetLoadRule+QP,28,65,7.917603290616187,45.206892539012,15.7169446887853,58.06249921844376,0.20096152643759632,0.015384615384615385,0.015384615384615385,0.0,0.0,7.0,1e-09,1e-05
NetLoadRule+QP,29,65,7.425661591676347,43.101441942152256,12.792289044441267,51.599999372154365,0.10153845187929791,0.015384615384615385,0.015384615384615385,0.0,0.0,7.25,1e-09,1e-05
NetLoadRule+QP,30,65,13.83378045878892,39.40883180602526,13.420881237479922,45.0,0.0,0.0,0.0,0.0,0.0,7.5,1e-09,1e-05
NetLoadRule+QP,31,65,12.68542061005885,36.05280006654639,12.201971892441932,59.524996830506296,0.6117307063364041,0.046153846153846156,0.046153846153846156,0.0,0.0,7.75,1e-09,1e-05
NetLoadRule+QP,32,65,2.98433581115129,35.11484653655834,14.892893179739378,45.00000000000001,1.0931426704001542e-16,0.0,0.0,0.0,0.6248459363371991,8.0,1e-09,1e-05
NetLoadRule+QP,33,65,-2.3564525508738425,35.46793568096599,7.94902132670605,45.0,0.0,0.0,0.0,0.0,0.0,8.25,1e-09,1e-05
NetLoadRule+QP,34,65,-6.228017006950241,36.819532267186986,8.36297540853022,58.91249985083843,0.27184513710279595,0.03076923076923077,0.03076923076923077,0.0,0.0,8.5,1e-09,1e-05
NetLoadRule+QP,35,65,-8.944850867927293,38.87964158914724,7.124520613774754,45.10000146078668,0.001538484012102751,0.015384615384615385,0.015384615384615385,0.0,0.0,8.75,1e-09,1e-05
NetLoadRule+QP,36,65,-27.823969326149562,45.46415009357828,21.302172733754496,45.00000000000001,1.0931426704001542e-16,0.0,0.0,0.0,0.35836012653856586,9.0,1e-09,1e-05
NetLoadRule+QP,37,65,-32.57074509742217,53.16965012687547,13.554500963913227,45.0,0.0,0.0,0.0,0.0,0.19302157648449975,9.25,1e-09,1e-05
NetLoadRule+QP,38,65,-30.108063225820047,60.2863193660851,12.91010285451534,45.0,0.0,0.0,0.0,0.0,0.0,9.5,1e-09,1e-05
NetLoadRule+QP,39,65,-31.398849321234337,67.69835428465306,12.394009676728404,45.00000000000001,1.0931426704001542e-16,0.0,0.0,0.0,0.0,9.75,1e-09,1e-05
NetLoadRule+QP,40,65,-48.417274957049166,79.19158470341323,20.499327071709665,45.0,0.0,0.0,0.0,0.0,0.9279640499978156,10.0,1e-09,1e-05
NetLoadRule+QP,41,65,-48.94963850646354,90.79395350983538,15.251462015946279,82.63055760877549,0.6816617825536679,0.03076923076923077,0.03076923076923077,0.0,2.989630387087373,10.25,1e-09,1e-05
NetLoadRule+QP,42,65,-42.26169802201964,100.79905958390758,20.1265965718509,83.97922621638348,2.353098851033135,0.09230769230769231,0.09230769230769231,0.0,9.148827305985524,10.5,1e-09,1e-05
NetLoadRule+QP,43,65,-38.18307163803312,109.84477526645321,13.460555532969313,59.299951519598935,0.2488358136053329,0.03076923076923077,0.03076923076923077,0.0,12.548344126363965,10.75,1e-09,1e-05
NetLoadRule+QP,44,65,-41.69077359895269,119.74633399619933,21.78153501935306,96.45063954774145,1.5289396814215388,0.046153846153846156,0.046153846153846156,0.0,14.72899585427287,11.0,1e-09,1e-05
NetLoadRule+QP,45,65,-38.36507750880785,128.84083691583618,17.212267441260806,76.41790242603945,0.5723880887737299,0.03076923076923077,0.03076923076923077,0.0,18.66436361315911,11.25,1e-09,1e-05
NetLoadRule+QP,46,65,-34.499238512433074,136.98679407237302,14.365266097553356,60.76431730596501,0.2425279585533078,0.015384615384615385,0.015384615384615385,0.0,19.654179395013454,11.5,1e-09,1e-05
NetLoadRule+QP,47,65,-36.60785142527023,145.64599437047545,15.000871357032104,62.45503671532964,0.519591581486184,0.03076923076923077,0.03076923076923077,0.0,22.641122246915728,11.75,1e-09,1e-05
NetLoadRule+QP,48,65,-24.319418797117503,151.3651721515251,20.298668940687442,88.06851503675514,0.9308317709382292,0.03076923076923077,0.03076923076923077,0.0,20.132901201858047,12.0,1e-09,1e-05
NetLoadRule+QP,49,65,-21.363508992949075,156.3732900456184,18.19091569040464,77.70954905852994,1.0417806711461202,0.06153846153846154,0.06153846153846154,0.0,20.434145391284112,12.25,1e-09,1e-05
NetLoadRule+QP,50,65,-22.397257303809607,161.6616767011445,14.418847226573222,75.51268427238186,0.6295891193453342,0.03076923076923077,0.03076923076923077,0.0,21.523275127927977,12.5,1e-09,1e-05
NetLoadRule+QP,51,65,-16.76364237844603,165.59056055056396,14.799790992251495,65.8610757383141,0.3856657983960893,0.03076923076923077,0.03076923076923077,0.0,23.134438239057992,12.75,1e-09,1e-05
NetLoadRule+QP,52,65,-10.332667183784157,168.01174360698735,14.015099452808863,46.46719952729479,0.022572300419919818,0.015384615384615385,0.015384615384615385,0.0,15.033646364852132,13.0,1e-09,1e-05
NetLoadRule+QP,53,65,-8.288122472245815,169.9194740312774,12.530857091309922,57.48203910017863,0.19203137077197907,0.015384615384615385,0.015384615384615385,0.0,12.544733969431892,13.25,1e-09,1e-05
NetLoadRule+QP,54,65,-5.298563701593389,171.13576784227803,13.576454176308976,68.26720570125094,0.3579570107884761,0.015384615384615385,0.015384615384615385,0.0,14.064004710185332,13.5,1e-09,1e-05
NetLoadRule+QP,55,65,-6.411526276301822,172.61113691179284,9.833245990928162,45.00000000000001,1.0931426704001542e-16,0.0,0.0,0.0,15.571510446931745,13.75,1e-09,1e-05
NetLoadRule+QP,56,65,0.23680564598980522,172.36652326074724,13.702196586130556,45.0,0.0,0.0,0.0,0.0,4.443937852336219,14.0,1e-09,1e-05
NetLoadRule+QP,57,65,-3.548124778196205,173.0888743790139,15.794793804646071,60.000000000078316,0.23570142704491165,0.03076923076923077,0.03076923076923077,0.0,3.9052328554050817,14.25,1e-09,1e-05
NetLoadRule+QP,58,65,-4.612307699097164,174.0834972717921,14.098680994173199,45.00000000000001,1.0931426704001542e-16,0.0,0.0,0.0,3.526607075829452,14.5,1e-09,1e-05
NetLoadRule+QP,59,65,-1.547972615844673,174.29372583395718,15.002181684560286,45.0,0.0,0.0,0.0,0.0,2.686084691582155,14.75,1e-09,1e-05
NetLoadRule+QP,60,65,5.350511656655936,172.69903822189087,21.50465883990018,45.00000000000001,1.0931426704001542e-16,0.0,0.0,0.0,0.0,15.0,1e-09,1e-05
NetLoadRule+QP,61,65,11.480395548220974,169.51746127556873,21.085295029556978,45.285033292235646,0.004385127572856198,0.015384615384615385,0.015384615384615385,0.0,0.0,15.25,1e-09,1e-05
NetLoadRule+QP,62,65,7.8937895888297644,167.20465214227454,21.306530872782208,45.00000000000001,2.1862853408003084e-16,0.0,0.0,0.0,0.0,15.5,1e-09,1e-05
NetLoadRule+QP,63,65,3.7541505536285626,165.96904161580184,21.354475453678166,45.0,0.0,0.0,0.0,0.0,0.0,15.75,1e-09,1e-05
NetLoadRule+QP,64,65,13.891127725373323,162.13184553819144,23.007935613422607,45.00000000000001,2.1862853408003084e-16,0.0,0.0,0.0,0.0,16.0,1e-09,1e-05
NetLoadRule+QP,65,65,14.127946898036168,158.2422542492847,18.264727547386514,57.99857010155714,0.31222341868660314,0.03076923076923077,0.03076923076923077,0.0,0.0,16.25,1e-09,1e-05
NetLoadRule+QP,66,65,8.58420726584668,155.75825233731348,17.5437396338206,50.47500018376434,0.08423077205791288,0.015384615384615385,0.015384615384615385,0.0,0.0,16.5,1e-09,1e-05
NetLoadRule+QP,67,65,12.131680667555424,152.41412847349537,18.980973214083757,45.00000000000001,1.0931426704001542e-16,0.0,0.0,0.0,0.0,16.75,1e-09,1e-05
NetLoadRule+QP,68,65,4.923645202396522,150.89461694395476,22.4089671865228,47.55258629441354,0.039270558375592984,0.015384615384615385,0.015384615384615385,0.0,0.0,17.0,1e-09,1e-05
NetLoadRule+QP,69,65,0.9872413925697338,150.35225237625204,23.42642630315631,45.0,0.0,0.0,0.0,0.0,0.0,17.25,1e-09,1e-05
NetLoadRule+QP,70,65,-3.0611074929884388,150.7750215882808,19.95165111669858,45.0,0.0,0.0,0.0,0.0,0.0,17.5,1e-09,1e-05
NetLoadRule+QP,71,65,-3.1031641580980933,151.27095558817777,19.88821051397177,58.19398960045924,0.2029844553916806,0.015384615384615385,0.015384615384615385,0.0,0.0,17.75,1e-09,1e-05
NetLoadRule+QP,72,65,-9.258397369579326,153.3355597639908,24.17412989222891,45.00000000000001,1.0931426704001542e-16,0.0,0.0,0.0,0.0,18.0,1e-09,1e-05
NetLoadRule+QP,73,65,-10.506211189815437,155.64864048822184,24.230408745638503,45.00000000000001,1.0931426704001542e-16,0.0,0.0,0.0,0.0,18.25,1e-09,1e-05
NetLoadRule+QP,74,65,-4.138473834587586,156.37865466822927,24.404179469159665,45.0,0.0,0.0,0.0,0.0,0.0,18.5,1e-09,1e-05
NetLoadRule+QP,75,65,-7.286119007356339,157.94119212971145,25.53251676816574,45.00000000000001,1.0931426704001542e-16,0.0,0.0,0.0,0.0,18.75,1e-09,1e-05
NetLoadRule+QP,76,65,1.1767778402584392,157.30667082942142,29.795884547745633,45.00000000000001,2.1862853408003084e-16,0.0,0.0,0.0,0.0,19.0,1e-09,1e-05
NetLoadRule+QP,77,65,6.319246246595688,155.40686918596865,29.124805592059683,50.0631766915963,0.11028369535814568,0.03076923076923077,0.03076923076923077,0.0,0.0,19.25,1e-09,1e-05
NetLoadRule+QP,78,65,7.095792978405579,153.29703447145536,30.485853622031893,45.0,0.0,0.0,0.0,0.0,0.0,19.5,1e-09,1e-05
NetLoadRule+QP,79,65,3.1798075025027486,152.19232406595893,32.58500700894688,45.0,0.0,0.0,0.0,0.0,0.0,19.75,1e-09,1e-05
NetLoadRule+QP,80,65,12.010171738525138,148.75404796032822,33.75344115149602,45.00000000000001,1.0931426704001542e-16,0.0,0.0,0.0,0.0,20.0,1e-09,1e-05
NetLoadRule+QP,81,65,20.56811892735499,143.23424925285966,32.10178505053342,119.99999999756066,1.1538461538086258,0.015384615384615385,0.015384615384615385,0.0,0.0,20.25,1e-09,1e-05
NetLoadRule+QP,82,65,20.633225941525982,137.63597314271775,24.605584476741353,58.91249966688361,0.3569230558904687,0.046153846153846156,0.046153846153846156,0.0,0.0,20.5,1e-09,1e-05
NetLoadRule+QP,83,65,22.32896046643476,131.63558880962174,21.001888354617687,59.58448815949547,0.22437674091531506,0.015384615384615385,0.015384615384615385,0.0,0.0,20.75,1e-09,1e-05
NetLoadRule+QP,84,65,21.265542066257915,125.919442292389,25.08649531148657,45.0,0.0,0.0,0.0,0.0,0.0,21.0,1e-09,1e-05
NetLoadRule+QP,85,65,24.785032445296718,119.28283342524598,25.283247025843963,45.00000000000001,1.0931426704001542e-16,0.0,0.0,0.0,0.0,21.25,1e-09,1e-05
NetLoadRule+QP,86,65,23.5362910624425,112.94104630367255,24.752117315807787,119.99999999522177,1.1538461537726425,0.015384615384615385,0.015384615384615385,0.0,0.0,21.5,1e-09,1e-05
NetLoadRule+QP,87,65,20.621333869170545,107.3545110752505,25.99188026021373,58.91249963473902,0.31557691037724733,0.03076923076923077,0.03076923076923077,0.0,0.0,21.75,1e-09,1e-05
NetLoadRule+QP,88,65,17.778653858710214,102.51604953374643,22.36924308391136,45.00000000000001,1.0931426704001542e-16,0.0,0.0,0.0,0.0,22.0,1e-09,1e-05
NetLoadRule+QP,89,65,17.96562323606866,97.61892289703196,24.73610753602205,54.99999949553138,0.1538461460850981,0.015384615384615385,0.015384615384615385,0.0,0.0,22.25,1e-09,1e-05
NetLoadRule+QP,90,65,13.022064742330947,93.99074796522022,26.295672198370646,119.58448846498347,1.1474536686920533,0.015384615384615385,0.015384615384615385,0.0,0.0,22.5,1e-09,1e-05
NetLoadRule+QP,91,65,5.10348034750755,92.36830562263202,30.737430536142558,76.05263096038075,1.0706477036426731,0.046153846153846156,0.046153846153846156,0.0,0.0,22.75,1e-09,1e-05
NetLoadRule+QP,92,65,-13.06990502194855,94.96412823155723,48.93016463430834,136.73130267000474,15.068550178743797,0.36923076923076925,0.36923076923076925,0.0,0.0,23.0,1e-09,1e-05
NetLoadRule+QP,93,65,-31.160021327259084,101.85309370633722,36.0901162925348,154.50474602375772,11.146749364254356,0.2153846153846154,0.2153846153846154,0.0,0.0,23.25,1e-09,1e-05
NetLoadRule+QP,94,65,-47.132762467995164,112.66508993402297,29.64848997496343,150.49999958790912,11.262572611098552,0.2,0.2,0.0,0.0,23.5,1e-09,1e-05
NetLoadRule+QP,95,65,-53.93342670434492,125.0,24.339285780453046,151.1102586643081,10.810089458021148,0.18461538461538463,0.18461538461538463,0.0,0.0,23.75,1e-09,1e-05
PPO-QP,0,325,32.11945126181376,116.46524256492992,38.532312624943636,45.0,0.0,0.0,0.0,0.0,0.0,0.0,1e-09,1e-05
PPO-QP,1,325,54.84740976293532,101.95264441155585,23.07961307909317,45.0,0.0,0.0,0.0,0.0,0.0,0.25,1e-09,1e-05
PPO-QP,2,325,59.39007954551352,86.26834727745009,6.799744709066253,22.1737498065512,0.0,0.0,0.0,0.0,0.0,0.5,1e-09,1e-05
PPO-QP,3,325,62.11523640280632,69.88820531629189,3.786514367758343,14.382822453316367,0.0,0.0,0.0,0.0,0.0,0.75,1e-09,1e-05
PPO-QP,4,325,59.114643845988915,54.3194284225025,8.812440327878075,55.00000000000002,0.2521711734120852,0.033846153846153845,0.033846153846153845,0.0,0.0,1.0,1e-09,1e-05
PPO-QP,5,325,23.904117307811187,48.026964202795,37.733199547193784,91.31034152678527,10.794022160300079,0.4553846153846154,0.4492307692307692,0.0,0.0,1.25,1e-09,1e-05
PPO-QP,6,325,5.3727534471480185,46.61308171350447,20.641458063788072,74.24266193611446,2.41377494836424,0.18461538461538463,0.18461538461538463,0.0,0.0,1.5,1e-09,1e-05
PPO-QP,7,325,3.4084377102618224,45.716124419029754,3.906152053957601,58.76359166123655,0.14658175500173234,0.021538461538461538,0.021538461538461538,0.0,0.0,1.75,1e-09,1e-05
PPO-QP,8,325,1.7364924453076285,45.258857018934044,1.6826288855837657,20.7624789278366,0.0,0.0,0.0,0.0,0.0,2.0,1e-09,1e-05
PPO-QP,9,325,1.8936335885592994,44.75992536113682,0.5370661145122747,9.781185717785709,0.0,0.0,0.0,0.0,0.0,2.25,1e-09,1e-05
PPO-QP,10,325,2.482087231025926,44.10273340022843,1.0734848437171056,14.000654484427415,0.0,0.0,0.0,0.0,0.0,2.5,1e-09,1e-05
PPO-QP,11,325,5.677486929363022,42.599760256569,3.5978078669995583,25.318987174772616,0.0,0.0,0.0,0.0,0.0,2.75,1e-09,1e-05
PPO-QP,12,325,3.619115593163726,41.629613218328565,2.083438185453104,19.008541247375366,0.0,0.0,0.0,0.0,0.0,3.0,1e-09,1e-05
PPO-QP,13,325,4.59938271431569,40.41151579955161,1.411921321120976,19.386108480317787,0.0,0.0,0.0,0.0,0.0,3.25,1e-09,1e-05
PPO-QP,14,325,6.673612216402379,38.65266464483816,2.2245209250739086,23.491672714966572,0.0,0.0,0.0,0.0,0.0,3.5,1e-09,1e-05
PPO-QP,15,325,9.997432496858842,36.01899686291337,3.3714314761923205,31.27102167474845,0.0,0.0,0.0,0.0,0.0,3.75,1e-09,1e-05
PPO-QP,16,325,7.961816893972009,33.92009216131159,2.287307733830906,66.61393342165366,0.0665044105281651,0.003076923076923077,0.003076923076923077,0.0,0.0,4.0,1e-09,1e-05
PPO-QP,17,325,8.197784150479785,31.76278054276427,1.9872084378461607,59.682682732210424,0.05432117293185021,0.006153846153846154,0.006153846153846154,0.0,0.0,4.25,1e-09,1e-05
PPO-QP,18,325,8.46292612732072,29.53569471978513,2.3289394303760087,51.994691436462695,0.031677729193822085,0.006153846153846154,0.006153846153846154,0.0,0.0,4.5,1e-09,1e-05
PPO-QP,19,325,6.830976415235661,27.738069347354696,3.9428841745310272,65.16652833080873,0.1822398457769583,0.018461538461538463,0.018461538461538463,0.0,0.0,4.75,1e-09,1e-05
PPO-QP,20,325,3.5404960601845317,26.805906969963157,3.6611155185159996,87.11671194637407,0.5778287084552304,0.027692307692307693,0.027692307692307693,0.0,0.0,5.0,1e-09,1e-05
PPO-QP,21,325,2.3857610102131788,26.178037227245525,1.625710931667912,57.3628391154281,0.07136234213290794,0.006153846153846154,0.006153846153846154,0.0,0.0,5.25,1e-09,1e-05
PPO-QP,22,325,1.6081035554176855,25.75428953527723,1.140621845806671,42.76907505235938,0.0,0.0,0.0,0.0,0.0,5.5,1e-09,1e-05
PPO-QP,23,325,1.0928140558845594,25.465601035357427,0.9251566853702586,52.39823450953191,0.022763798490867418,0.003076923076923077,0.003076923076923077,0.0,0.0,5.75,1e-09,1e-05
PPO-QP,24,325,0.5838503611790307,25.30938818246983,0.5425249825144596,38.57954133058196,0.0,0.0,0.0,0.0,0.0,6.0,1e-09,1e-05
PPO-QP,25,325,0.27048378268029005,25.236310104892205,0.47484468376741035,49.37440920016277,0.013459720615885457,0.003076923076923077,0.003076923076923077,0.0,0.0,6.25,1e-09,1e-05
PPO-QP,26,325,0.05020464935091076,25.21958231177533,0.22514388658632434,26.64552191751875,0.0,0.0,0.0,0.0,0.0,6.5,1e-09,1e-05
PPO-QP,27,325,0.13729601486774684,25.18213287164656,0.1320640220049394,27.770872577623397,0.0,0.0,0.0,0.0,0.0,6.75,1e-09,1e-05
PPO-QP,28,325,-0.42470156970025885,25.280107818624074,0.7145160890999555,26.584737553530097,0.0,0.0,0.0,0.0,0.0,7.0,1e-09,1e-05
PPO-QP,29,325,-0.8597309415097995,25.477507505835362,0.9026737827262454,21.87637538144799,0.0,0.0,0.0,0.0,0.0,7.25,1e-09,1e-05
PPO-QP,30,325,-0.3038721210626061,25.533653653271788,1.9411728799987142,22.091885658203356,0.0,0.0,0.0,0.0,0.0,7.5,1e-09,1e-05
PPO-QP,31,325,-1.472349858472738,25.87679381422221,2.125006270328834,23.677047062628873,0.0,0.0,0.0,0.0,0.0,7.75,1e-09,1e-05
PPO-QP,32,325,-5.778204451674256,27.246585641558106,5.250173558973633,42.03635309764925,0.0,0.0,0.0,0.0,0.0,8.0,1e-09,1e-05
PPO-QP,33,325,-6.980876334168289,28.899996086514,4.207752566447747,27.221817633620063,0.0,0.0,0.0,0.0,0.0,8.25,1e-09,1e-05
PPO-QP,34,325,-8.344206602919185,30.873790640498076,5.72386029225593,41.23177500706156,0.0,0.0,0.0,0.0,0.0,8.5,1e-09,1e-05
PPO-QP,35,325,-10.262212267513243,33.30895113585216,4.3303558720679405,27.885612819277934,0.0,0.0,0.0,0.0,0.0,8.75,1e-09,1e-05
PPO-QP,36,325,-18.321924928926432,37.650639050240166,11.122598706999254,45.0,0.0,0.0,0.0,0.0,0.8028853445114921,9.0,1e-09,1e-05
PPO-QP,37,325,-20.6347106063048,42.52966490338246,9.765062575971498,44.00000009732564,0.0,0.0,0.0,0.0,0.345109777855785,9.25,1e-09,1e-05
PPO-QP,38,325,-20.364797773680213,47.34323583711877,7.074029179780926,45.0,0.0,0.0,0.0,0.0,0.0,9.5,1e-09,1e-05
PPO-QP,39,325,-22.433492152166842,52.65126943352302,7.073054493382392,42.47509158514143,0.0,0.0,0.0,0.0,0.0,9.75,1e-09,1e-05
PPO-QP,40,325,-34.09525307355267,60.74213461962209,15.170346962611758,44.95894356631595,0.0,0.0,0.0,0.0,1.4311283231148766,10.0,1e-09,1e-05
PPO-QP,41,325,-36.27788887246887,69.35086872095721,11.77461389537775,45.0,0.0,0.0,0.0,0.0,1.2030079162841472,10.25,1e-09,1e-05
PPO-QP,42,325,-36.879101432929104,78.10841551684446,12.251926917853144,45.00000000000001,2.1862853408003083e-17,0.0,0.0,0.0,1.4434249065955476,10.5,1e-09,1e-05
PPO-QP,43,325,-35.1193547889751,86.4456087001762,12.458350458984258,62.4559736049685,0.07063767987781994,0.006153846153846154,0.006153846153846154,0.0,1.7033505577844859,10.75,1e-09,1e-05
PPO-QP,44,325,-32.85793992919557,94.23875624185183,15.246633802452,87.30983591943097,0.7458864702879733,0.027692307692307693,0.027692307692307693,0.0,4.043113080427081,11.0,1e-09,1e-05
PPO-QP,45,325,-34.004450022264535,102.29873345733108,16.260907127983558,87.24768650919663,0.8705635499489442,0.027692307692307693,0.027692307692307693,0.0,6.843733508765973,11.25,1e-09,1e-05
PPO-QP,46,325,-27.67299392306392,108.85239207124232,14.904454878113297,86.70421508330936,1.2970769372820021,0.055384615384615386,0.055384615384615386,0.0,11.171043167757439,11.5,1e-09,1e-05
PPO-QP,47,325,-27.96570613100628,115.48087855870237,12.130667304741449,70.7397784005086,0.204042208022785,0.015384615384615385,0.015384615384615385,0.0,13.906755219039265,11.75,1e-09,1e-05
PPO-QP,48,325,-20.09607518430944,120.22692883289395,13.77976094168425,81.01346633756368,0.27489302846510083,0.015384615384615385,0.015384615384615385,0.0,13.254378456919921,12.0,1e-09,1e-05
PPO-QP,49,325,-16.34957517939592,124.0728472779853,12.543770899251715,70.32674305286692,0.33956528522472973,0.018461538461538463,0.018461538461538463,0.0,15.644341917460487,12.25,1e-09,1e-05
PPO-QP,50,325,-16.12288090903218,127.86459298961165,12.07519161885326,71.93708948190529,0.3305804195946047,0.015384615384615385,0.015384615384615385,0.0,15.656063259188848,12.5,1e-09,1e-05
PPO-QP,51,325,-11.352913221371617,130.51129744679625,10.493913143204548,89.56875799492016,0.4978301648439213,0.015384615384615385,0.015384615384615385,0.0,17.121959828460767,12.75,1e-09,1e-05
PPO-QP,52,325,-0.6583633131894019,130.52377280996643,13.599682711299874,69.24829330893559,0.14614333091214385,0.006153846153846154,0.006153846153846154,0.0,13.065610313675032,13.0,1e-09,1e-05
PPO-QP,53,325,4.107252691918876,129.31640192978378,9.385549770316672,45.0,0.0,0.0,0.0,0.0,11.818163622872852,13.25,1e-09,1e-05
PPO-QP,54,325,5.190482409207501,127.81472159671483,9.668386829478834,66.93358067715515,0.1107474407560966,0.006153846153846154,0.006153846153846154,0.0,12.246233800420116,13.5,1e-09,1e-05
PPO-QP,55,325,5.8522462837797224,126.1428848490828,8.546156131044793,58.767049081219504,0.042360151019136934,0.003076923076923077,0.003076923076923077,0.0,13.143056858616278,13.75,1e-09,1e-05
PPO-QP,56,325,13.964886303622514,122.4125425301835,11.695942511064672,72.69285903985691,0.1468759037150226,0.009230769230769232,0.009230769230769232,0.0,4.37412095218768,14.0,1e-09,1e-05
PPO-QP,57,325,14.58617730467855,118.51717025715992,7.248638193093392,69.83467502369551,0.20055734185053123,0.015384615384615385,0.015384615384615385,0.0,3.8094399065204696,14.25,1e-09,1e-05
PPO-QP,58,325,15.525458587709878,114.3560355383584,8.494694960605218,46.35271596438604,0.007745683662496696,0.006153846153846154,0.006153846153846154,0.0,3.4348116806258484,14.5,1e-09,1e-05
PPO-QP,59,325,15.55891983685446,110.23351377977954,8.399115800257857,55.07033177472205,0.03355341147519539,0.006153846153846154,0.006153846153846154,0.0,2.5179805359797114,14.75,1e-09,1e-05
PPO-QP,60,325,24.449822941270156,103.78542815625319,14.455986412364302,62.35363151726783,0.16195308853385898,0.015384615384615385,0.015384615384615385,0.0,0.0,15.0,1e-09,1e-05
PPO-QP,61,325,27.132210388139217,96.64268096722913,8.424581442315281,73.99314979474114,0.46674440204092094,0.027692307692307693,0.027692307692307693,0.0,0.0,15.25,1e-09,1e-05
PPO-QP,62,325,24.800616111381405,90.09714374431799,6.586457911522841,91.9690347647092,0.4096540701386261,0.018461538461538463,0.018461538461538463,0.0,0.0,15.5,1e-09,1e-05
PPO-QP,63,325,25.45235675718983,83.39915512400489,8.258986624496822,93.13692639572317,0.42066936068422844,0.018461538461538463,0.018461538461538463,0.0,0.0,15.75,1e-09,1e-05
PPO-QP,64,325,24.067519385191687,77.0655973910597,7.995466377775121,99.70863981965422,1.212688830101005,0.046153846153846156,0.046153846153846156,0.0,0.0,16.0,1e-09,1e-05
PPO-QP,65,325,23.880092083085103,70.7813626323531,4.059106857515608,61.31198874466624,0.16795855108646587,0.015384615384615385,0.015384615384615385,0.0,0.0,16.25,1e-09,1e-05
PPO-QP,66,325,21.289023775566783,65.17898795457236,3.446649829071336,88.05920769477169,0.48480881044108687,0.021538461538461538,0.021538461538461538,0.0,0.0,16.5,1e-09,1e-05
PPO-QP,67,325,20.24717664075355,59.85078357542669,4.215167883545249,92.93192888105989,0.46231360840479224,0.018461538461538463,0.018461538461538463,0.0,0.0,16.75,1e-09,1e-05
PPO-QP,68,325,17.889890837555313,55.14291756554371,3.536750006971461,77.89550454869186,0.413849585068506,0.018461538461538463,0.018461538461538463,0.0,0.0,17.0,1e-09,1e-05
PPO-QP,69,325,16.3049676535412,50.8521366040855,3.8838213810888442,89.60175044975125,0.4294339126559549,0.024615384615384615,0.024615384615384615,0.0,0.0,17.25,1e-09,1e-05
PPO-QP,70,325,13.722824634281038,47.24086696348523,3.880849424469059,90.57343838846364,0.6636837979717,0.033846153846153845,0.033846153846153845,0.0,0.0,17.5,1e-09,1e-05
PPO-QP,71,325,12.36958098323669,43.98571407315979,2.5185534430443153,73.27817710823803,0.1629716259893465,0.015384615384615385,0.015384615384615385,0.0,0.0,17.75,1e-09,1e-05
PPO-QP,72,325,14.151696753960461,40.26158334843335,5.1504780409424065,64.3080627720151,0.16960125917444824,0.012307692307692308,0.012307692307692308,0.0,0.0,18.0,1e-09,1e-05
PPO-QP,73,325,11.322299552343557,37.28203083465873,3.2219087005657534,85.52655864435972,0.3647278364718064,0.021538461538461538,0.021538461538461538,0.0,0.0,18.25,1e-09,1e-05
PPO-QP,74,325,9.949672976166529,34.66369584093069,2.442470725431272,49.86574064461695,0.020611212958940847,0.006153846153846154,0.006153846153846154,0.0,0.0,18.5,1e-09,1e-05
PPO-QP,75,325,8.715850892255261,32.37005086928457,2.0378531676134473,76.10022093521982,0.13092225746408934,0.009230769230769232,0.009230769230769232,0.0,0.0,18.75,1e-09,1e-05
PPO-QP,76,325,8.054236899839731,30.250514843010958,1.4059988244246215,42.885709574864244,0.0,0.0,0.0,0.0,0.0,19.0,1e-09,1e-05
PPO-QP,77,325,7.289434894669151,28.332242502308553,1.3197836432998304,50.9785926150116,0.02328453478730169,0.006153846153846154,0.006153846153846154,0.0,0.0,19.25,1e-09,1e-05
PPO-QP,78,325,5.468979882596194,26.893037270046396,2.1577977698702595,58.985523073757065,0.12879088709642433,0.012307692307692308,0.012307692307692308,0.0,0.0,19.5,1e-09,1e-05
PPO-QP,79,325,3.5114393740389307,25.968974276878257,2.333616515811231,60.65544920307043,0.1715125988205195,0.018461538461538463,0.018461538461538463,0.0,0.0,19.75,1e-09,1e-05
PPO-QP,80,325,2.242074728315326,25.378954611532116,1.4005686359820202,62.17138300055228,0.11399534896744531,0.012307692307692308,0.012307692307692308,0.0,0.0,20.0,1e-09,1e-05
PPO-QP,81,325,0.8792056610934047,25.147584700718063,1.373550766426679,62.98137449913043,0.13527437580775017,0.012307692307692308,0.012307692307692308,0.0,0.0,20.25,1e-09,1e-05
PPO-QP,82,325,0.4670068455444429,25.024688162416894,0.41431659156001294,65.32042563975459,0.06252438658386028,0.003076923076923077,0.003076923076923077,0.0,0.0,20.5,1e-09,1e-05
PPO-QP,83,325,0.09381501718419658,25.0,0.3731918283602463,61.09587715668975,0.0495257758667377,0.003076923076923077,0.003076923076923077,0.0,0.0,20.75,1e-09,1e-05
PPO-QP,84,325,0.0,25.0,0.09381501718419658,30.489880584863887,0.0,0.0,0.0,0.0,0.0,21.0,1e-09,1e-05
PPO-QP,85,325,0.0,25.0,0.0,0.0,0.0,0.0,0.0,0.0,0.0,21.25,1e-09,1e-05
PPO-QP,86,325,-0.0033114721032701335,25.000786474624526,0.0033114721032701335,1.0762284335627934,0.0,0.0,0.0,0.0,0.0,21.5,1e-09,1e-05
PPO-QP,87,325,0.0029886035732013014,25.0,0.006300075676471436,2.0475245948532166,0.0,0.0,0.0,0.0,0.0,21.75,1e-09,1e-05
PPO-QP,88,325,0.0,25.0,0.0029886035732013014,0.971296161290423,0.0,0.0,0.0,0.0,0.0,22.0,1e-09,1e-05
PPO-QP,89,325,-0.0036703608413988006,25.000871710699833,0.0036703608413988006,1.0394062133804076,0.0,0.0,0.0,0.0,0.0,22.25,1e-09,1e-05
PPO-QP,90,325,-0.023362976782113666,25.006409483585053,0.021489290813275917,1.8860186900354212,0.0,0.0,0.0,0.0,0.0,22.5,1e-09,1e-05
PPO-QP,91,325,-21.025644279641877,30.0,21.002281302859764,21.127658308312572,0.0,0.0,0.0,0.0,0.0,22.75,1e-09,1e-05
PPO-QP,92,325,-100.0,53.75,78.97435572035812,82.91219953784886,33.97435572035812,1.0,1.0,0.0,0.0,23.0,1e-09,1e-05
PPO-QP,93,325,-100.0,77.5,0.0,0.0,0.0,0.0,0.0,0.0,0.0,23.25,1e-09,1e-05
PPO-QP,94,325,-100.0,101.25,0.0,0.0,0.0,0.0,0.0,0.0,0.0,23.5,1e-09,1e-05
PPO-QP,95,325,-100.0,125.0,0.0,0.0,0.0,0.0,0.0,0.0,0.0,23.75,1e-09,1e-05
PPO-QP-no-penalty,0,325,32.039801766548976,116.47762716466424,39.12113525838314,45.0,0.0,0.0,0.0,0.0,0.0,0.0,1e-09,1e-05
PPO-QP-no-penalty,1,325,59.34470352215917,100.76018997900347,28.225957394336778,45.0,0.0,0.0,0.0,0.0,0.0,0.25,1e-09,1e-05
PPO-QP-no-penalty,2,325,64.00531117442395,83.83397626460382,7.969912886495604,24.44892527083759,0.0,0.0,0.0,0.0,0.0,0.5,1e-09,1e-05
PPO-QP-no-penalty,3,325,66.74561917946367,66.20749314290526,3.69435847184989,13.977322427439818,0.0,0.0,0.0,0.0,0.0,0.75,1e-09,1e-05
PPO-QP-no-penalty,4,325,53.03249403019906,52.21796034514744,17.707011815343595,55.00000000000002,0.5019985728047369,0.08923076923076922,0.08923076923076922,0.0,0.0,1.0,1e-09,1e-05
PPO-QP-no-penalty,5,325,13.356381420807072,48.69079137794357,42.39640470100437,93.95500490955894,11.84917532849894,0.5446153846153846,0.5384615384615384,0.0,0.0,1.25,1e-09,1e-05
PPO-QP-no-penalty,6,325,3.203967349457707,47.84572498251529,12.893567058750003,70.36437860183091,1.5195233450099965,0.12923076923076923,0.12923076923076923,0.0,0.0,1.5,1e-09,1e-05
PPO-QP-no-penalty,7,325,3.123158256272298,47.02375597866421,2.990277876651053,50.17111934092328,0.05197523993834354,0.012307692307692308,0.012307692307692308,0.0,0.0,1.75,1e-09,1e-05
PPO-QP-no-penalty,8,325,1.9532418486641756,46.50919496973029,1.2064700104729285,24.038958684510515,0.0,0.0,0.0,0.0,0.0,2.0,1e-09,1e-05
PPO-QP-no-penalty,9,325,2.1117683681898547,45.953165198423676,0.5448555710065208,9.927537054693483,0.0,0.0,0.0,0.0,0.0,2.25,1e-09,1e-05
PPO-QP-no-penalty,10,325,2.9282746915310764,45.17978661551441,1.1594286135363785,15.661752124597532,0.0,0.0,0.0,0.0,0.0,2.5,1e-09,1e-05
PPO-QP-no-penalty,11,325,6.576151932590637,43.442696438359285,3.9438372156603725,29.218542052110184,0.0,0.0,0.0,0.0,0.0,2.75,1e-09,1e-05
PPO-QP-no-penalty,12,325,4.769585281330218,42.17292722095686,1.8539613289695822,18.59598127251503,0.0,0.0,0.0,0.0,0.0,3.0,1e-09,1e-05
PPO-QP-no-penalty,13,325,5.729877469785369,40.65987860560594,1.3915354291587299,19.239975002407277,0.0,0.0,0.0,0.0,0.0,3.25,1e-09,1e-05
PPO-QP-no-penalty,14,325,8.189741090790703,38.50307780591305,2.5421033127057933,26.99713677738127,0.0,0.0,0.0,0.0,0.0,3.5,1e-09,1e-05
PPO-QP-no-penalty,15,325,11.580963208027029,35.45377468026618,3.6284950452037097,33.68724071059958,0.0,0.0,0.0,0.0,0.0,3.75,1e-09,1e-05
PPO-QP-no-penalty,16,325,9.284080480814662,33.00861339021104,2.538574456246867,75.23859312573597,0.1435796875194661,0.009230769230769232,0.009230769230769232,0.0,0.0,4.0,1e-09,1e-05
PPO-QP-no-penalty,17,325,8.747377756346168,30.7066718753831,2.3190435974611083,53.366398701453456,0.03488131115864372,0.006153846153846154,0.006153846153846154,0.0,0.0,4.25,1e-09,1e-05
PPO-QP-no-penalty,18,325,7.652356876004165,28.69289375011885,3.4057043039711865,60.06808579662407,0.14552155152771692,0.018461538461538463,0.018461538461538463,0.0,0.0,4.5,1e-09,1e-05
PPO-QP-no-penalty,19,325,5.487084106002962,27.248924248539122,3.5645021466475924,82.28870255842773,0.2761841278867601,0.027692307692307693,0.027692307692307693,0.0,0.0,4.75,1e-09,1e-05
PPO-QP-no-penalty,20,325,3.016160913642144,26.455061026635175,2.7136717992082002,74.25721248103905,0.28023292955919366,0.021538461538461538,0.021538461538461538,0.0,0.0,5.0,1e-09,1e-05
PPO-QP-no-penalty,21,325,2.025191888844089,25.922115792728835,1.2773736694152587,50.48120208319551,0.03711447556245555,0.009230769230769232,0.009230769230769232,0.0,0.0,5.25,1e-09,1e-05
PPO-QP-no-penalty,22,325,1.4065580096118222,25.551640395106062,0.9193021598872286,61.40235788338865,0.0927151768469297,0.006153846153846154,0.006153846153846154,0.0,0.0,5.5,1e-09,1e-05
PPO-QP-no-penalty,23,325,0.8805908961759136,25.319354489537588,0.874417843885926,58.30397488449968,0.08143998992934057,0.006153846153846154,0.006153846153846154,0.0,0.0,5.75,1e-09,1e-05
PPO-QP-no-penalty,24,325,0.37081266541779434,25.22030635950548,0.5511827042444869,53.90908584842582,0.02741257184131021,0.003076923076923077,0.003076923076923077,0.0,0.0,6.0,1e-09,1e-05
PPO-QP-no-penalty,25,325,0.23873734280366202,25.15636481732559,0.3025211065683824,33.91884207305862,0.0,0.0,0.0,0.0,0.0,6.25,1e-09,1e-05
PPO-QP-no-penalty,26,325,0.08693810548654148,25.1306699767487,0.15615218271748513,15.398265702293202,0.0,0.0,0.0,0.0,0.0,6.5,1e-09,1e-05
PPO-QP-no-penalty,27,325,0.1905931875775363,25.080063563631086,0.10886605032125568,24.945569891903165,0.0,0.0,0.0,0.0,0.0,6.75,1e-09,1e-05
PPO-QP-no-penalty,28,325,-0.1533676932749605,25.112546497935387,0.4489449517882963,21.62331809198561,0.0,0.0,0.0,0.0,0.0,7.0,1e-09,1e-05
PPO-QP-no-penalty,29,325,-0.6198505771673404,25.256994415183893,0.6333851145827174,20.842429610653667,0.0,0.0,0.0,0.0,0.0,7.25,1e-09,1e-05
PPO-QP-no-penalty,30,325,-0.24226251278414207,25.306029806169704,1.1766934834648857,21.872964564246892,0.0,0.0,0.0,0.0,0.0,7.5,1e-09,1e-05
PPO-QP-no-penalty,31,325,-0.8927461568078104,25.5152313740908,1.537379184534362,24.946968619411834,0.0,0.0,0.0,0.0,0.0,7.75,1e-09,1e-05
PPO-QP-no-penalty,32,325,-4.8619291318452955,26.666616304023176,4.795882663309995,40.47213367770636,0.0,0.0,0.0,0.0,0.0,8.0,1e-09,1e-05
PPO-QP-no-penalty,33,325,-5.820581185578265,28.04506357104516,3.9028200394823607,27.221817633519606,0.0,0.0,0.0,0.0,0.0,8.25,1e-09,1e-05
PPO-QP-no-penalty,34,325,-6.861980412781875,29.665334407319797,5.286476557778655,38.46253218704413,0.0,0.0,0.0,0.0,0.0,8.5,1e-09,1e-05
PPO-QP-no-penalty,35,325,-8.491972101453607,31.679166243949595,4.1067019116384005,29.165636757444283,0.0,0.0,0.0,0.0,0.0,8.75,1e-09,1e-05
PPO-QP-no-penalty,36,325,-16.651988203892106,35.62157311504465,11.190402114774024,45.0,0.0,0.0,0.0,0.0,0.8332136337306701,9.0,1e-09,1e-05
PPO-QP-no-penalty,37,325,-18.83568813170703,40.071576014576245,9.644017169243396,44.02662584345099,0.0,0.0,0.0,0.0,0.34511451470280596,9.25,1e-09,1e-05
PPO-QP-no-penalty,38,325,-18.489531572345587,44.44100163520133,7.198563658401854,45.0,0.0,0.0,0.0,0.0,0.0,9.5,1e-09,1e-05
PPO-QP-no-penalty,39,325,-20.333745211156746,49.2509956398619,7.128098311591657,42.47509046505033,0.0,0.0,0.0,0.0,0.0,9.75,1e-09,1e-05
PPO-QP-no-penalty,40,325,-32.463980925140554,56.95520075827639,15.588006367083226,44.572112522638776,0.0,0.0,0.0,0.0,1.4691238944505467,10.0,1e-09,1e-05
PPO-QP-no-penalty,41,325,-34.60349271566648,65.16390784375821,11.893371017821133,45.0,0.0,0.0,0.0,0.0,1.2201021467189999,10.25,1e-09,1e-05
PPO-QP-no-penalty,42,325,-35.08831084419329,73.4950747481306,12.492871071339465,45.0,0.0,0.0,0.0,0.0,1.481221201185658,10.5,1e-09,1e-05
PPO-QP-no-penalty,43,325,-33.17596254589754,81.36983249136605,12.444729623644037,49.09665697514707,0.012605098385067908,0.003076923076923077,0.003076923076923077,0.0,1.645299816173443,10.75,1e-09,1e-05
PPO-QP-no-penalty,44,325,-31.127732009123278,88.7511095125044,15.802913897347187,86.43226553415788,0.7744310754895769,0.03076923076923077,0.03076923076923077,0.0,4.052736240532263,11.0,1e-09,1e-05
PPO-QP-no-penalty,45,325,-32.68521307201231,96.49467795526213,16.440200864115106,95.77966268742766,0.7963126729937652,0.021538461538461538,0.021538461538461538,0.0,6.6504889183545215,11.25,1e-09,1e-05
PPO-QP-no-penalty,46,325,-26.21179788375608,102.69779651596853,15.322055925488662,81.69879512274777,1.3554091715042438,0.06153846153846154,0.06153846153846154,0.0,11.026082023956729,11.5,1e-09,1e-05
PPO-QP-no-penalty,47,325,-26.855028823512974,109.06174806249912,12.420579092892352,65.35690623338266,0.12634109395439824,0.012307692307692308,0.012307692307692308,0.0,13.565001172442297,11.75,1e-09,1e-05
PPO-QP-no-penalty,48,325,-19.2615127308678,113.61104575481306,13.933518525452573,87.24498052851885,0.23739370367672485,0.009230769230769232,0.009230769230769232,0.0,12.718494307747283,12.0,1e-09,1e-05
PPO-QP-no-penalty,49,325,-15.61863487592352,117.2860167517314,13.185618335703609,77.65441771279714,0.46209324515281,0.024615384615384615,0.024615384615384615,0.0,15.186375777570435,12.25,1e-09,1e-05
PPO-QP-no-penalty,50,325,-15.802857364951462,121.0047668288751,12.29685232206888,71.93708947569856,0.24249825840817266,0.009230769230769232,0.009230769230769232,0.0,14.988478662607777,12.5,1e-09,1e-05
PPO-QP-no-penalty,51,325,-11.159519130601437,123.6060669691353,10.321678987500464,89.56754967327788,0.504133412587688,0.015384615384615385,0.015384615384615385,0.0,16.404650715612203,12.75,1e-09,1e-05
PPO-QP-no-penalty,52,325,0.33388760930394346,123.37494569798795,13.951425561401845,69.24829241935223,0.20533650308599807,0.012307692307692308,0.012307692307692308,0.0,12.916922241968042,13.0,1e-09,1e-05
PPO-QP-no-penalty,53,325,5.113147513220126,121.9232224354817,10.12141808702162,45.00000000000001,4.3725706816006165e-17,0.0,0.0,0.0,11.738225462584529,13.25,1e-09,1e-05
PPO-QP-no-penalty,54,325,5.688182803776456,120.31447544589021,9.771805527687532,79.07484988815533,0.1484213413274067,0.009230769230769232,0.009230769230769232,0.0,12.206575502040264,13.5,1e-09,1e-05
PPO-QP-no-penalty,55,325,6.517083201991991,118.48859878692198,8.239283332846664,58.76704904222042,0.042360150899139755,0.003076923076923077,0.003076923076923077,0.0,13.084260430694023,13.75,1e-09,1e-05
PPO-QP-no-penalty,56,325,14.752472488877894,114.57340328388321,12.18495715195648,82.23682765062028,0.2578633289223041,0.009230769230769232,0.009230769230769232,0.0,4.378220175199137,14.0,1e-09,1e-05
PPO-QP-no-penalty,57,325,15.04449877210089,110.5793821986904,8.060639771023125,68.61897959532529,0.14425243875893093,0.015384615384615385,0.015384615384615385,0.0,3.833203964978001,14.25,1e-09,1e-05
PPO-QP-no-penalty,58,325,15.694508534874084,106.39578580206802,8.574050958173947,60.66304680857266,0.08392039393757564,0.012307692307692308,0.012307692307692308,0.0,3.4348152308491935,14.5,1e-09,1e-05
PPO-QP-no-penalty,59,325,15.215378755886578,102.37761231229481,7.876884978475714,63.257129602418466,0.07884697835973122,0.006153846153846154,0.006153846153846154,0.0,2.5493818358852596,14.75,1e-09,1e-05
PPO-QP-no-penalty,60,325,24.76763603861152,95.85630739932435,15.505734281893462,88.89540793655948,0.3131004973739317,0.024615384615384615,0.024615384615384615,0.0,0.0,15.0,1e-09,1e-05
PPO-QP-no-penalty,61,325,27.729580055043073,88.55897388410257,8.285647274208689,83.20816213340126,0.48554819784392644,0.024615384615384615,0.024615384615384615,0.0,0.0,15.25,1e-09,1e-05
PPO-QP-no-penalty,62,325,24.375525983259166,82.13553328157552,6.352846134752441,76.0192479449679,0.46730446904440365,0.03076923076923077,0.03076923076923077,0.0,0.0,15.5,1e-09,1e-05
PPO-QP-no-penalty,63,325,23.88013853839455,75.8512862977875,8.866820900790037,96.31169942904813,0.8328683648706479,0.033846153846153845,0.033846153846153845,0.0,0.0,15.75,1e-09,1e-05
PPO-QP-no-penalty,64,325,24.183073261053387,69.48731965014186,7.431690402006691,98.9073386632544,0.6574898600657347,0.024615384615384615,0.024615384615384615,0.0,0.0,16.0,1e-09,1e-05
PPO-QP-no-penalty,65,325,24.129565240364247,63.137434060572325,3.968246156314174,81.73953192412785,0.2656064112573508,0.015384615384615385,0.015384615384615385,0.0,0.0,16.25,1e-09,1e-05
PPO-QP-no-penalty,66,325,21.19088207772965,57.56088614538031,3.6911987606716172,98.9542167976954,0.7555065185368071,0.024615384615384615,0.024615384615384615,0.0,0.0,16.5,1e-09,1e-05
PPO-QP-no-penalty,67,325,19.685538469724552,52.380481284926475,4.46153141723227,86.4554534597031,0.706436053801818,0.027692307692307693,0.027692307692307693,0.0,0.0,16.75,1e-09,1e-05
PPO-QP-no-penalty,68,325,18.690697596778403,47.461876654195315,2.1807709056411815,69.49094095442507,0.07535674139823098,0.003076923076923077,0.003076923076923077,0.0,0.0,17.0,1e-09,1e-05
PPO-QP-no-penalty,69,325,16.59114452946725,43.09578598854604,4.353251376024794,87.1917546560264,0.5778833153414079,0.03076923076923077,0.03076923076923077,0.0,0.0,17.25,1e-09,1e-05
PPO-QP-no-penalty,70,325,13.051678992030043,39.661133622222344,4.532228653460403,90.57343835947557,0.7238233594982255,0.036923076923076927,0.036923076923076927,0.0,0.0,17.5,1e-09,1e-05
PPO-QP-no-penalty,71,325,11.26482516218428,36.69670594796332,2.8931037845850542,78.55223716951558,0.4029261665961778,0.021538461538461538,0.021538461538461538,0.0,0.0,17.75,1e-09,1e-05
PPO-QP-no-penalty,72,325,12.01420308590917,33.5350735569346,4.337387650115426,62.656127105999815,0.17004478050439267,0.012307692307692308,0.012307692307692308,0.0,0.0,18.0,1e-09,1e-05
PPO-QP-no-penalty,73,325,10.272409068402093,30.831808012618254,1.9806000644953925,70.43156620730731,0.11353658551970255,0.009230769230769232,0.009230769230769232,0.0,0.0,18.25,1e-09,1e-05
PPO-QP-no-penalty,74,325,8.132629509981905,28.6916423520967,2.805383630493177,82.57924383776549,0.24825463538130196,0.021538461538461538,0.021538461538461538,0.0,0.0,18.5,1e-09,1e-05
PPO-QP-no-penalty,75,325,5.972193438284303,27.12001249991662,2.5956618042220976,61.914571444262585,0.1458359101873116,0.018461538461538463,0.018461538461538463,0.0,0.0,18.75,1e-09,1e-05
PPO-QP-no-penalty,76,325,4.658358376154293,25.89412871671812,1.7280038132322622,53.61331593583419,0.03962289108434032,0.006153846153846154,0.006153846153846154,0.0,0.0,19.0,1e-09,1e-05
PPO-QP-no-penalty,77,325,2.415846845874167,25.25837954675124,2.391768352896137,67.48748378974588,0.265051000166376,0.018461538461538463,0.018461538461538463,0.0,0.0,19.25,1e-09,1e-05
PPO-QP-no-penalty,78,325,0.981842277654698,25.0,1.445087542815299,58.0012173587662,0.11184945246410616,0.018461538461538463,0.018461538461538463,0.0,0.0,19.5,1e-09,1e-05
PPO-QP-no-penalty,79,325,0.0,25.0,0.981842277654698,65.65986727063485,0.2060589849962326,0.015384615384615385,0.015384615384615385,0.0,0.0,19.75,1e-09,1e-05
PPO-QP-no-penalty,80,325,0.0,25.0,0.0,0.0,0.0,0.0,0.0,0.0,0.0,20.0,1e-09,1e-05
PPO-QP-no-penalty,81,325,0.0,25.0,0.0,0.0,0.0,0.0,0.0,0.0,0.0,20.25,1e-09,1e-05
PPO-QP-no-penalty,82,325,0.0,25.0,0.0,0.0,0.0,0.0,0.0,0.0,0.0,20.5,1e-09,1e-05
PPO-QP-no-penalty,83,325,0.0,25.0,0.0,0.0,0.0,0.0,0.0,0.0,0.0,20.75,1e-09,1e-05
PPO-QP-no-penalty,84,325,0.0,25.0,0.0,0.0,0.0,0.0,0.0,0.0,0.0,21.0,1e-09,1e-05
PPO-QP-no-penalty,85,325,0.0,25.0,0.0,0.0,0.0,0.0,0.0,0.0,0.0,21.25,1e-09,1e-05
PPO-QP-no-penalty,86,325,0.0,25.0,0.0,0.0,0.0,0.0,0.0,0.0,0.0,21.5,1e-09,1e-05
PPO-QP-no-penalty,87,325,0.0,25.0,0.0,0.0,0.0,0.0,0.0,0.0,0.0,21.75,1e-09,1e-05
PPO-QP-no-penalty,88,325,0.0,25.0,0.0,0.0,0.0,0.0,0.0,0.0,0.0,22.0,1e-09,1e-05
PPO-QP-no-penalty,89,325,0.0,25.0,0.0,0.0,0.0,0.0,0.0,0.0,0.0,22.25,1e-09,1e-05
PPO-QP-no-penalty,90,325,0.0,25.0,0.0,0.0,0.0,0.0,0.0,0.0,0.0,22.5,1e-09,1e-05
PPO-QP-no-penalty,91,325,-21.05263157894737,30.0,21.05263157894737,21.05263157894737,0.0,0.0,0.0,0.0,0.0,22.75,1e-09,1e-05
PPO-QP-no-penalty,92,325,-100.0,53.75,78.94736842105263,78.94736842105263,33.94736842105263,1.0,1.0,0.0,0.0,23.0,1e-09,1e-05
PPO-QP-no-penalty,93,325,-100.0,77.5,0.0,0.0,0.0,0.0,0.0,0.0,0.0,23.25,1e-09,1e-05
PPO-QP-no-penalty,94,325,-100.0,101.25,0.0,0.0,0.0,0.0,0.0,0.0,0.0,23.5,1e-09,1e-05
PPO-QP-no-penalty,95,325,-100.0,125.0,0.0,0.0,0.0,0.0,0.0,0.0,0.0,23.75,1e-09,1e-05
Rule+QP,0,65,-5.92307688507378,126.40673075944763,5.923076944111381,34.99999994986525,0.0,0.0,0.0,0.0,0.0,0.0,1e-09,1e-05
Rule+QP,1,65,-9.153846115844132,128.58076921131303,11.846153840563488,34.999999985399654,0.0,0.0,0.0,0.0,0.0,0.25,1e-09,1e-05
Rule+QP,2,65,-9.69230765474636,130.88269227869887,15.615384608397706,34.999999985399654,0.0,0.0,0.0,0.0,0.0,0.5,1e-09,1e-05
Rule+QP,3,65,-10.230769206433575,133.31249996485278,11.307692312312154,35.00000003432362,0.0,0.0,0.0,0.0,0.0,0.75,1e-09,1e-05
Rule+QP,4,65,-6.4615384498592485,134.84711534647053,11.30769231501807,35.00000003575919,0.0,0.0,0.0,0.0,0.0,1.0,1e-09,1e-05
Rule+QP,5,65,-6.461538453494669,136.38173072900688,7.538461547963566,35.00000003777008,0.0,0.0,0.0,0.0,0.0,1.25,1e-09,1e-05
Rule+QP,6,65,-7.538461528741507,138.17211534189525,9.692307693553934,35.00000001147502,0.0,0.0,0.0,0.0,0.0,1.5,1e-09,1e-05
Rule+QP,7,65,-8.076923067034803,140.0903845701286,11.307692307934609,35.00000000288333,0.0,0.0,0.0,0.0,0.0,1.75,1e-09,1e-05
Rule+QP,8,65,-9.1538461439863,142.26442302914637,10.76923076969938,35.00000000288333,0.0,0.0,0.0,0.0,0.0,2.0,1e-09,1e-05
Rule+QP,9,65,-5.923076913192332,143.67115379582373,10.769230769821757,35.00000000288335,0.0,0.0,0.0,0.0,0.0,2.25,1e-09,1e-05
Rule+QP,10,65,-4.307692298220103,144.69423071644266,7.000000000765497,35.00000000288333,0.0,0.0,0.0,0.0,0.0,2.5,1e-09,1e-05
Rule+QP,11,65,-7.538461528803616,146.4846153293489,9.692307692416405,35.000000002883354,0.0,0.0,0.0,0.0,0.0,2.75,1e-09,1e-05
Rule+QP,12,65,-12.923076912772196,149.5538460959758,16.15384615355093,35.00000000288335,0.0,0.0,0.0,0.0,0.0,3.0,1e-09,1e-05
Rule+QP,13,65,-11.846153835968677,152.36730763185037,12.92307692357342,35.00000000094596,0.0,0.0,0.0,0.0,0.0,3.25,1e-09,1e-05
Rule+QP,14,65,-10.769230758806447,154.9249999368873,16.153846154548614,35.00000000288335,0.0,0.0,0.0,0.0,0.0,3.5,1e-09,1e-05
Rule+QP,15,65,-10.23076922024085,157.3548076265099,17.769230769978744,35.000000002883375,0.0,0.0,0.0,0.0,0.0,3.75,1e-09,1e-05
Rule+QP,16,65,-6.46153845166681,158.88942300857838,10.230769231923453,35.00000000288335,0.0,0.0,0.0,0.0,0.0,4.0,1e-09,1e-05
Rule+QP,17,65,-12.384615374207343,161.83076915979117,17.76923076931258,35.00000000288335,0.0,0.0,0.0,0.0,0.0,4.25,1e-09,1e-05
Rule+QP,18,65,-9.153846143500283,164.00480761868104,15.07692307747898,35.00000000094596,0.0,0.0,0.0,0.0,0.0,4.5,1e-09,1e-05
Rule+QP,19,65,-9.153846143414322,166.1788460775552,15.076923077601256,35.0000000028834,0.0,0.0,0.0,0.0,0.0,4.75,1e-09,1e-05
Rule+QP,20,65,-5.400809711897701,167.46153838392237,11.291497971211365,35.00000000288335,0.0,0.0,0.0,0.0,0.0,5.0,1e-09,1e-05
Rule+QP,21,65,-0.5546558668526373,167.59326915207123,5.955465598844003,35.00000000287787,0.0,0.0,0.0,0.0,0.0,5.25,1e-09,1e-05
Rule+QP,22,65,-4.307692297590647,168.61634607252682,4.862348185123427,35.000000000940496,0.0,0.0,0.0,0.0,0.0,5.5,1e-09,1e-05
Rule+QP,23,65,-3.7692307613502662,169.5115383781426,8.0769230793776,35.00000000094596,0.0,0.0,0.0,0.0,0.0,5.75,1e-09,1e-05
Rule+QP,24,65,-4.846153836440037,170.662499914088,6.461538463816465,35.000000000945946,0.0,0.0,0.0,0.0,0.0,6.0,1e-09,1e-05
Rule+QP,25,65,-3.2307692204614797,171.42980760370932,5.9230769239788525,35.00000000288333,0.0,0.0,0.0,0.0,0.0,6.25,1e-09,1e-05
Rule+QP,26,65,-4.307692297573501,172.4528845241581,4.307692308028653,35.00000000287786,0.0,0.0,0.0,0.0,0.0,6.5,1e-09,1e-05
Rule+QP,27,65,-2.6923076819404717,173.0923075983761,7.000000000163846,35.00000000288339,0.0,0.0,0.0,0.0,0.0,6.75,1e-09,1e-05
Rule+QP,28,65,-4.9645301189436815,174.2467892086601,8.497008335917112,35.000000004434156,0.0,0.0,0.0,0.0,0.0,7.0,1e-09,1e-05
Rule+QP,29,65,-3.0539545617404564,174.94592264828663,8.900103744137539,45.0,0.0,0.0,0.0,0.0,0.0,7.25,1e-09,1e-05
Rule+QP,30,65,0.590895350705231,174.76306282507818,6.567188737411704,44.99999998691401,0.0,0.0,0.0,0.0,0.0,7.5,1e-09,1e-05
Rule+QP,31,65,1.7773850469542447,174.28151412851454,2.698058042383685,43.84937636740235,0.0,0.0,0.0,0.0,0.0,7.75,1e-09,1e-05
Rule+QP,32,65,1.0536495032670172,173.88581941950213,13.138529736576283,45.0,0.0,0.0,0.0,0.0,0.9978525751271277,8.0,1e-09,1e-05
Rule+QP,33,65,-1.440001199025196,174.09936190632897,6.519963985748954,45.0,0.0,0.0,0.0,0.0,0.15559504970092605,8.25,1e-09,1e-05
Rule+QP,34,65,-1.2282190102919428,174.2314277245864,6.832837700638319,41.7231623874081,0.0,0.0,0.0,0.0,0.25771539077804656,8.5,1e-09,1e-05
Rule+QP,35,65,0.06194199349373375,174.04586031689573,8.541382518155855,45.0,0.0,0.0,0.0,0.0,0.5527641342518286,8.75,1e-09,1e-05
Rule+QP,36,65,-10.085924230538087,176.3517810570042,18.690600425791533,48.841226028172706,0.059095785048810856,0.015384615384615385,0.015384615384615385,0.0,6.245004015043407,9.0,1e-09,1e-05
Rule+QP,37,65,-13.885950484843674,179.58389467984622,18.61079882459607,95.1623260286349,1.205219236564725,0.03076923076923077,0.03076923076923077,0.0,6.52305352537487,9.25,1e-09,1e-05
Rule+QP,38,65,-10.361206042668847,181.96335275386568,13.617851779310314,45.0,0.0,0.0,0.0,0.0,6.983520303720932,9.5,1e-09,1e-05
Rule+QP,39,65,-8.27070379810443,183.817798810899,13.69167941650385,50.454358180186404,0.08391320277209852,0.015384615384615385,0.015384615384615385,0.0,9.096622747735505,9.75,1e-09,1e-05
Rule+QP,40,65,-16.85503728229335,187.73530886977466,20.206099656213215,90.6489156331083,0.7722239605988515,0.03076923076923077,0.03076923076923077,0.0,17.430317513073938,10.0,1e-09,1e-05
Rule+QP,41,65,-19.71410052564405,192.36783875916947,14.12666950408512,90.93653527077788,0.7124018547078029,0.03076923076923077,0.03076923076923077,0.0,19.456313482175915,10.25,1e-09,1e-05
Rule+QP,42,65,-17.84904101752207,196.55525545644562,12.999252081236863,55.467232097579966,0.3407427433183186,0.046153846153846156,0.046153846153846156,0.0,21.03231042075161,10.5,1e-09,1e-05
Rule+QP,43,65,-13.518844770201042,199.692050608917,10.093812495328056,57.81153460839832,0.38311280750836874,0.03076923076923077,0.03076923076923077,0.0,22.017451364203083,10.75,1e-09,1e-05
Rule+QP,44,65,-13.565442083453705,202.89251122091454,18.583870109044632,95.20052583731436,1.4728303948748314,0.09230769230769231,0.09230769230769231,0.0,25.21739895521953,11.0,1e-09,1e-05
Rule+QP,45,65,-13.76779881563627,206.14841286401855,10.784002353808539,61.42622270569344,0.4727925260619706,0.03076923076923077,0.03076923076923077,0.0,28.98659361034524,11.25,1e-09,1e-05
Rule+QP,46,65,-9.81384119147092,208.43378456654088,9.950896961360478,68.84056218937934,0.6004894957873087,0.03076923076923077,0.03076923076923077,0.0,29.622094421066908,11.5,1e-09,1e-05
Rule+QP,47,65,-10.82598321642392,210.98302277424733,7.536484541975046,78.79703498904745,0.6254354225515263,0.03076923076923077,0.03076923076923077,0.0,33.107111979084,11.75,1e-09,1e-05
Rule+QP,48,65,-4.3435775552599765,212.00446883301615,9.399689378873466,77.56393402078751,0.5009836003198079,0.015384615384615385,0.015384615384615385,0.0,27.349329252353815,12.0,1e-09,1e-05
Rule+QP,49,65,-3.8585210227091356,212.90784394440763,6.334255043487555,43.327363301122645,0.0,0.0,0.0,0.0,28.38876819764104,12.25,1e-09,1e-05
Rule+QP,50,65,-3.477978363899986,213.70561072457224,5.22942609903097,48.681727380054724,0.0566419596931496,0.015384615384615385,0.015384615384615385,0.0,28.333798756685173,12.5,1e-09,1e-05
Rule+QP,51,65,-2.233968738354708,214.21323226374665,6.779550637172736,64.10663666335742,0.2939482563593449,0.015384615384615385,0.015384615384615385,0.0,26.88392046055299,12.75,1e-09,1e-05
Rule+QP,52,65,-0.9687661942990529,214.4163193923874,6.138822093981871,42.01963060560489,0.0,0.0,0.0,0.0,16.08042179557498,13.0,1e-09,1e-05
Rule+QP,53,65,-0.4011740581560041,214.44993844326567,6.182406602295246,40.6511629142848,0.0,0.0,0.0,0.0,13.966516649774947,13.25,1e-09,1e-05
Rule+QP,54,65,-1.0197818806686256,214.64663282979936,9.528383035992617,44.999999987193334,0.0,0.0,0.0,0.0,14.131884499506576,13.5,1e-09,1e-05
Rule+QP,55,65,-3.236509159145381,215.40184896931007,5.958552581438202,42.51585725967026,0.0,0.0,0.0,0.0,15.484388032243375,13.75,1e-09,1e-05
Rule+QP,56,65,1.1296541597443726,215.0289856698533,9.073843046237851,40.693757906330944,0.0,0.0,0.0,0.0,4.443938225323278,14.0,1e-09,1e-05
Rule+QP,57,65,-0.8805636588592002,215.16575173509227,11.210350881242247,45.0,0.0,0.0,0.0,0.0,3.9052340557354475,14.25,1e-09,1e-05
Rule+QP,58,65,-1.615010289660958,215.47759775630007,10.263851953899195,45.0,0.0,0.0,0.0,0.0,3.5266053152076258,14.5,1e-09,1e-05
Rule+QP,59,65,-0.6971703467772414,215.55513929817627,8.866208599252426,44.9999999871585,0.0,0.0,0.0,0.0,2.6860847925301194,14.75,1e-09,1e-05
Rule+QP,60,65,-2.1587340728696187,216.02279760150932,10.257999738619922,44.99999998719106,0.0,0.0,0.0,0.0,0.0,15.0,1e-09,1e-05
Rule+QP,61,65,-2.0057163722234614,216.440968598155,6.819183869833713,34.99999999996001,0.0,0.0,0.0,0.0,0.0,15.25,1e-09,1e-05
Rule+QP,62,65,-3.724083741117273,217.27286831488684,7.844567340930735,44.999999987150716,0.0,0.0,0.0,0.0,0.0,15.5,1e-09,1e-05
Rule+QP,63,65,-1.8707053425783813,217.67215471545964,8.517630066229879,44.9999999871888,0.0,0.0,0.0,0.0,0.0,15.75,1e-09,1e-05
Rule+QP,64,65,-2.59931333048873,218.2894916312739,6.7158809054516695,40.92798190407395,0.0,0.0,0.0,0.0,0.0,16.0,1e-09,1e-05
Rule+QP,65,65,-1.6638780762348164,218.68466267422875,3.5569421340318796,34.99999999996001,0.0,0.0,0.0,0.0,0.0,16.25,1e-09,1e-05
Rule+QP,66,65,-2.9868970619325474,219.39405072626496,2.49692900102842,34.99999999996001,0.0,0.0,0.0,0.0,0.0,16.5,1e-09,1e-05
Rule+QP,67,65,-0.5384615347541755,219.5219353405884,2.448435537815328,34.99999999996001,0.0,0.0,0.0,0.0,0.0,16.75,1e-09,1e-05
Rule+QP,68,65,-2.63785622772108,220.1484261945234,2.099394701737666,34.99999999996001,0.0,0.0,0.0,0.0,0.0,17.0,1e-09,1e-05
Rule+QP,69,65,-1.9112892512478377,220.60235739156448,4.54914549305433,35.00000000008431,0.0,0.0,0.0,0.0,0.0,17.25,1e-09,1e-05
Rule+QP,70,65,-0.8325569306774594,220.80008966245094,2.1640760585578995,34.99999999996001,0.0,0.0,0.0,0.0,0.0,17.5,1e-09,1e-05
Rule+QP,71,65,-1.6153846108626253,221.18374350737255,2.4479415561476885,34.99999999996001,0.0,0.0,0.0,0.0,0.0,17.75,1e-09,1e-05
Rule+QP,72,65,-4.355150897156156,222.218091844832,4.893612483577332,35.00000000633851,0.0,0.0,0.0,0.0,0.0,18.0,1e-09,1e-05
Rule+QP,73,65,-3.5571864522523367,223.06292362683746,2.5277220242627467,35.00000000287791,0.0,0.0,0.0,0.0,0.0,18.25,1e-09,1e-05
Rule+QP,74,65,-2.829147625783438,223.73484618745934,3.1555648949574087,35.00000000287786,0.0,0.0,0.0,0.0,0.0,18.5,1e-09,1e-05
Rule+QP,75,65,-1.5268343502147461,224.0974693451395,3.064709263278728,35.000000001536264,0.0,0.0,0.0,0.0,0.0,18.75,1e-09,1e-05
Rule+QP,76,65,-0.7574540852687146,224.27736468973322,2.284288501680469,35.000000000940496,0.0,0.0,0.0,0.0,0.0,19.0,1e-09,1e-05
Rule+QP,77,65,-2.4278898562506342e-06,224.27736526560028,0.7574565845543976,35.000000000940496,0.0,0.0,0.0,0.0,0.0,19.25,1e-09,1e-05
Rule+QP,78,65,-0.5546558785059078,224.40909603609725,0.5546583752284626,35.000000000940496,0.0,0.0,0.0,0.0,0.0,19.5,1e-09,1e-05
Rule+QP,79,65,-0.5384615511244544,224.53698065390276,0.01619442331824177,1.0526325162238979,0.0,0.0,0.0,0.0,0.0,19.75,1e-09,1e-05
Rule+QP,80,65,1.8048732897095688e-09,224.53698065280366,0.5384616163913056,35.00000000287784,0.0,0.0,0.0,0.0,0.0,20.0,1e-09,1e-05
Rule+QP,81,65,8.224209534965029e-09,224.5369806501032,6.195614441729012e-08,4.264008279319129e-07,0.0,0.0,0.0,0.0,0.0,20.25,1e-09,1e-05
Rule+QP,82,65,8.122431798519923e-09,224.5369806474441,5.66908749927213e-08,4.2783836997961855e-07,0.0,0.0,0.0,0.0,0.0,20.5,1e-09,1e-05
Rule+QP,83,65,-0.538461523129988,224.66486525839935,0.5384615867086079,34.99999999699074,0.0,0.0,0.0,0.0,0.0,20.75,1e-09,1e-05
Rule+QP,84,65,1.3943973391099959e-08,224.6648652542964,0.5384615821036074,35.00000000094048,0.0,0.0,0.0,0.0,0.0,21.0,1e-09,1e-05
Rule+QP,85,65,1.5809320876278727e-08,224.6648652497538,4.178657669495078e-08,3.8793904322055323e-07,0.0,0.0,0.0,0.0,0.0,21.25,1e-09,1e-05
Rule+QP,86,65,-3.4249111687562855e-09,224.66486524981084,5.889487418086274e-08,5.148641196535281e-07,0.0,0.0,0.0,0.0,0.0,21.5,1e-09,1e-05
Rule+QP,87,65,-0.4145100741576071,224.76331139167044,0.41451014886974386,26.94315451077829,0.0,0.0,0.0,0.0,0.0,21.75,1e-09,1e-05
Rule+QP,88,65,1.5638178048879586e-08,224.76331138715713,0.4145101307996811,26.94315454191735,0.0,0.0,0.0,0.0,0.0,22.0,1e-09,1e-05
Rule+QP,89,65,-4.924765567281215e-09,224.76331138757524,6.144905368807365e-08,6.42733551729422e-07,0.0,0.0,0.0,0.0,0.0,22.25,1e-09,1e-05
Rule+QP,90,65,5.690625286790783e-09,224.76331138545652,7.014483589311517e-08,6.04255054946037e-07,0.0,0.0,0.0,0.0,0.0,22.5,1e-09,1e-05
Rule+QP,91,65,2.814156351452219e-10,224.7633113846377,6.985661870695906e-08,4.30800895685214e-07,0.0,0.0,0.0,0.0,0.0,22.75,1e-09,1e-05
Rule+QP,92,65,79.10058328287049,203.94736841546123,79.10058328258907,80.00000032382859,34.17266116589573,0.9846153846153847,0.9846153846153847,0.0,0.0,23.0,1e-09,1e-05
Rule+QP,93,65,100.0,177.63157894177704,20.899416717129508,59.68506240622511,0.2259240370188478,0.015384615384615385,0.015384615384615385,0.0,0.0,23.25,1e-09,1e-05
Rule+QP,94,65,100.0,151.3157894680928,0.0,0.0,0.0,0.0,0.0,0.0,0.0,23.5,1e-09,1e-05
Rule+QP,95,65,99.99999997875265,125.0,2.1247354180349456e-08,4.358167871032492e-08,0.0,0.0,0.0,0.0,0.0,23.75,1e-09,1e-05
