controller,seed,day,charge_energy_final4_kwh,soc_change_final4_kwh,gross_import_cost_final4,export_excess_final4_kwh,forced_full_charge_steps_final4,any_forced_full_charge_final4
Rule+QP,0,300,0.0,-99.99999998992001,30.698894879928275,0.0,0,0
Rule+QP,0,301,4.3936531891678894e-08,-99.99999994818032,29.30183034864554,0.0,0,0
Rule+QP,0,302,6.589459047870738e-15,-99.99999998992001,36.74959403184751,0.0,0,0
Rule+QP,0,303,1.3764084691373809e-14,-99.99999998992001,37.13490675043681,0.0,0,0
Rule+QP,0,304,7.71416158359704e-08,-99.99999998992001,37.623723720065826,0.0,0,0
Rule+QP,0,305,3.3208132658708067e-08,-99.99999997937363,40.9114936320963,0.0,0,0
Rule+QP,0,306,7.718999283600622e-08,-99.99999998992001,39.195068651918156,0.0,0,0
Rule+QP,0,307,7.627152055704431e-08,-99.9999999378868,31.14739494814067,0.0,0,0
Rule+QP,0,308,1.1979364024584505e-07,-99.99999996891867,28.37172567383354,0.0,0,0
Rule+QP,0,309,7.698443369845564e-08,-99.99999995852741,38.9268345318412,0.0,0,0
Rule+QP,0,310,3.320098243650442e-08,-99.99999998992001,40.260475562602885,0.0,0,0
Rule+QP,0,311,9.768599161890781e-08,-99.99999997937363,40.26885542432545,0.0,0,0
Rule+QP,0,312,1.4223939361539263e-07,-99.99999991706429,38.79347218239683,0.0,0,0
Rule+QP,0,313,6.631402079232878e-08,-99.99999998992001,39.207725698774105,0.0,0,0
Rule+QP,0,314,4.394062751634745e-08,-99.99999998992001,32.03786297342378,0.0,0,0
Rule+QP,0,315,6.555215122248984e-08,-99.99999998992001,27.851385617334152,0.0,0,0
Rule+QP,0,316,6.625708450459073e-08,-99.99999997937363,38.174550607967056,0.0,0,0
Rule+QP,0,317,7.722840784763792e-08,-99.9999999793776,38.639057858834974,0.0,0,0
Rule+QP,0,318,8.814383168336415e-08,-99.99999998992001,38.18385884874837,0.0,0,0
Rule+QP,0,319,8.810000477952994e-08,-99.99999997937363,39.31960135953548,0.0,0,0
Rule+QP,0,320,2.2099538642474515e-08,-99.9999999793776,38.54672342381053,0.0,0,0
Rule+QP,0,321,1.090731321924864e-07,-99.99999996892157,30.817934319225966,0.0,0,0
Rule+QP,0,322,1.6371210540742543e-07,-99.99999991739111,29.314233474248322,0.0,0,0
Rule+QP,0,323,8.782378572719694e-08,-99.99999998992001,39.3731203411115,0.0,0,0
Rule+QP,0,324,1.0907207179570829e-07,-99.99999998992001,37.34165235931765,0.0,0,0
Rule+QP,0,325,3.305495397472738e-08,-99.99999998992001,38.784027312349245,0.0,0,0
Rule+QP,0,326,2.2099546368819126e-08,-99.99999998992001,38.19973741593677,0.0,0,0
Rule+QP,0,327,3.330018093509795e-08,-99.99999998992001,39.21643178707881,0.0,0,0
Rule+QP,0,328,8.836679825558341e-08,-99.99999998992001,31.395603798436422,0.0,0,0
Rule+QP,0,329,1.0981679873156071e-07,-99.99999995852065,29.49709581987959,0.0,0,0
Rule+QP,0,330,1.6304444102924696e-07,-99.99999990799455,39.430168653119445,0.0,0,0
Rule+QP,0,331,7.740720697300658e-08,-99.9999999793776,38.56333491009948,0.0,0,0
Rule+QP,0,332,1.510637553859678e-07,-99.9999999378868,39.929892748548426,0.0,0,0
Rule+QP,0,333,0.0,-99.9999999793776,39.55351883051567,0.0,0,0
Rule+QP,0,334,9.768117977127485e-08,-99.99999998992001,39.659341380565735,0.0,0,0
Rule+QP,0,335,8.807724008299974e-08,-99.99999997937363,30.790909350112578,0.0,0,0
Rule+QP,0,336,1.1101438409200416e-08,-99.99999998992001,27.096057799519798,0.0,0,0
Rule+QP,0,337,0.0,-99.99999992763983,39.585505662035395,0.0,0,0
Rule+QP,0,338,1.0931638346172887e-07,-99.9999999793776,39.2723525598057,0.0,0,0
Rule+QP,0,339,4.4149314878029795e-08,-99.99999998992001,40.21650022619898,0.0,0,0
Rule+QP,0,340,8.844045665645355e-08,-99.99999995852735,39.05971165768486,0.0,0,0
Rule+QP,0,341,1.63011956064094e-07,-99.99999993788109,39.302567420921875,0.0,0,0
Rule+QP,0,342,1.203180032456821e-07,-99.99999992764933,29.816639060432056,0.0,0,0
Rule+QP,0,343,2.210366610902832e-08,-99.99999996892157,28.52700550920078,0.0,0,0
Rule+QP,0,344,9.767514626743073e-08,-99.99999998992001,38.41396217482064,0.0,0,0
Rule+QP,0,345,3.305496555457085e-08,-99.99999997937363,40.15307245688997,0.0,0,0
Rule+QP,0,346,2.2099538710049824e-08,-99.9999999793776,41.49534979320305,0.0,0,0
Rule+QP,0,347,0.0,-95.05868084031536,74.88572044005059,0.0,0,0
Rule+QP,0,348,1.3126356500497612e-07,-99.99999994818319,40.83099974736288,0.0,0,0
Rule+QP,0,349,8.820348864867248e-08,-99.99999996891867,27.751074050220364,0.0,0,0
Rule+QP,0,350,9.870243626512473e-08,-99.9999999793776,29.43539287777201,0.0,0,0
Rule+QP,0,351,9.807580128095915e-08,-99.9999999793776,38.15130520076029,0.0,0,0
Rule+QP,0,352,7.69686800757742e-08,-99.99999998992001,38.487525177854266,0.0,0,0
Rule+QP,0,353,4.421336362334879e-08,-99.99999998992001,38.516386400813104,0.0,0,0
Rule+QP,0,354,7.664778921706912e-08,-99.99999997937641,39.06764630416542,0.0,0,0
Rule+QP,0,355,5.516166514638413e-08,-99.99999998992001,38.530960435214354,0.0,0,0
Rule+QP,0,356,1.2057304079975344e-07,-99.999999958536,30.1818420376201,0.0,0,0
Rule+QP,0,357,7.62656615369941e-08,-99.9999999793776,28.09468785201996,0.0,0,0
Rule+QP,0,358,5.514852136016199e-08,-99.99999998992001,37.78693943811774,0.0,0,0
Rule+QP,0,359,0.0,-99.99999994817361,40.08532174452049,0.0,0,0
Rule+QP,0,360,6.735788647485826,-93.6010008154085,41.68046040277898,0.0,0,0
Rule+QP,0,361,8.7499999970718,-81.24406254716669,41.90252063851656,0.0,0,0
Rule+QP,0,362,9.76910840148869e-08,-99.99999995852065,43.1535850921022,0.0,0,0
Rule+QP,0,363,1.3057343072158852e-07,-99.99999995852735,34.04746985034691,0.0,0,0
Rule+QP,0,364,8.737883441656163e-08,-99.99999998992001,30.50199717204742,0.0,0,0
NetLoadRule+QP,0,300,105.26315789473685,-59.75657888849355,35.322803295305405,0.0,4,1
NetLoadRule+QP,0,301,86.24999997377459,-76.3157894252399,31.668216586273743,0.0,3,1
NetLoadRule+QP,0,302,75.00000000005434,-99.99999998917093,36.22491057841002,0.0,3,1
NetLoadRule+QP,0,303,73.20637132967869,-77.95394722567411,39.20009861541109,0.0,2,1
NetLoadRule+QP,0,304,63.74999991902881,-20.838815631712293,43.91446459506324,0.0,0,0
NetLoadRule+QP,0,305,51.927617447382374,-89.43723575387361,41.313687437854625,0.0,1,1
NetLoadRule+QP,0,306,61.30886446426712,-65.44078934446111,42.050320202924524,0.0,0,0
NetLoadRule+QP,0,307,105.26315789473685,-17.10526308881117,38.180891272959045,0.0,4,1
NetLoadRule+QP,0,308,94.18282564645529,-21.05263153117332,34.38333252319893,0.0,3,1
NetLoadRule+QP,0,309,23.545706564845464,-99.99999995605717,38.63171901356875,0.0,0,0
NetLoadRule+QP,0,310,66.31232707131822,-63.31907881026643,43.22645698638838,0.0,1,1
NetLoadRule+QP,0,311,75.0,-76.31578954825741,42.12647081646746,0.0,3,1
NetLoadRule+QP,0,312,105.26315789473685,-17.105263087108113,46.09475762261672,0.0,4,1
NetLoadRule+QP,0,313,47.49999990486039,-51.8618419864857,43.33262881448137,0.0,1,1
NetLoadRule+QP,0,314,50.0,-99.99999998929533,32.037408411319845,0.0,2,1
NetLoadRule+QP,0,315,29.99999997681628,-42.61570688003505,32.32485495940105,0.0,0,0
NetLoadRule+QP,0,316,40.4126061098323,-80.02907694479401,39.53542259514025,0.0,0,0
NetLoadRule+QP,0,317,12.198829396057572,-99.09861205984305,38.682032234212514,0.0,0,0
NetLoadRule+QP,0,318,62.157202435509014,-43.58223674915203,43.041046888325916,0.0,1,1
NetLoadRule+QP,0,319,94.18282566348564,-52.63157890723741,42.53961040817303,0.0,3,1
NetLoadRule+QP,0,320,25.000000023833998,-99.99999997758209,38.71785716088091,0.0,1,1
NetLoadRule+QP,0,321,37.4653739594696,-88.15789472739644,32.62663983645024,0.0,1,1
NetLoadRule+QP,0,322,40.166205177569125,-88.1578946375248,30.319035775744204,0.0,1,1
NetLoadRule+QP,0,323,91.76804619825805,-3.609829900322893,47.28152918012165,0.0,3,1
NetLoadRule+QP,0,324,16.921745245014524,-94.61184200682357,37.79148717477179,0.0,0,0
NetLoadRule+QP,0,325,36.01108058770051,-88.15789468047572,39.67492167097715,0.0,0,0
NetLoadRule+QP,0,326,11.118699092956001,-99.99999998878889,38.48536903372561,0.0,0,0
NetLoadRule+QP,0,327,41.71011383605534,-75.54605257681453,41.089922326420364,0.0,0,0
NetLoadRule+QP,0,328,16.69723228450823,-99.9999999887757,31.102430592996566,0.0,0,0
NetLoadRule+QP,0,329,28.916205217808887,-75.161184102314,31.440371748602843,0.0,0,0
NetLoadRule+QP,0,330,116.51315787896215,57.89473698435624,51.820782080699615,0.0,3,1
NetLoadRule+QP,0,331,37.39612203593387,-99.9999999779453,38.58849071303572,0.0,0,0
NetLoadRule+QP,0,332,102.38919685161451,-44.835526206480324,44.24070017167535,0.0,3,1
NetLoadRule+QP,0,333,77.56232696958013,-99.99999997795749,39.19158241217687,0.0,1,1
NetLoadRule+QP,0,334,67.01869830694895,-82.38486827195649,40.78759149438153,0.0,1,1
NetLoadRule+QP,0,335,40.24293859007487,-89.4372357944232,31.294859417894603,0.0,0,0
NetLoadRule+QP,0,336,56.78670379541254,-52.631578890548724,30.689207690650427,0.0,1,1
NetLoadRule+QP,0,337,105.26315789473685,16.36436616266498,48.287741435216205,0.0,4,1
NetLoadRule+QP,0,338,26.249999995212153,-99.99999997806523,39.20935937301621,0.0,0,0
NetLoadRule+QP,0,339,116.5131578345169,64.17763180836019,53.40730801222449,0.0,4,1
NetLoadRule+QP,0,340,11.776315919795884,-88.8124999096872,39.888355513338865,0.0,0,0
NetLoadRule+QP,0,341,105.26315789473685,-40.789473639269346,44.26081207334076,0.0,3,1
NetLoadRule+QP,0,342,65.09695311804222,-60.52631572129067,33.580225987573684,0.0,2,1
NetLoadRule+QP,0,343,86.24999998513817,-74.51111747178945,30.865052575091216,0.0,3,1
NetLoadRule+QP,0,344,111.24999998852932,65.14473690834288,51.63046737198914,0.0,4,1
NetLoadRule+QP,0,345,105.26315789473685,55.22697374638474,51.97214334378187,0.0,4,1
NetLoadRule+QP,0,346,106.36003290473442,89.3125000229779,56.34351220482528,0.0,4,1
NetLoadRule+QP,0,347,105.26315789473685,100.0,91.18358496710148,0.0,4,1
NetLoadRule+QP,0,348,86.81440456941219,70.63157899949711,54.38933286904724,0.0,1,1
NetLoadRule+QP,0,349,111.02140359023488,89.68085964191546,43.414459369795466,0.0,2,1
NetLoadRule+QP,0,350,116.24999996694865,89.31250002075913,44.66268294693165,0.0,3,1
NetLoadRule+QP,0,351,124.01315787986877,60.81250005199945,51.49500463107826,0.0,3,1
NetLoadRule+QP,0,352,108.74999991094371,79.77960537594512,52.42985343464066,0.0,0,0
NetLoadRule+QP,0,353,117.61003289327408,98.95796873866524,53.55517441248001,0.0,4,1
NetLoadRule+QP,0,354,130.1939058264774,72.65460534091946,52.79117851626932,0.0,2,1
NetLoadRule+QP,0,355,113.57340722791041,83.11842120723756,52.704098978369274,0.0,0,0
NetLoadRule+QP,0,356,59.99999995423956,-10.491772543109875,37.0422539208201,0.0,0,0
NetLoadRule+QP,0,357,100.0,-50.52125204536517,32.225314577477775,0.0,4,1
NetLoadRule+QP,0,358,78.67382299229969,7.634868550321585,46.00026090329745,0.0,1,1
NetLoadRule+QP,0,359,105.26315789473685,82.85855269375516,55.12562647603454,0.0,4,1
NetLoadRule+QP,0,360,92.08102516654063,-3.3124998627382354,49.02227643887513,0.0,3,1
NetLoadRule+QP,0,361,116.51315787982824,71.50000003820486,53.83208620579559,0.0,4,1
NetLoadRule+QP,0,362,112.7631578622418,11.240998023195246,51.37617019804059,0.0,4,1
NetLoadRule+QP,0,363,105.26315792630535,32.31250006105482,43.57202578255183,0.0,2,1
NetLoadRule+QP,0,364,44.99999992216456,-99.99999998930144,28.90093900080842,0.0,0,0
MPC-H24+QP,0,300,11.250000014058424,-99.99999998833744,31.444209187116417,0.0,0,0
MPC-H24+QP,0,301,0.0,-99.99999998808983,29.462068684866423,0.0,0,0
MPC-H24+QP,0,302,6.461796428999002e-12,-99.99999998837049,36.43676138983901,0.0,0,0
MPC-H24+QP,0,303,2.0594395681942218e-13,-99.99999998834491,36.93784435967718,0.0,0,0
MPC-H24+QP,0,304,2.221080841438614e-10,-99.99999998815639,37.56793662091748,0.0,0,0
MPC-H24+QP,0,305,8.310249327967421,-99.9999999882964,40.93404145519864,0.0,0,0
MPC-H24+QP,0,306,2.273021724058229e-08,-99.99999998833744,39.266233184868554,0.0,0,0
MPC-H24+QP,0,307,4.451995946807529e-12,-99.99999998835835,31.09663732639859,0.0,0,0
MPC-H24+QP,0,308,7.053724976347907e-13,-99.99999998837936,28.182362040812777,0.0,0,0
MPC-H24+QP,0,309,6.142265630734736e-08,-99.9999999881544,38.681946099770414,0.0,0,0
MPC-H24+QP,0,310,4.0040056000085094e-11,-99.99999998829449,40.241046806027796,0.0,0,0
MPC-H24+QP,0,311,2.5764788197672103e-08,-99.9999999883164,39.934758432568195,0.0,0,0
MPC-H24+QP,0,312,3.82483957956107e-08,-89.3124999906731,39.699292290528604,0.0,0,0
MPC-H24+QP,0,313,7.898119151530124e-12,-99.99999998832385,39.21416429495899,0.0,0,0
MPC-H24+QP,0,314,4.08324621165032e-09,-99.99999998837035,31.98583971456176,0.0,0,0
MPC-H24+QP,0,315,9.277899464837061e-13,-99.99999998814573,27.965442390776467,0.0,0,0
MPC-H24+QP,0,316,11.250000010968552,-99.9999999882912,37.91446016726064,0.0,0,0
MPC-H24+QP,0,317,2.814236528292175e-08,-99.99999998829679,38.643257388504786,0.0,0,0
MPC-H24+QP,0,318,7.03379034951668e-08,-99.99999998814539,38.62761651737168,0.0,0,0
MPC-H24+QP,0,319,1.473959169316719e-11,-99.9999999883216,39.082441264528256,0.0,0,0
MPC-H24+QP,0,320,5.258599036821456e-12,-99.99999998832504,38.74485119612579,0.0,0,0
MPC-H24+QP,0,321,5.683608187688246e-08,-99.99999998833744,31.34493452937925,0.0,0,0
MPC-H24+QP,0,322,3.333557279018805e-08,-99.99999998833343,29.359580372477097,0.0,0,0
MPC-H24+QP,0,323,4.1043685876885375e-08,-99.99999998832021,39.496187151641095,0.0,0,0
MPC-H24+QP,0,324,3.382864365844454e-11,-99.99999998831603,37.36241218953465,0.0,0,0
MPC-H24+QP,0,325,2.411660608882901e-08,-99.99999998831683,38.804022327682645,0.0,0,0
MPC-H24+QP,0,326,0.0,-99.99999998834468,38.39933565018413,0.0,0,0
MPC-H24+QP,0,327,5.233398486607603e-13,-99.99999998836239,39.33804754435404,0.0,0,0
MPC-H24+QP,0,328,1.1766769800596217e-08,-99.99999998837723,31.394552712770047,0.0,0,0
MPC-H24+QP,0,329,8.819361619975435e-13,-99.99999998826931,29.595807113592752,0.0,0,0
MPC-H24+QP,0,330,0.0,-99.83762955886831,39.234829915932565,0.0,0,0
MPC-H24+QP,0,331,4.3258275694754354e-09,-99.99999998815025,38.854389041517166,0.0,0,0
MPC-H24+QP,0,332,5.49800018377841e-08,-99.9999999882831,39.43639361950025,0.0,0,0
MPC-H24+QP,0,333,23.715373990234227,-89.31249998577212,40.03975703991695,0.0,0,0
MPC-H24+QP,0,334,20.308210442849074,-99.99999998388569,39.68754027581884,0.0,0,0
MPC-H24+QP,0,335,7.751938012473892,-99.99999998833744,30.60734820952422,0.0,0,0
MPC-H24+QP,0,336,6.349201326646196e-08,-99.99999998832519,26.916615415212284,0.0,0,0
MPC-H24+QP,0,337,1.0515015291227765e-07,-95.40267679750977,39.34689714452392,0.0,0,0
MPC-H24+QP,0,338,11.25000000722267,-99.9999999883488,38.92072438613488,0.0,0,0
MPC-H24+QP,0,339,1.3191538620043907e-08,-99.99999998833584,40.22257535600684,0.0,0,0
MPC-H24+QP,0,340,2.2614952374987467e-08,-99.99999996655569,39.11660270149535,0.0,0,0
MPC-H24+QP,0,341,5.961853573801698e-08,-99.9999999953034,40.2858506878185,0.0,0,0
MPC-H24+QP,0,342,5.865238780740898e-08,-99.99999998829065,30.14806058068848,0.0,0,0
MPC-H24+QP,0,343,4.3877841211668835e-09,-99.99999998817304,28.500372307545796,0.0,0,0
MPC-H24+QP,0,344,37.432709878505534,17.339262076128335,49.82734303970981,0.0,0,0
MPC-H24+QP,0,345,30.57843761372934,29.04951571886882,51.60094896502845,0.0,0,0
MPC-H24+QP,0,346,56.25000004752267,53.437499997791775,55.236284623074724,0.0,0,0
MPC-H24+QP,0,347,91.59470566551566,69.9073441779941,90.97515986549314,0.0,0,0
MPC-H24+QP,0,348,78.39708780477338,74.47723340067078,57.634981532981485,0.0,0,0
MPC-H24+QP,0,349,67.50000000469355,53.437499989168856,40.55433337804707,0.0,1,1
MPC-H24+QP,0,350,31.947640349090634,30.350258300469065,40.588585512178994,0.0,0,0
MPC-H24+QP,0,351,39.09674606337052,37.14190874750878,51.22251626996815,0.0,0,0
MPC-H24+QP,0,352,33.75000016602652,32.062500034362714,50.14876876059452,0.0,0,0
MPC-H24+QP,0,353,34.96537396254048,21.375000007238796,49.2897586209808,0.0,0,0
MPC-H24+QP,0,354,21.60194304150605,18.22789635655164,50.521987466694725,0.0,0,0
MPC-H24+QP,0,355,37.07829595408649,16.926927742470966,49.83968845833489,0.0,0,0
MPC-H24+QP,0,356,23.38755902549096,-8.219034889922227,37.27531420825365,0.0,0,0
MPC-H24+QP,0,357,13.406373085290536,-34.63236661574717,35.1389381458242,0.0,0,0
MPC-H24+QP,0,358,3.3987996018035686e-08,-9.459656474015503,48.08305844644417,0.0,0,0
MPC-H24+QP,0,359,22.50000009051952,9.532894798823406,50.90218093238888,0.0,0,0
MPC-H24+QP,0,360,22.50000001855563,10.687500008608524,51.01239627129737,0.0,0,0
MPC-H24+QP,0,361,43.67162867607734,41.488047242273424,52.13877973486893,0.0,0,0
MPC-H24+QP,0,362,22.499999992512514,20.91263301321814,53.137286086026236,0.0,0,0
MPC-H24+QP,0,363,11.974215256610153,-22.921878694970303,39.88411362038072,0.0,0,0
MPC-H24+QP,0,364,40.82565634483548,-3.0167792611705124,36.91187167584085,0.0,0,0
MPC-H24-FRR+QP,0,300,42.93628786646724,-99.99999998902277,31.861989181744594,0.0,0,0
MPC-H24-FRR+QP,0,301,1.8840751745886605e-09,-99.99999998896209,29.322004467064133,0.0,0,0
MPC-H24-FRR+QP,0,302,7.492455241009025e-09,-99.99999998922752,36.44274923145796,0.0,0,0
MPC-H24-FRR+QP,0,303,2.7316804023817397e-14,-99.9999999891954,36.94429355557329,0.0,0,0
MPC-H24-FRR+QP,0,304,6.271053473042449e-11,-99.99999998916192,37.62372371978715,0.0,0,0
MPC-H24-FRR+QP,0,305,9.83218793635656e-10,-99.99999998914669,40.92225433923271,0.0,0,0
MPC-H24-FRR+QP,0,306,0.0,-99.99999998902797,39.18781774175584,0.0,0,0
MPC-H24-FRR+QP,0,307,9.207673467765308e-10,-99.99999998921052,31.111320676380767,0.0,0,0
MPC-H24-FRR+QP,0,308,9.191072499405866e-10,-99.99999998922999,28.230551605546683,0.0,0,0
MPC-H24-FRR+QP,0,309,1.887382822875207e-09,-99.99999998902891,38.816867396242415,0.0,0,0
MPC-H24-FRR+QP,0,310,9.230964740468867e-10,-99.9999999891836,40.23700801317637,0.0,0,0
MPC-H24-FRR+QP,0,311,1.4251138748620994e-08,-99.99999998917372,39.913436974236305,0.0,0,0
MPC-H24-FRR+QP,0,312,2.181716234573335e-08,-88.15789474852576,39.87845064068217,0.0,0,0
MPC-H24-FRR+QP,0,313,2.815249957803592e-11,-99.99999998830327,39.364730097056814,0.0,0,0
MPC-H24-FRR+QP,0,314,18.005540232239873,-99.99999998922215,32.12089172148096,0.0,0,0
MPC-H24-FRR+QP,0,315,9.442614331797323e-10,-99.99999998902047,27.926475126573788,0.0,0,0
MPC-H24-FRR+QP,0,316,12.465374000618278,-99.9999999891935,37.89067953417235,0.0,0,0
MPC-H24-FRR+QP,0,317,4.178158994494455e-11,-99.99999998915169,38.709232092433425,0.0,0,0
MPC-H24-FRR+QP,0,318,12.465373984459188,-99.99999998913077,38.67545584400079,0.0,0,0
MPC-H24-FRR+QP,0,319,9.221882677228157e-10,-99.99999998917721,39.0920067735255,0.0,0,0
MPC-H24-FRR+QP,0,320,4.111699959501099e-12,-99.99999998918076,38.71955049975878,0.0,0,0
MPC-H24-FRR+QP,0,321,1.8350224349075417e-08,-99.99999998904681,31.352511445929355,0.0,0,0
MPC-H24-FRR+QP,0,322,15.235457138740067,-99.99999998918699,29.56758259464454,0.0,0,0
MPC-H24-FRR+QP,0,323,25.000000004054836,-99.99999998879431,39.80578850741415,0.0,1,1
MPC-H24-FRR+QP,0,324,1.2274597569021404e-08,-99.99999998918815,37.367469448905084,0.0,0,0
MPC-H24-FRR+QP,0,325,18.00554021301078,-99.99999998917465,38.83099748915066,0.0,0,0
MPC-H24-FRR+QP,0,326,9.225176244003543e-10,-99.99999998919145,38.19973741566945,0.0,0,0
MPC-H24-FRR+QP,0,327,1.3435952658940563e-14,-99.99999998921481,39.33872976505354,0.0,0,0
MPC-H24-FRR+QP,0,328,3.752955951296054e-14,-99.9999999892317,31.438177406315937,0.0,0,0
MPC-H24-FRR+QP,0,329,9.776692130130345e-10,-99.99999998915743,29.63229613840047,0.0,0,0
MPC-H24-FRR+QP,0,330,0.0,-91.5625531780517,39.7751198903364,0.0,0,0
MPC-H24-FRR+QP,0,331,5.3325074470037963e-14,-99.99999998902396,38.84511597399637,0.0,0,0
MPC-H24-FRR+QP,0,332,97.47724747558895,-99.99999998908979,39.942413995230474,0.0,1,1
MPC-H24-FRR+QP,0,333,50.52026513367149,-90.16364296049159,40.21604824193087,0.0,1,1
MPC-H24-FRR+QP,0,334,50.021988417217095,-97.21889594813521,39.73112888813859,0.0,1,1
MPC-H24-FRR+QP,0,335,23.00160237146592,-99.99999998913165,30.86149863989717,0.0,0,0
MPC-H24-FRR+QP,0,336,1.8197362281091206e-08,-99.99999998918119,26.99858440238296,0.0,0,0
MPC-H24-FRR+QP,0,337,50.00000000414411,-82.65580353152441,40.37050884258104,0.0,2,1
MPC-H24-FRR+QP,0,338,12.465373993041506,-99.99999998920973,38.834245436844625,0.0,0,0
MPC-H24-FRR+QP,0,339,6.233444329237065e-08,-99.99999998902544,40.30247116355166,0.0,0,0
MPC-H24-FRR+QP,0,340,6.243069878320254e-10,-99.99999998920788,39.115257520742425,0.0,0,0
MPC-H24-FRR+QP,0,341,0.0,-95.96531728729889,39.4279092955216,0.0,0,0
MPC-H24-FRR+QP,0,342,6.249999992737626,-99.99999998828696,30.047770740474817,0.0,0,0
MPC-H24-FRR+QP,0,343,15.235457170113955,-99.99999998906301,28.57305011056662,0.0,0,0
MPC-H24-FRR+QP,0,344,96.44342938794534,67.93704735426175,52.08114846033469,0.0,2,1
MPC-H24-FRR+QP,0,345,65.28665407873068,62.02232130271888,52.45961551735083,0.0,0,0
MPC-H24-FRR+QP,0,346,85.02202995994139,80.77092841612739,55.67044102897637,0.0,0,0
MPC-H24-FRR+QP,0,347,99.63644617887405,93.91487759473087,93.10240096599664,0.0,1,1
MPC-H24-FRR+QP,0,348,91.57309484329622,86.99444006457824,57.38960902321513,0.0,0,0
MPC-H24-FRR+QP,0,349,54.650034856949226,40.07542778214574,39.261433123637346,0.0,1,1
MPC-H24-FRR+QP,0,350,3.621728901348762e-08,-13.104102134182426,37.79384939245064,0.0,0,0
MPC-H24-FRR+QP,0,351,70.67272463666205,55.296983143254806,50.913804742981796,0.0,0,0
MPC-H24-FRR+QP,0,352,49.25579752763725,46.793007615467744,49.87211895737621,0.0,0,0
MPC-H24-FRR+QP,0,353,61.83983017325394,41.6950207903533,49.53115581548107,0.0,0,0
MPC-H24-FRR+QP,0,354,44.99999996903365,32.750970595640624,49.96724169772291,0.0,0,0
MPC-H24-FRR+QP,0,355,22.499999957493827,13.342592734387722,48.776047196965564,0.0,0,0
MPC-H24-FRR+QP,0,356,81.57854949154002,-20.76955458597584,36.95008472369079,0.0,0,0
MPC-H24-FRR+QP,0,357,68.00554010798697,-18.828660934161974,35.317941676572886,0.0,2,1
MPC-H24-FRR+QP,0,358,47.299168983670555,42.368421069369305,49.144456104524394,0.0,0,0
MPC-H24-FRR+QP,0,359,44.583643916343696,23.944880939019967,50.266101912922764,0.0,0,0
MPC-H24-FRR+QP,0,360,52.58808943789688,42.562616047483516,52.43843117704398,0.0,0,0
MPC-H24-FRR+QP,0,361,54.410726191199466,36.28055756335783,50.93948571519994,0.0,0,0
MPC-H24-FRR+QP,0,362,38.98093818410548,37.03189123386663,54.41180020326366,0.0,0,0
MPC-H24-FRR+QP,0,363,1.544908909910713e-08,-98.82544270074169,34.17796210929163,0.0,0,0
MPC-H24-FRR+QP,0,364,61.1841913310039,-32.66449185094183,33.55300110560946,0.0,0,0
MPC-H24-XP+QP,0,300,11.250000014058424,-99.99999998833744,31.444209187116417,0.0,0,0
MPC-H24-XP+QP,0,301,0.0,-99.99999998808983,29.462068684866427,0.0,0,0
MPC-H24-XP+QP,0,302,6.4596266601085596e-12,-99.99999998837049,36.43676138983902,0.0,0,0
MPC-H24-XP+QP,0,303,2.0594395681942218e-13,-99.99999998834491,36.93784435967718,0.0,0,0
MPC-H24-XP+QP,0,304,6.820899589894434e-13,-99.99999998814184,37.56793662094734,0.0,0,0
MPC-H24-XP+QP,0,305,8.310249327967421,-99.9999999882964,40.93404145519864,0.0,0,0
MPC-H24-XP+QP,0,306,2.273021724058229e-08,-99.99999998833744,39.266233184868554,0.0,0,0
MPC-H24-XP+QP,0,307,4.451995946807529e-12,-99.99999998835835,31.09663732639859,0.0,0,0
MPC-H24-XP+QP,0,308,7.053724976347907e-13,-99.99999998837936,28.182362040812777,0.0,0,0
MPC-H24-XP+QP,0,309,6.142265630734736e-08,-99.9999999881544,38.681946099770414,0.0,0,0
MPC-H24-XP+QP,0,310,4.0040056000085094e-11,-99.99999998829449,40.241046806027796,0.0,0,0
MPC-H24-XP+QP,0,311,2.576477323887766e-08,-99.9999999883164,39.9347584325682,0.0,0,0
MPC-H24-XP+QP,0,312,3.82483957956107e-08,-89.3124999906731,39.699292290528604,0.0,0,0
MPC-H24-XP+QP,0,313,7.898119151530124e-12,-99.99999998832385,39.21416429495899,0.0,0,0
MPC-H24-XP+QP,0,314,4.08324621165032e-09,-99.99999998837035,31.98583971456176,0.0,0,0
MPC-H24-XP+QP,0,315,9.36829431186261e-13,-99.99999998814573,27.965442390776467,0.0,0,0
MPC-H24-XP+QP,0,316,11.250000010968552,-99.9999999882912,37.91446016726064,0.0,0,0
MPC-H24-XP+QP,0,317,2.814253696326585e-08,-99.99999998829679,38.64325738850478,0.0,0,0
MPC-H24-XP+QP,0,318,7.03379034951668e-08,-99.99999998814539,38.62761651737168,0.0,0,0
MPC-H24-XP+QP,0,319,1.4727941363043126e-11,-99.9999999883216,39.082441264528256,0.0,0,0
MPC-H24-XP+QP,0,320,5.258599036821456e-12,-99.99999998832504,38.74485119612579,0.0,0,0
MPC-H24-XP+QP,0,321,5.6836111130046404e-08,-99.99999998833744,31.344934529379252,0.0,0,0
MPC-H24-XP+QP,0,322,3.333557279018805e-08,-99.99999998833343,29.359580372477097,0.0,0,0
MPC-H24-XP+QP,0,323,4.1043685876885375e-08,-99.99999998832021,39.49618715164109,0.0,0,0
MPC-H24-XP+QP,0,324,3.382864365844454e-11,-99.99999998831603,37.36241218953465,0.0,0,0
MPC-H24-XP+QP,0,325,2.411672176668558e-08,-99.99999998831683,38.80402232768266,0.0,0,0
MPC-H24-XP+QP,0,326,0.0,-99.99999998834468,38.39933565018413,0.0,0,0
MPC-H24-XP+QP,0,327,5.233398486607603e-13,-99.99999998836239,39.33804754435404,0.0,0,0
MPC-H24-XP+QP,0,328,1.1766751737241647e-08,-99.99999998837723,31.394552712770047,0.0,0,0
MPC-H24-XP+QP,0,329,8.819361619975435e-13,-99.99999998826931,29.595807113592752,0.0,0,0
MPC-H24-XP+QP,0,330,0.0,-99.837629558864,39.23482991593288,0.0,0,0
MPC-H24-XP+QP,0,331,4.3257757956077965e-09,-99.99999998815028,38.85438904151716,0.0,0,0
MPC-H24-XP+QP,0,332,5.49800018377841e-08,-99.9999999882831,39.43639361950025,0.0,0,0
MPC-H24-XP+QP,0,333,23.715373990234227,-89.31249998577212,40.03975703991695,0.0,0,0
MPC-H24-XP+QP,0,334,20.308210442849074,-99.99999998388569,39.68754027581884,0.0,0,0
MPC-H24-XP+QP,0,335,7.751938012473892,-99.99999998833744,30.60734820952422,0.0,0,0
MPC-H24-XP+QP,0,336,6.349201326646196e-08,-99.99999998832519,26.916615415212284,0.0,0,0
MPC-H24-XP+QP,0,337,1.0708994953969716e-07,-95.84989977311548,39.31101303450959,0.0,0,0
MPC-H24-XP+QP,0,338,11.25000000722267,-99.9999999883488,38.92072438613488,0.0,0,0
MPC-H24-XP+QP,0,339,1.3191538620043907e-08,-99.99999998833584,40.22257535600684,0.0,0,0
MPC-H24-XP+QP,0,340,2.2614952374987467e-08,-99.99999996655569,39.11660270149535,0.0,0,0
MPC-H24-XP+QP,0,341,5.961853573801698e-08,-99.9999999953034,40.2858506878185,0.0,0,0
MPC-H24-XP+QP,0,342,5.865238780740898e-08,-99.99999998829065,30.14806058068848,0.0,0,0
MPC-H24-XP+QP,0,343,4.3877403838624426e-09,-99.99999998817304,28.500372307545792,0.0,0,0
MPC-H24-XP+QP,0,344,37.432709878505534,17.339262076128335,49.82734303970981,0.0,0,0
MPC-H24-XP+QP,0,345,30.57843761372934,29.04951571886882,51.60094896502845,0.0,0,0
MPC-H24-XP+QP,0,346,56.25000004752267,53.437499997791775,55.236284623074724,0.0,0,0
MPC-H24-XP+QP,0,347,91.59470566551566,69.9073441779941,90.97515986549314,0.0,0,0
MPC-H24-XP+QP,0,348,78.39708780477338,74.47723340067078,57.634981532981485,0.0,0,0
MPC-H24-XP+QP,0,349,67.50000000469355,53.437499989168856,40.55433337804707,0.0,1,1
MPC-H24-XP+QP,0,350,31.947640349090634,30.350258300469065,40.588585512178994,0.0,0,0
MPC-H24-XP+QP,0,351,39.09674606337052,37.14190874750878,51.22251626996815,0.0,0,0
MPC-H24-XP+QP,0,352,33.75000016602652,32.062500034362714,50.14876876059452,0.0,0,0
MPC-H24-XP+QP,0,353,56.25000001459855,42.75000000524341,51.10866571866919,0.0,0,0
MPC-H24-XP+QP,0,354,21.60194304150605,18.22789635655164,50.521987466694725,0.0,0,0
MPC-H24-XP+QP,0,355,37.07829595408649,16.926927742470966,49.83968845833489,0.0,0,0
MPC-H24-XP+QP,0,356,23.38755902549096,-8.219034889922227,37.27531420825365,0.0,0,0
MPC-H24-XP+QP,0,357,13.406373085290536,-34.63236661574717,35.138938145794334,0.0,0,0
MPC-H24-XP+QP,0,358,3.3987996018035686e-08,-9.459656474015503,48.08305844644417,0.0,0,0
MPC-H24-XP+QP,0,359,22.50000009051949,9.532894798823378,50.90218093238887,0.0,0,0
MPC-H24-XP+QP,0,360,22.50000001856462,10.687500008608524,51.01239627129872,0.0,0,0
MPC-H24-XP+QP,0,361,43.67162867607734,41.488047242273424,52.13877973486893,0.0,0,0
MPC-H24-XP+QP,0,362,22.499999992512514,20.91263301321814,53.137286086026236,0.0,0,0
MPC-H24-XP+QP,0,363,11.974215256610153,-22.921878694970303,39.88411362038072,0.0,0,0
MPC-H24-XP+QP,0,364,40.82565634483548,-3.0167792611705124,36.91187167584085,0.0,0,0
PPO-QP,20260805,300,105.26315789473685,100.0,47.327278862050555,0.0,4,1
PPO-QP,20260805,301,105.26315789473685,100.0,45.48050570050991,0.0,4,1
PPO-QP,20260805,302,105.26315789473685,100.0,51.96268441918822,0.0,4,1
PPO-QP,20260805,303,105.26315789473685,100.0,52.8936663076155,0.0,4,1
PPO-QP,20260805,304,105.26315789473685,100.0,53.18207113722647,0.0,4,1
PPO-QP,20260805,305,105.26315789473685,100.0,56.3106641071023,0.0,4,1
PPO-QP,20260805,306,105.26315789473685,100.0,54.666277186965516,0.0,4,1
PPO-QP,20260805,307,105.26315789473685,100.0,47.12040702741862,0.0,4,1
PPO-QP,20260805,308,105.26315789473685,100.0,44.2867336113017,0.0,4,1
PPO-QP,20260805,309,105.26315789473685,100.0,54.30829652262537,0.0,4,1
PPO-QP,20260805,310,105.26315789473685,100.0,55.91390966949358,0.0,4,1
PPO-QP,20260805,311,105.26315789473685,100.0,55.66982409756394,0.0,4,1
PPO-QP,20260805,312,105.26315789473685,100.0,54.834387303067274,0.0,4,1
PPO-QP,20260805,313,105.26315789473685,100.0,55.57040872949287,0.0,4,1
PPO-QP,20260805,314,105.26315789473685,100.0,48.07537372752131,0.0,4,1
PPO-QP,20260805,315,105.26315789473685,100.0,43.615499396377004,0.0,4,1
PPO-QP,20260805,316,105.26315789473685,100.0,53.87968980499197,0.0,4,1
PPO-QP,20260805,317,105.26315789473685,100.0,54.93003001817206,0.0,4,1
PPO-QP,20260805,318,105.26315789473685,100.0,54.25610045235061,0.0,4,1
PPO-QP,20260805,319,105.26315789473685,100.0,54.50569877847482,0.0,4,1
PPO-QP,20260805,320,105.26315789473685,100.0,54.949325265286156,0.0,4,1
PPO-QP,20260805,321,105.26315789473685,100.0,47.518275863062996,0.0,4,1
PPO-QP,20260805,322,105.26315789473685,100.0,45.38271529027989,0.0,4,1
PPO-QP,20260805,323,105.26315789473685,100.0,55.240452583697405,0.0,4,1
PPO-QP,20260805,324,105.26315789473685,100.0,52.98959537630971,0.0,4,1
PPO-QP,20260805,325,105.26315789473685,100.0,54.31248613868638,0.0,4,1
PPO-QP,20260805,326,105.26315789473685,100.0,55.31495726877804,0.0,4,1
PPO-QP,20260805,327,105.26315789473685,100.0,55.008123560255555,0.0,4,1
PPO-QP,20260805,328,105.26315789473685,100.0,47.067583339494334,0.0,4,1
PPO-QP,20260805,329,105.26315789473685,100.0,45.649369280448035,0.0,4,1
PPO-QP,20260805,330,105.26315789473685,100.0,55.35710922096884,0.0,4,1
PPO-QP,20260805,331,105.26315789473685,100.0,55.07301535288809,0.0,4,1
PPO-QP,20260805,332,105.26315789473685,100.0,55.47823273273386,0.0,4,1
PPO-QP,20260805,333,105.26315789473685,100.0,54.69652327631274,0.0,4,1
PPO-QP,20260805,334,105.26315789473685,100.0,55.16250862682516,0.0,4,1
PPO-QP,20260805,335,105.26315789473685,100.0,46.40029655949057,0.0,4,1
PPO-QP,20260805,336,105.26315789473685,100.0,42.6340852485675,0.0,4,1
PPO-QP,20260805,337,105.26315789473685,100.0,54.78552262237317,0.0,4,1
PPO-QP,20260805,338,105.26315789473685,100.0,54.90118448688625,0.0,4,1
PPO-QP,20260805,339,105.26315789473685,100.0,56.29110653336838,0.0,4,1
PPO-QP,20260805,340,105.26315789473685,100.0,55.14845259916202,0.0,4,1
PPO-QP,20260805,341,105.26315789473685,100.0,55.04791805107956,0.0,4,1
PPO-QP,20260805,342,105.26315789473685,100.0,46.21307422381091,0.0,4,1
PPO-QP,20260805,343,105.26315789473685,100.0,44.76359671471963,0.0,4,1
PPO-QP,20260805,344,105.26315789473685,100.0,54.19114661378112,0.0,4,1
PPO-QP,20260805,345,105.26315789473685,100.0,55.42111574900034,0.0,4,1
PPO-QP,20260805,346,105.26315789473685,100.0,57.147125876576936,0.0,4,1
PPO-QP,20260805,347,105.26315789473685,100.0,91.18358496702122,0.0,4,1
PPO-QP,20260805,348,105.26315789473685,100.0,57.00551343089022,0.0,4,1
PPO-QP,20260805,349,105.26315789473685,100.0,44.382614187942075,0.0,4,1
PPO-QP,20260805,350,105.26315789473685,100.0,45.78536379591267,0.0,4,1
PPO-QP,20260805,351,105.26315789473685,100.0,54.542857824717395,0.0,4,1
PPO-QP,20260805,352,105.26315789473685,100.0,53.95244545718841,0.0,4,1
PPO-QP,20260805,353,105.26315789473685,100.0,53.68185175904625,0.0,4,1
PPO-QP,20260805,354,105.26315789473685,100.0,55.14093113548677,0.0,4,1
PPO-QP,20260805,355,105.26315789473685,100.0,54.35030654317733,0.0,4,1
PPO-QP,20260805,356,105.26315789473685,100.0,46.07172180755083,0.0,4,1
PPO-QP,20260805,357,105.26315789473685,100.0,43.71669684124096,0.0,4,1
PPO-QP,20260805,358,105.26315789473685,100.0,53.42715830793182,0.0,4,1
PPO-QP,20260805,359,105.26315789473685,100.0,56.48092621565026,0.0,4,1
PPO-QP,20260805,360,105.26315789473685,100.0,57.37617557238531,0.0,4,1
PPO-QP,20260805,361,105.26315789473685,100.0,56.07715277835852,0.0,4,1
PPO-QP,20260805,362,105.26315789473685,100.0,59.2583051480655,0.0,4,1
PPO-QP,20260805,363,105.26315789473685,100.0,50.422763835859605,0.0,4,1
PPO-QP,20260805,364,105.26315789473685,100.0,46.05017013080308,0.0,4,1
PPO-QP-no-penalty,20260805,300,105.26315789473685,100.0,47.32727886205055,0.0,4,1
PPO-QP-no-penalty,20260805,301,105.26315789473685,100.0,45.48050570050983,0.0,4,1
PPO-QP-no-penalty,20260805,302,105.26315789473685,100.0,51.96268441918812,0.0,4,1
PPO-QP-no-penalty,20260805,303,105.26315789473685,100.0,52.893666307615284,0.0,4,1
PPO-QP-no-penalty,20260805,304,105.26315789473685,100.0,53.18207113722656,0.0,4,1
PPO-QP-no-penalty,20260805,305,105.26315789473685,100.0,56.31066410710216,0.0,4,1
PPO-QP-no-penalty,20260805,306,105.26315789473685,100.0,54.66627718696545,0.0,4,1
PPO-QP-no-penalty,20260805,307,105.26315789473685,100.0,47.12040702741851,0.0,4,1
PPO-QP-no-penalty,20260805,308,105.26315789473685,100.0,44.28673361130178,0.0,4,1
PPO-QP-no-penalty,20260805,309,105.26315789473685,100.0,54.308296522625355,0.0,4,1
PPO-QP-no-penalty,20260805,310,105.26315789473685,100.0,55.91390966949362,0.0,4,1
PPO-QP-no-penalty,20260805,311,105.26315789473685,100.0,55.66982409756385,0.0,4,1
PPO-QP-no-penalty,20260805,312,105.26315789473685,100.0,54.834387303067224,0.0,4,1
PPO-QP-no-penalty,20260805,313,105.26315789473685,100.0,55.570408729492655,0.0,4,1
PPO-QP-no-penalty,20260805,314,105.26315789473685,100.0,48.0753737275213,0.0,4,1
PPO-QP-no-penalty,20260805,315,105.26315789473685,100.0,43.61549939637698,0.0,4,1
PPO-QP-no-penalty,20260805,316,105.26315789473685,100.0,53.879689804991884,0.0,4,1
PPO-QP-no-penalty,20260805,317,105.26315789473685,100.0,54.93003001817216,0.0,4,1
PPO-QP-no-penalty,20260805,318,105.26315789473685,100.0,54.256100452350665,0.0,4,1
PPO-QP-no-penalty,20260805,319,105.26315789473685,100.0,54.50569877847493,0.0,4,1
PPO-QP-no-penalty,20260805,320,105.26315789473685,100.0,54.949325265285935,0.0,4,1
PPO-QP-no-penalty,20260805,321,105.26315789473685,100.0,47.51827586306302,0.0,4,1
PPO-QP-no-penalty,20260805,322,105.26315789473685,100.0,45.38271529028002,0.0,4,1
PPO-QP-no-penalty,20260805,323,105.26315789473685,100.0,55.24045258369736,0.0,4,1
PPO-QP-no-penalty,20260805,324,105.26315789473685,100.0,52.98959537630985,0.0,4,1
PPO-QP-no-penalty,20260805,325,105.26315789473685,100.0,54.31248613868632,0.0,4,1
PPO-QP-no-penalty,20260805,326,105.26315789473685,100.0,55.314957268778066,0.0,4,1
PPO-QP-no-penalty,20260805,327,105.26315789473685,100.0,55.00812356025556,0.0,4,1
PPO-QP-no-penalty,20260805,328,105.26315789473685,100.0,47.067583339494206,0.0,4,1
PPO-QP-no-penalty,20260805,329,105.26315789473685,100.0,45.64936928044792,0.0,4,1
PPO-QP-no-penalty,20260805,330,105.26315789473685,100.0,55.35710922096891,0.0,4,1
PPO-QP-no-penalty,20260805,331,105.26315789473685,100.0,55.07301535288792,0.0,4,1
PPO-QP-no-penalty,20260805,332,105.26315789473685,100.0,55.478232732734,0.0,4,1
PPO-QP-no-penalty,20260805,333,105.26315789473685,100.0,54.69652327631283,0.0,4,1
PPO-QP-no-penalty,20260805,334,105.26315789473685,100.0,55.162508626825215,0.0,4,1
PPO-QP-no-penalty,20260805,335,105.26315789473685,100.0,46.40029655949061,0.0,4,1
PPO-QP-no-penalty,20260805,336,105.26315789473685,100.0,42.6340852485673,0.0,4,1
PPO-QP-no-penalty,20260805,337,105.26315789473685,100.0,54.78552262237311,0.0,4,1
PPO-QP-no-penalty,20260805,338,105.26315789473685,100.0,54.90118448688627,0.0,4,1
PPO-QP-no-penalty,20260805,339,105.26315789473685,100.0,56.291106533368364,0.0,4,1
PPO-QP-no-penalty,20260805,340,105.26315789473685,100.0,55.14845259916217,0.0,4,1
PPO-QP-no-penalty,20260805,341,105.26315789473685,100.0,55.04791805107966,0.0,4,1
PPO-QP-no-penalty,20260805,342,105.26315789473685,100.0,46.213074223810764,0.0,4,1
PPO-QP-no-penalty,20260805,343,105.26315789473685,100.0,44.763596714719625,0.0,4,1
PPO-QP-no-penalty,20260805,344,105.26315789473685,100.0,54.1911466137812,0.0,4,1
PPO-QP-no-penalty,20260805,345,105.26315789473685,100.0,55.42111574900022,0.0,4,1
PPO-QP-no-penalty,20260805,346,105.26315789473685,100.0,57.147125876577,0.0,4,1
PPO-QP-no-penalty,20260805,347,105.26315789473685,100.0,91.18358496702133,0.0,4,1
PPO-QP-no-penalty,20260805,348,105.26315789473685,100.0,57.00551343089012,0.0,4,1
PPO-QP-no-penalty,20260805,349,105.26315789473685,100.0,44.38261418794208,0.0,4,1
PPO-QP-no-penalty,20260805,350,105.26315789473685,100.0,45.78536379591263,0.0,4,1
PPO-QP-no-penalty,20260805,351,105.26315789473685,100.0,54.54285782471748,0.0,4,1
PPO-QP-no-penalty,20260805,352,105.26315789473685,100.0,53.95244545718854,0.0,4,1
PPO-QP-no-penalty,20260805,353,105.26315789473685,100.0,53.681851759046296,0.0,4,1
PPO-QP-no-penalty,20260805,354,105.26315789473685,100.0,55.14093113548681,0.0,4,1
PPO-QP-no-penalty,20260805,355,105.26315789473685,100.0,54.35030654317738,0.0,4,1
PPO-QP-no-penalty,20260805,356,105.26315789473685,100.0,46.071721807550844,0.0,4,1
PPO-QP-no-penalty,20260805,357,105.26315789473685,100.0,43.71669684124083,0.0,4,1
PPO-QP-no-penalty,20260805,358,105.26315789473685,100.0,53.42715830793175,0.0,4,1
PPO-QP-no-penalty,20260805,359,105.26315789473685,100.0,56.48092621565035,0.0,4,1
PPO-QP-no-penalty,20260805,360,105.26315789473685,100.0,57.37617557238546,0.0,4,1
PPO-QP-no-penalty,20260805,361,105.26315789473685,100.0,56.07715277835852,0.0,4,1
PPO-QP-no-penalty,20260805,362,105.26315789473685,100.0,59.25830514806553,0.0,4,1
PPO-QP-no-penalty,20260805,363,105.26315789473685,100.0,50.42276383585974,0.0,4,1
PPO-QP-no-penalty,20260805,364,105.26315789473685,100.0,46.050170130803224,0.0,4,1
PPO-QP,20260806,300,105.26315789473685,100.0,47.32727886205056,0.0,4,1
PPO-QP,20260806,301,105.26315789473685,100.0,45.480505700509724,0.0,4,1
PPO-QP,20260806,302,105.26315789473685,100.0,51.96268441918809,0.0,4,1
PPO-QP,20260806,303,105.26315789473685,100.0,52.89366630761541,0.0,4,1
PPO-QP,20260806,304,105.26315789473685,100.0,53.182071137226636,0.0,4,1
PPO-QP,20260806,305,105.26315789473685,100.0,56.31066410710251,0.0,4,1
PPO-QP,20260806,306,105.26315789473685,100.0,54.66627718696556,0.0,4,1
PPO-QP,20260806,307,105.26315789473685,100.0,47.120407027418494,0.0,4,1
PPO-QP,20260806,308,105.26315789473685,100.0,44.28673361130163,0.0,4,1
PPO-QP,20260806,309,105.26315789473685,100.0,54.30829652262539,0.0,4,1
PPO-QP,20260806,310,105.26315789473685,100.0,55.913909669493535,0.0,4,1
PPO-QP,20260806,311,105.26315789473685,100.0,55.669824097564,0.0,4,1
PPO-QP,20260806,312,105.26315789473685,100.0,54.83438730306732,0.0,4,1
PPO-QP,20260806,313,105.26315789473685,100.0,55.57040872949267,0.0,4,1
PPO-QP,20260806,314,105.26315789473685,100.0,48.07537372752127,0.0,4,1
PPO-QP,20260806,315,105.26315789473685,100.0,43.61549939637713,0.0,4,1
PPO-QP,20260806,316,105.26315789473685,100.0,53.87968980499193,0.0,4,1
PPO-QP,20260806,317,105.26315789473685,100.0,54.93003001817222,0.0,4,1
PPO-QP,20260806,318,105.26315789473685,100.0,54.25610045235035,0.0,4,1
PPO-QP,20260806,319,105.26315789473685,100.0,54.505698778474844,0.0,4,1
PPO-QP,20260806,320,105.26315789473685,100.0,54.949325265286035,0.0,4,1
PPO-QP,20260806,321,105.26315789473685,100.0,47.518275863063195,0.0,4,1
PPO-QP,20260806,322,105.26315789473685,100.0,45.38271529027972,0.0,4,1
PPO-QP,20260806,323,105.26315789473685,100.0,55.240452583697255,0.0,4,1
PPO-QP,20260806,324,105.26315789473685,100.0,52.98959537630988,0.0,4,1
PPO-QP,20260806,325,105.26315789473685,100.0,54.312486138686424,0.0,4,1
PPO-QP,20260806,326,105.26315789473685,100.0,55.31495726877799,0.0,4,1
PPO-QP,20260806,327,105.26315789473685,100.0,55.00812356025533,0.0,4,1
PPO-QP,20260806,328,105.26315789473685,100.0,47.067583339494234,0.0,4,1
PPO-QP,20260806,329,105.26315789473685,100.0,45.64936928044788,0.0,4,1
PPO-QP,20260806,330,105.26315789473685,100.0,55.357109220968844,0.0,4,1
PPO-QP,20260806,331,105.26315789473685,100.0,55.073015352888056,0.0,4,1
PPO-QP,20260806,332,105.26315789473685,100.0,55.47823273273405,0.0,4,1
PPO-QP,20260806,333,105.26315789473685,100.0,54.696523276313,0.0,4,1
PPO-QP,20260806,334,105.26315789473685,100.0,55.16250862682452,0.0,4,1
PPO-QP,20260806,335,105.26315789473685,100.0,46.40029655949071,0.0,4,1
PPO-QP,20260806,336,105.26315789473685,100.0,42.63408524856726,0.0,4,1
PPO-QP,20260806,337,105.26315789473685,100.0,54.78552262237288,0.0,4,1
PPO-QP,20260806,338,105.26315789473685,100.0,54.901184486886,0.0,4,1
PPO-QP,20260806,339,105.26315789473685,100.0,56.291106533368165,0.0,4,1
PPO-QP,20260806,340,105.26315789473685,100.0,55.148452599162006,0.0,4,1
PPO-QP,20260806,341,105.26315789473685,100.0,55.04791805107912,0.0,4,1
PPO-QP,20260806,342,105.26315789473685,100.0,46.213074223810864,0.0,4,1
PPO-QP,20260806,343,105.26315789473685,100.0,44.76359671471947,0.0,4,1
PPO-QP,20260806,344,105.26315789473685,100.0,54.19114661378097,0.0,4,1
PPO-QP,20260806,345,105.26315789473685,100.0,55.42111574900002,0.0,4,1
PPO-QP,20260806,346,105.26315789473685,100.0,57.147125876576325,0.0,4,1
PPO-QP,20260806,347,105.26315789473685,100.0,91.18358496702118,0.0,4,1
PPO-QP,20260806,348,105.26315789473685,100.0,57.00551343088999,0.0,4,1
PPO-QP,20260806,349,105.26315789473685,100.0,44.38261418794181,0.0,4,1
PPO-QP,20260806,350,105.26315789473685,100.0,45.78536379591248,0.0,4,1
PPO-QP,20260806,351,105.26315789473685,100.0,54.54285782471721,0.0,4,1
PPO-QP,20260806,352,105.26315789473685,100.0,53.9524454571884,0.0,4,1
PPO-QP,20260806,353,105.26315789473685,100.0,53.68185175904616,0.0,4,1
PPO-QP,20260806,354,105.26315789473685,100.0,55.14093113548667,0.0,4,1
PPO-QP,20260806,355,105.26315789473685,100.0,54.350306543177275,0.0,4,1
PPO-QP,20260806,356,105.26315789473685,100.0,46.07172180755078,0.0,4,1
PPO-QP,20260806,357,105.26315789473685,100.0,43.71669684124066,0.0,4,1
PPO-QP,20260806,358,105.26315789473685,100.0,53.42715830793155,0.0,4,1
PPO-QP,20260806,359,105.26315789473685,100.0,56.48092621565013,0.0,4,1
PPO-QP,20260806,360,105.26315789473685,100.0,57.37617557238522,0.0,4,1
PPO-QP,20260806,361,105.26315789473685,100.0,56.07715277835851,0.0,4,1
PPO-QP,20260806,362,105.26315789473685,100.0,59.25830514806532,0.0,4,1
PPO-QP,20260806,363,105.26315789473685,100.0,50.422763835859485,0.0,4,1
PPO-QP,20260806,364,105.26315789473685,100.0,46.050170130802776,0.0,4,1
PPO-QP-no-penalty,20260806,300,105.26315789473685,100.0,47.32727886205055,0.0,4,1
PPO-QP-no-penalty,20260806,301,105.26315789473685,100.0,45.480505700509724,0.0,4,1
PPO-QP-no-penalty,20260806,302,105.26315789473685,100.0,51.96268441918809,0.0,4,1
PPO-QP-no-penalty,20260806,303,105.26315789473685,100.0,52.89366630761541,0.0,4,1
PPO-QP-no-penalty,20260806,304,105.26315789473685,100.0,53.18207113722663,0.0,4,1
PPO-QP-no-penalty,20260806,305,105.26315789473685,100.0,56.31066410710248,0.0,4,1
PPO-QP-no-penalty,20260806,306,105.26315789473685,100.0,54.66627718696556,0.0,4,1
PPO-QP-no-penalty,20260806,307,105.26315789473685,100.0,47.120407027418494,0.0,4,1
PPO-QP-no-penalty,20260806,308,105.26315789473685,100.0,44.28673361130163,0.0,4,1
PPO-QP-no-penalty,20260806,309,105.26315789473685,100.0,54.308296522625355,0.0,4,1
PPO-QP-no-penalty,20260806,310,105.26315789473685,100.0,55.91390966949352,0.0,4,1
PPO-QP-no-penalty,20260806,311,105.26315789473685,100.0,55.669824097564,0.0,4,1
PPO-QP-no-penalty,20260806,312,105.26315789473685,100.0,54.83438730306733,0.0,4,1
PPO-QP-no-penalty,20260806,313,105.26315789473685,100.0,55.57040872949267,0.0,4,1
PPO-QP-no-penalty,20260806,314,105.26315789473685,100.0,48.07537372752125,0.0,4,1
PPO-QP-no-penalty,20260806,315,105.26315789473685,100.0,43.615499396377174,0.0,4,1
PPO-QP-no-penalty,20260806,316,105.26315789473685,100.0,53.87968980499202,0.0,4,1
PPO-QP-no-penalty,20260806,317,105.26315789473685,100.0,54.930030018172204,0.0,4,1
PPO-QP-no-penalty,20260806,318,105.26315789473685,100.0,54.25610045235035,0.0,4,1
PPO-QP-no-penalty,20260806,319,105.26315789473685,100.0,54.50569877847484,0.0,4,1
PPO-QP-no-penalty,20260806,320,105.26315789473685,100.0,54.949325265286035,0.0,4,1
PPO-QP-no-penalty,20260806,321,105.26315789473685,100.0,47.518275863063195,0.0,4,1
PPO-QP-no-penalty,20260806,322,105.26315789473685,100.0,45.38271529027971,0.0,4,1
PPO-QP-no-penalty,20260806,323,105.26315789473685,100.0,55.24045258369725,0.0,4,1
PPO-QP-no-penalty,20260806,324,105.26315789473685,100.0,52.98959537630989,0.0,4,1
PPO-QP-no-penalty,20260806,325,105.26315789473685,100.0,54.31248613868641,0.0,4,1
PPO-QP-no-penalty,20260806,326,105.26315789473685,100.0,55.314957268777995,0.0,4,1
PPO-QP-no-penalty,20260806,327,105.26315789473685,100.0,55.00812356025532,0.0,4,1
PPO-QP-no-penalty,20260806,328,105.26315789473685,100.0,47.06758333949423,0.0,4,1
PPO-QP-no-penalty,20260806,329,105.26315789473685,100.0,45.64936928044788,0.0,4,1
PPO-QP-no-penalty,20260806,330,105.26315789473685,100.0,55.357109220968844,0.0,4,1
PPO-QP-no-penalty,20260806,331,105.26315789473685,100.0,55.073015352888135,0.0,4,1
PPO-QP-no-penalty,20260806,332,105.26315789473685,100.0,55.47823273273404,0.0,4,1
PPO-QP-no-penalty,20260806,333,105.26315789473685,100.0,54.69652327631298,0.0,4,1
PPO-QP-no-penalty,20260806,334,105.26315789473685,100.0,55.162508626824625,0.0,4,1
PPO-QP-no-penalty,20260806,335,105.26315789473685,100.0,46.400296559490755,0.0,4,1
PPO-QP-no-penalty,20260806,336,105.26315789473685,100.0,42.63408524856722,0.0,4,1
PPO-QP-no-penalty,20260806,337,105.26315789473685,100.0,54.785522622372866,0.0,4,1
PPO-QP-no-penalty,20260806,338,105.26315789473685,100.0,54.901184486885995,0.0,4,1
PPO-QP-no-penalty,20260806,339,105.26315789473685,100.0,56.29110653336819,0.0,4,1
PPO-QP-no-penalty,20260806,340,105.26315789473685,100.0,55.14845259916197,0.0,4,1
PPO-QP-no-penalty,20260806,341,105.26315789473685,100.0,55.04791805107927,0.0,4,1
PPO-QP-no-penalty,20260806,342,105.26315789473685,100.0,46.21307422381087,0.0,4,1
PPO-QP-no-penalty,20260806,343,105.26315789473685,100.0,44.763596714719455,0.0,4,1
PPO-QP-no-penalty,20260806,344,105.26315789473685,100.0,54.19114661378096,0.0,4,1
PPO-QP-no-penalty,20260806,345,105.26315789473685,100.0,55.42111574900013,0.0,4,1
PPO-QP-no-penalty,20260806,346,105.26315789473685,100.0,57.14712587657641,0.0,4,1
PPO-QP-no-penalty,20260806,347,105.26315789473685,100.0,91.1835849670212,0.0,4,1
PPO-QP-no-penalty,20260806,348,105.26315789473685,100.0,57.00551343089016,0.0,4,1
PPO-QP-no-penalty,20260806,349,105.26315789473685,100.0,44.38261418794181,0.0,4,1
PPO-QP-no-penalty,20260806,350,105.26315789473685,100.0,45.78536379591246,0.0,4,1
PPO-QP-no-penalty,20260806,351,105.26315789473685,100.0,54.54285782471723,0.0,4,1
PPO-QP-no-penalty,20260806,352,105.26315789473685,100.0,53.95244545718839,0.0,4,1
PPO-QP-no-penalty,20260806,353,105.26315789473685,100.0,53.681851759046125,0.0,4,1
PPO-QP-no-penalty,20260806,354,105.26315789473685,100.0,55.140931135486724,0.0,4,1
PPO-QP-no-penalty,20260806,355,105.26315789473685,100.0,54.35030654317733,0.0,4,1
PPO-QP-no-penalty,20260806,356,105.26315789473685,100.0,46.07172180755078,0.0,4,1
PPO-QP-no-penalty,20260806,357,105.26315789473685,100.0,43.716696841240655,0.0,4,1
PPO-QP-no-penalty,20260806,358,105.26315789473685,100.0,53.427158307931535,0.0,4,1
PPO-QP-no-penalty,20260806,359,105.26315789473685,100.0,56.480926215650115,0.0,4,1
PPO-QP-no-penalty,20260806,360,105.26315789473685,100.0,57.37617557238529,0.0,4,1
PPO-QP-no-penalty,20260806,361,105.26315789473685,100.0,56.07715277835848,0.0,4,1
PPO-QP-no-penalty,20260806,362,105.26315789473685,100.0,59.25830514806535,0.0,4,1
PPO-QP-no-penalty,20260806,363,105.26315789473685,100.0,50.422763835859456,0.0,4,1
PPO-QP-no-penalty,20260806,364,105.26315789473685,100.0,46.050170130802954,0.0,4,1
PPO-QP,20260807,300,105.26315789473685,100.0,47.32727886205077,0.0,4,1
PPO-QP,20260807,301,105.26315789473685,100.0,45.480505700509795,0.0,4,1
PPO-QP,20260807,302,105.26315789473685,100.0,51.96268441918807,0.0,4,1
PPO-QP,20260807,303,105.26315789473685,100.0,52.8936663076155,0.0,4,1
PPO-QP,20260807,304,105.26315789473685,100.0,53.18207113722683,0.0,4,1
PPO-QP,20260807,305,105.26315789473685,100.0,56.310664107102085,0.0,4,1
PPO-QP,20260807,306,105.26315789473685,100.0,54.66627718696567,0.0,4,1
PPO-QP,20260807,307,105.26315789473685,100.0,47.120407027418665,0.0,4,1
PPO-QP,20260807,308,105.26315789473685,100.0,44.28673361130173,0.0,4,1
PPO-QP,20260807,309,105.26315789473685,100.0,54.308296522625305,0.0,4,1
PPO-QP,20260807,310,105.26315789473685,100.0,55.91390966949372,0.0,4,1
PPO-QP,20260807,311,105.26315789473685,100.0,55.6698240975641,0.0,4,1
PPO-QP,20260807,312,105.26315789473685,100.0,54.83438730306757,0.0,4,1
PPO-QP,20260807,313,105.26315789473685,100.0,55.57040872949287,0.0,4,1
PPO-QP,20260807,314,105.26315789473685,100.0,48.07537372752137,0.0,4,1
PPO-QP,20260807,315,105.26315789473685,100.0,43.615499396377174,0.0,4,1
PPO-QP,20260807,316,105.26315789473685,100.0,53.879689804992395,0.0,4,1
PPO-QP,20260807,317,105.26315789473685,100.0,54.9300300181721,0.0,4,1
PPO-QP,20260807,318,105.26315789473685,100.0,54.25610045235071,0.0,4,1
PPO-QP,20260807,319,105.26315789473685,100.0,54.50569877847487,0.0,4,1
PPO-QP,20260807,320,105.26315789473685,100.0,54.949325265286134,0.0,4,1
PPO-QP,20260807,321,105.26315789473685,100.0,47.518275863063316,0.0,4,1
PPO-QP,20260807,322,105.26315789473685,100.0,45.38271529027994,0.0,4,1
PPO-QP,20260807,323,105.26315789473685,100.0,55.24045258369733,0.0,4,1
PPO-QP,20260807,324,105.26315789473685,100.0,52.98959537630979,0.0,4,1
PPO-QP,20260807,325,105.26315789473685,100.0,54.31248613868658,0.0,4,1
PPO-QP,20260807,326,105.26315789473685,100.0,55.31495726877815,0.0,4,1
PPO-QP,20260807,327,105.26315789473685,100.0,55.00812356025564,0.0,4,1
PPO-QP,20260807,328,105.26315789473685,100.0,47.067583339494334,0.0,4,1
PPO-QP,20260807,329,105.26315789473685,100.0,45.64936928044791,0.0,4,1
PPO-QP,20260807,330,105.26315789473685,100.0,55.357109220968795,0.0,4,1
PPO-QP,20260807,331,105.26315789473685,100.0,55.073015352888184,0.0,4,1
PPO-QP,20260807,332,105.26315789473685,100.0,55.47823273273417,0.0,4,1
PPO-QP,20260807,333,105.26315789473685,100.0,54.69652327631317,0.0,4,1
PPO-QP,20260807,334,105.26315789473685,100.0,55.16250862682486,0.0,4,1
PPO-QP,20260807,335,105.26315789473685,100.0,46.4002965594909,0.0,4,1
PPO-QP,20260807,336,105.26315789473685,100.0,42.634085248567544,0.0,4,1
PPO-QP,20260807,337,105.26315789473685,100.0,54.785522622372824,0.0,4,1
PPO-QP,20260807,338,105.26315789473685,100.0,54.90118448688628,0.0,4,1
PPO-QP,20260807,339,105.26315789473685,100.0,56.291106533368065,0.0,4,1
PPO-QP,20260807,340,105.26315789473685,100.0,55.148452599161914,0.0,4,1
PPO-QP,20260807,341,105.26315789473685,100.0,55.04791805107918,0.0,4,1
PPO-QP,20260807,342,105.26315789473685,100.0,46.213074223811034,0.0,4,1
PPO-QP,20260807,343,105.26315789473685,100.0,44.76359671471941,0.0,4,1
PPO-QP,20260807,344,105.26315789473685,100.0,54.191146613781044,0.0,4,1
PPO-QP,20260807,345,105.26315789473685,100.0,55.42111574900024,0.0,4,1
PPO-QP,20260807,346,105.26315789473685,100.0,57.14712587657652,0.0,4,1
PPO-QP,20260807,347,105.26315789473685,100.0,91.18358496702157,0.0,4,1
PPO-QP,20260807,348,105.26315789473685,100.0,57.00551343089034,0.0,4,1
PPO-QP,20260807,349,105.26315789473685,100.0,44.38261418794212,0.0,4,1
PPO-QP,20260807,350,105.26315789473685,100.0,45.78536379591252,0.0,4,1
PPO-QP,20260807,351,105.26315789473685,100.0,54.542857824717316,0.0,4,1
PPO-QP,20260807,352,105.26315789473685,100.0,53.95244545718853,0.0,4,1
PPO-QP,20260807,353,105.26315789473685,100.0,53.68185175904631,0.0,4,1
PPO-QP,20260807,354,105.26315789473685,100.0,55.14093113548678,0.0,4,1
PPO-QP,20260807,355,105.26315789473685,100.0,54.3503065431774,0.0,4,1
PPO-QP,20260807,356,105.26315789473685,100.0,46.07172180755096,0.0,4,1
PPO-QP,20260807,357,105.26315789473685,100.0,43.7166968412408,0.0,4,1
PPO-QP,20260807,358,105.26315789473685,100.0,53.42715830793159,0.0,4,1
PPO-QP,20260807,359,105.26315789473685,100.0,56.48092621565037,0.0,4,1
PPO-QP,20260807,360,105.26315789473685,100.0,57.37617557238528,0.0,4,1
PPO-QP,20260807,361,105.26315789473685,100.0,56.077152778358396,0.0,4,1
PPO-QP,20260807,362,105.26315789473685,100.0,59.258305148065574,0.0,4,1
PPO-QP,20260807,363,105.26315789473685,100.0,50.42276383585971,0.0,4,1
PPO-QP,20260807,364,105.26315789473685,100.0,46.05017013080288,0.0,4,1
PPO-QP-no-penalty,20260807,300,105.26315789473685,100.0,47.327278862050775,0.0,4,1
PPO-QP-no-penalty,20260807,301,105.26315789473685,100.0,45.480505700509774,0.0,4,1
PPO-QP-no-penalty,20260807,302,105.26315789473685,100.0,51.9626844191881,0.0,4,1
PPO-QP-no-penalty,20260807,303,105.26315789473685,100.0,52.893666307615575,0.0,4,1
PPO-QP-no-penalty,20260807,304,105.26315789473685,100.0,53.182071137226835,0.0,4,1
PPO-QP-no-penalty,20260807,305,105.26315789473685,100.0,56.31066410710211,0.0,4,1
PPO-QP-no-penalty,20260807,306,105.26315789473685,100.0,54.66627718696566,0.0,4,1
PPO-QP-no-penalty,20260807,307,105.26315789473685,100.0,47.120407027418665,0.0,4,1
PPO-QP-no-penalty,20260807,308,105.26315789473685,100.0,44.286733611301756,0.0,4,1
PPO-QP-no-penalty,20260807,309,105.26315789473685,100.0,54.30829652262533,0.0,4,1
PPO-QP-no-penalty,20260807,310,105.26315789473685,100.0,55.91390966949372,0.0,4,1
PPO-QP-no-penalty,20260807,311,105.26315789473685,100.0,55.66982409756412,0.0,4,1
PPO-QP-no-penalty,20260807,312,105.26315789473685,100.0,54.834387303067565,0.0,4,1
PPO-QP-no-penalty,20260807,313,105.26315789473685,100.0,55.570408729492826,0.0,4,1
PPO-QP-no-penalty,20260807,314,105.26315789473685,100.0,48.07537372752135,0.0,4,1
PPO-QP-no-penalty,20260807,315,105.26315789473685,100.0,43.615499396377174,0.0,4,1
PPO-QP-no-penalty,20260807,316,105.26315789473685,100.0,53.879689804992395,0.0,4,1
PPO-QP-no-penalty,20260807,317,105.26315789473685,100.0,54.93003001817216,0.0,4,1
PPO-QP-no-penalty,20260807,318,105.26315789473685,100.0,54.256100452350694,0.0,4,1
PPO-QP-no-penalty,20260807,319,105.26315789473685,100.0,54.50569877847497,0.0,4,1
PPO-QP-no-penalty,20260807,320,105.26315789473685,100.0,54.94932526528614,0.0,4,1
PPO-QP-no-penalty,20260807,321,105.26315789473685,100.0,47.518275863063394,0.0,4,1
PPO-QP-no-penalty,20260807,322,105.26315789473685,100.0,45.382715290279926,0.0,4,1
PPO-QP-no-penalty,20260807,323,105.26315789473685,100.0,55.24045258369739,0.0,4,1
PPO-QP-no-penalty,20260807,324,105.26315789473685,100.0,52.98959537630979,0.0,4,1
PPO-QP-no-penalty,20260807,325,105.26315789473685,100.0,54.31248613868658,0.0,4,1
PPO-QP-no-penalty,20260807,326,105.26315789473685,100.0,55.314957268778194,0.0,4,1
PPO-QP-no-penalty,20260807,327,105.26315789473685,100.0,55.00812356025565,0.0,4,1
PPO-QP-no-penalty,20260807,328,105.26315789473685,100.0,47.06758333949435,0.0,4,1
PPO-QP-no-penalty,20260807,329,105.26315789473685,100.0,45.649369280447885,0.0,4,1
PPO-QP-no-penalty,20260807,330,105.26315789473685,100.0,55.357109220968816,0.0,4,1
PPO-QP-no-penalty,20260807,331,105.26315789473685,100.0,55.073015352888184,0.0,4,1
PPO-QP-no-penalty,20260807,332,105.26315789473685,100.0,55.47823273273416,0.0,4,1
PPO-QP-no-penalty,20260807,333,105.26315789473685,100.0,54.696523276313194,0.0,4,1
PPO-QP-no-penalty,20260807,334,105.26315789473685,100.0,55.16250862682485,0.0,4,1
PPO-QP-no-penalty,20260807,335,105.26315789473685,100.0,46.400296559490855,0.0,4,1
PPO-QP-no-penalty,20260807,336,105.26315789473685,100.0,42.63408524856757,0.0,4,1
PPO-QP-no-penalty,20260807,337,105.26315789473685,100.0,54.78552262237291,0.0,4,1
PPO-QP-no-penalty,20260807,338,105.26315789473685,100.0,54.90118448688627,0.0,4,1
PPO-QP-no-penalty,20260807,339,105.26315789473685,100.0,56.29110653336811,0.0,4,1
PPO-QP-no-penalty,20260807,340,105.26315789473685,100.0,55.14845259916197,0.0,4,1
PPO-QP-no-penalty,20260807,341,105.26315789473685,100.0,55.04791805107919,0.0,4,1
PPO-QP-no-penalty,20260807,342,105.26315789473685,100.0,46.21307422381102,0.0,4,1
PPO-QP-no-penalty,20260807,343,105.26315789473685,100.0,44.76359671471943,0.0,4,1
PPO-QP-no-penalty,20260807,344,105.26315789473685,100.0,54.191146613781115,0.0,4,1
PPO-QP-no-penalty,20260807,345,105.26315789473685,100.0,55.421115749000236,0.0,4,1
PPO-QP-no-penalty,20260807,346,105.26315789473685,100.0,57.14712587657652,0.0,4,1
PPO-QP-no-penalty,20260807,347,105.26315789473685,100.0,91.18358496702149,0.0,4,1
PPO-QP-no-penalty,20260807,348,105.26315789473685,100.0,57.00551343089035,0.0,4,1
PPO-QP-no-penalty,20260807,349,105.26315789473685,100.0,44.382614187942124,0.0,4,1
PPO-QP-no-penalty,20260807,350,105.26315789473685,100.0,45.785363795912545,0.0,4,1
PPO-QP-no-penalty,20260807,351,105.26315789473685,100.0,54.542857824717345,0.0,4,1
PPO-QP-no-penalty,20260807,352,105.26315789473685,100.0,53.95244545718854,0.0,4,1
PPO-QP-no-penalty,20260807,353,105.26315789473685,100.0,53.68185175904632,0.0,4,1
PPO-QP-no-penalty,20260807,354,105.26315789473685,100.0,55.14093113548684,0.0,4,1
PPO-QP-no-penalty,20260807,355,105.26315789473685,100.0,54.350306543177425,0.0,4,1
PPO-QP-no-penalty,20260807,356,105.26315789473685,100.0,46.07172180755096,0.0,4,1
PPO-QP-no-penalty,20260807,357,105.26315789473685,100.0,43.7166968412408,0.0,4,1
PPO-QP-no-penalty,20260807,358,105.26315789473685,100.0,53.427158307931634,0.0,4,1
PPO-QP-no-penalty,20260807,359,105.26315789473685,100.0,56.480926215650385,0.0,4,1
PPO-QP-no-penalty,20260807,360,105.26315789473685,100.0,57.37617557238529,0.0,4,1
PPO-QP-no-penalty,20260807,361,105.26315789473685,100.0,56.07715277835847,0.0,4,1
PPO-QP-no-penalty,20260807,362,105.26315789473685,100.0,59.25830514806559,0.0,4,1
PPO-QP-no-penalty,20260807,363,105.26315789473685,100.0,50.4227638358597,0.0,4,1
PPO-QP-no-penalty,20260807,364,105.26315789473685,100.0,46.05017013080294,0.0,4,1
PPO-QP,20260808,300,105.26315789473685,100.0,47.327278862025516,0.0,4,1
PPO-QP,20260808,301,105.26315789473685,100.0,45.480505700486326,0.0,4,1
PPO-QP,20260808,302,105.26315789473685,100.0,51.962684419163814,0.0,4,1
PPO-QP,20260808,303,105.26315789473685,100.0,52.893666307591815,0.0,4,1
PPO-QP,20260808,304,105.26315789473685,100.0,53.18207113720439,0.0,4,1
PPO-QP,20260808,305,105.26315789473685,100.0,56.31066410707977,0.0,4,1
PPO-QP,20260808,306,105.26315789473685,100.0,54.66627718694141,0.0,4,1
PPO-QP,20260808,307,105.26315789473685,100.0,47.12040702739452,0.0,4,1
PPO-QP,20260808,308,105.26315789473685,100.0,44.286733611277825,0.0,4,1
PPO-QP,20260808,309,105.26315789473685,100.0,54.308296522625476,0.0,4,1
PPO-QP,20260808,310,105.26315789473685,100.0,55.9139096694697,0.0,4,1
PPO-QP,20260808,311,105.26315789473685,100.0,55.66982409754024,0.0,4,1
PPO-QP,20260808,312,105.26315789473685,100.0,54.8343873030437,0.0,4,1
PPO-QP,20260808,313,105.26315789473685,100.0,55.57040872946784,0.0,4,1
PPO-QP,20260808,314,105.26315789473685,100.0,48.0753737274975,0.0,4,1
PPO-QP,20260808,315,105.26315789473685,100.0,43.61549939637683,0.0,4,1
PPO-QP,20260808,316,105.26315789473685,100.0,53.87968980496835,0.0,4,1
PPO-QP,20260808,317,105.26315789473685,100.0,54.93003001814844,0.0,4,1
PPO-QP,20260808,318,105.26315789473685,100.0,54.25610045232714,0.0,4,1
PPO-QP,20260808,319,105.26315789473685,100.0,54.505698778452626,0.0,4,1
PPO-QP,20260808,320,105.26315789473685,100.0,54.94932526526227,0.0,4,1
PPO-QP,20260808,321,105.26315789473685,100.0,47.518275863036294,0.0,4,1
PPO-QP,20260808,322,105.26315789473685,100.0,45.382715290279705,0.0,4,1
PPO-QP,20260808,323,105.26315789473685,100.0,55.24045258369749,0.0,4,1
PPO-QP,20260808,324,105.26315789473685,100.0,52.98959537628667,0.0,4,1
PPO-QP,20260808,325,105.26315789473685,100.0,54.31248613866218,0.0,4,1
PPO-QP,20260808,326,105.26315789473685,100.0,55.31495726877806,0.0,4,1
PPO-QP,20260808,327,105.26315789473685,100.0,55.008123560231745,0.0,4,1
PPO-QP,20260808,328,105.26315789473685,100.0,47.067583339471156,0.0,4,1
PPO-QP,20260808,329,105.26315789473685,100.0,45.64936928042319,0.0,4,1
PPO-QP,20260808,330,105.26315789473685,100.0,55.35710922096899,0.0,4,1
PPO-QP,20260808,331,105.26315789473685,100.0,55.073015352862825,0.0,4,1
PPO-QP,20260808,332,105.26315789473685,100.0,55.478232732709444,0.0,4,1
PPO-QP,20260808,333,105.26315789473685,100.0,54.69652327628972,0.0,4,1
PPO-QP,20260808,334,105.26315789473685,100.0,55.16250862680271,0.0,4,1
PPO-QP,20260808,335,105.26315789473685,100.0,46.40029655946532,0.0,4,1
PPO-QP,20260808,336,105.26315789473685,100.0,42.634055036924224,0.0,4,1
PPO-QP,20260808,337,105.26315789473685,100.0,54.78555315019993,0.0,4,1
PPO-QP,20260808,338,105.26315789473685,100.0,54.90118448686279,0.0,4,1
PPO-QP,20260808,339,105.26315789473685,100.0,56.29110653334499,0.0,4,1
PPO-QP,20260808,340,105.26315789473685,100.0,55.14845259913668,0.0,4,1
PPO-QP,20260808,341,105.26315789473685,100.0,55.047918051055404,0.0,4,1
PPO-QP,20260808,342,105.26315789473685,100.0,46.21307422378521,0.0,4,1
PPO-QP,20260808,343,105.26315789473684,100.0,44.76513561911608,0.0,4,1
PPO-QP,20260808,344,105.26315789473685,100.0,54.19114661378123,0.0,4,1
PPO-QP,20260808,345,105.26315789473685,100.0,55.42111574897667,0.0,4,1
PPO-QP,20260808,346,105.26315789473685,100.0,57.14712587657621,0.0,4,1
PPO-QP,20260808,347,105.2807401322304,100.0,91.1838380478413,0.0,4,1
PPO-QP,20260808,348,105.26315789473685,100.0,57.00551343086559,0.0,4,1
PPO-QP,20260808,349,105.26315789473685,100.0,44.38121108695208,0.0,4,1
PPO-QP,20260808,350,105.26315789473685,100.0,45.785363795887775,0.0,4,1
PPO-QP,20260808,351,105.26315789473685,100.0,54.5428578247176,0.0,4,1
PPO-QP,20260808,352,105.53221500312753,100.0,53.954507374921974,0.0,4,1
PPO-QP,20260808,353,105.28394092226183,100.0,53.68194017823326,0.0,4,1
PPO-QP,20260808,354,105.26315789473685,100.0,55.14093113546259,0.0,4,1
PPO-QP,20260808,355,105.26315789473685,100.0,54.35030654315484,0.0,4,1
PPO-QP,20260808,356,105.26315789473685,100.0,46.07172180752692,0.0,4,1
PPO-QP,20260808,357,105.26315789473685,100.0,43.71669684121876,0.0,4,1
PPO-QP,20260808,358,105.26315789473684,100.0,53.42694011670356,0.0,4,1
PPO-QP,20260808,359,105.26315789473685,100.0,56.48092621562571,0.0,4,1
PPO-QP,20260808,360,105.26315789473685,100.0,57.3761755723621,0.0,4,1
PPO-QP,20260808,361,105.26315789473685,100.0,56.07715277833619,0.0,4,1
PPO-QP,20260808,362,105.26315789473685,100.0,59.25830514804023,0.0,4,1
PPO-QP,20260808,363,105.26315789473685,100.0,50.422763835835184,0.0,4,1
PPO-QP,20260808,364,105.26315789473685,100.0,46.04563761957014,0.0,4,1
PPO-QP-no-penalty,20260808,300,105.26315789473685,100.0,47.327278862025516,0.0,4,1
PPO-QP-no-penalty,20260808,301,105.26315789473685,100.0,45.480505700486326,0.0,4,1
PPO-QP-no-penalty,20260808,302,105.26315789473685,100.0,51.962684419163814,0.0,4,1
PPO-QP-no-penalty,20260808,303,105.26315789473685,100.0,52.893666307591815,0.0,4,1
PPO-QP-no-penalty,20260808,304,105.26315789473685,100.0,53.18207113720439,0.0,4,1
PPO-QP-no-penalty,20260808,305,105.26315789473685,100.0,56.31066410707977,0.0,4,1
PPO-QP-no-penalty,20260808,306,105.26315789473685,100.0,54.66627718694141,0.0,4,1
PPO-QP-no-penalty,20260808,307,105.26315789473685,100.0,47.12040702739452,0.0,4,1
PPO-QP-no-penalty,20260808,308,105.26315789473685,100.0,44.286733611277825,0.0,4,1
PPO-QP-no-penalty,20260808,309,105.26315789473685,100.0,54.30829652260241,0.0,4,1
PPO-QP-no-penalty,20260808,310,105.26315789473685,100.0,55.9139096694697,0.0,4,1
PPO-QP-no-penalty,20260808,311,105.26315789473685,100.0,55.66982409754024,0.0,4,1
PPO-QP-no-penalty,20260808,312,105.26315789473685,100.0,54.8343873030437,0.0,4,1
PPO-QP-no-penalty,20260808,313,105.26315789473685,100.0,55.57040872946784,0.0,4,1
PPO-QP-no-penalty,20260808,314,105.26315789473685,100.0,48.0753737274975,0.0,4,1
PPO-QP-no-penalty,20260808,315,105.26315789473685,100.0,43.61549939635489,0.0,4,1
PPO-QP-no-penalty,20260808,316,105.26315789473685,100.0,53.87968980496835,0.0,4,1
PPO-QP-no-penalty,20260808,317,105.26315789473685,100.0,54.93003001814844,0.0,4,1
PPO-QP-no-penalty,20260808,318,105.26315789473685,100.0,54.25610045232714,0.0,4,1
PPO-QP-no-penalty,20260808,319,105.26315789473685,100.0,54.505698778452626,0.0,4,1
PPO-QP-no-penalty,20260808,320,105.26315789473685,100.0,54.94932526526227,0.0,4,1
PPO-QP-no-penalty,20260808,321,105.26315789473685,100.0,47.518275863036294,0.0,4,1
PPO-QP-no-penalty,20260808,322,105.26315789473685,100.0,45.38271529025686,0.0,4,1
PPO-QP-no-penalty,20260808,323,105.26315789473685,100.0,55.240452583673104,0.0,4,1
PPO-QP-no-penalty,20260808,324,105.26315789473685,100.0,52.98959537628667,0.0,4,1
PPO-QP-no-penalty,20260808,325,105.26315789473685,100.0,54.31248613866218,0.0,4,1
PPO-QP-no-penalty,20260808,326,105.26315789473685,100.0,55.31495726875204,0.0,4,1
PPO-QP-no-penalty,20260808,327,105.26315789473685,100.0,55.008123560231745,0.0,4,1
PPO-QP-no-penalty,20260808,328,105.26315789473685,100.0,47.067583339471156,0.0,4,1
PPO-QP-no-penalty,20260808,329,105.26315789473685,100.0,45.64936928042319,0.0,4,1
PPO-QP-no-penalty,20260808,330,105.26315789473685,100.0,55.357109220944224,0.0,4,1
PPO-QP-no-penalty,20260808,331,105.26315789473685,100.0,55.073015352862825,0.0,4,1
PPO-QP-no-penalty,20260808,332,105.26315789473685,100.0,55.478232732709444,0.0,4,1
PPO-QP-no-penalty,20260808,333,105.26315789473685,100.0,54.69652327628972,0.0,4,1
PPO-QP-no-penalty,20260808,334,105.26315789473685,100.0,55.16250862680271,0.0,4,1
PPO-QP-no-penalty,20260808,335,105.26315789473685,100.0,46.40029655946532,0.0,4,1
PPO-QP-no-penalty,20260808,336,105.26315789473685,100.0,42.634085248542334,0.0,4,1
PPO-QP-no-penalty,20260808,337,105.26315789473685,100.0,54.78552262234959,0.0,4,1
PPO-QP-no-penalty,20260808,338,105.26315789473685,100.0,54.90118448686279,0.0,4,1
PPO-QP-no-penalty,20260808,339,105.26315789473685,100.0,56.29110653334499,0.0,4,1
PPO-QP-no-penalty,20260808,340,105.26315789473685,100.0,55.14845259913668,0.0,4,1
PPO-QP-no-penalty,20260808,341,105.26315789473685,100.0,55.047918051055404,0.0,4,1
PPO-QP-no-penalty,20260808,342,105.26315789473685,100.0,46.21307422378521,0.0,4,1
PPO-QP-no-penalty,20260808,343,105.26315789473685,100.0,44.76359671469507,0.0,4,1
PPO-QP-no-penalty,20260808,344,105.26315789473685,100.0,54.19114661378123,0.0,4,1
PPO-QP-no-penalty,20260808,345,105.26315789473685,100.0,55.42111574897667,0.0,4,1
PPO-QP-no-penalty,20260808,346,105.26315789473685,100.0,57.14712587655168,0.0,4,1
PPO-QP-no-penalty,20260808,347,105.26315789473685,100.0,91.18358496699582,0.0,4,1
PPO-QP-no-penalty,20260808,348,105.26315789473685,100.0,57.00551343086559,0.0,4,1
PPO-QP-no-penalty,20260808,349,105.26315789473685,100.0,44.3826141879169,0.0,4,1
PPO-QP-no-penalty,20260808,350,105.26315789473685,100.0,45.785363795887775,0.0,4,1
PPO-QP-no-penalty,20260808,351,105.26315789473685,100.0,54.542857824717615,0.0,4,1
PPO-QP-no-penalty,20260808,352,105.26315789473685,100.0,53.9524454571663,0.0,4,1
PPO-QP-no-penalty,20260808,353,105.26315789473685,100.0,53.68185175902421,0.0,4,1
PPO-QP-no-penalty,20260808,354,105.26315789473685,100.0,55.14093113546259,0.0,4,1
PPO-QP-no-penalty,20260808,355,105.26315789473685,100.0,54.35030654315484,0.0,4,1
PPO-QP-no-penalty,20260808,356,105.26315789473685,100.0,46.07172180752692,0.0,4,1
PPO-QP-no-penalty,20260808,357,105.26315789473685,100.0,43.71669684121876,0.0,4,1
PPO-QP-no-penalty,20260808,358,105.26315789473685,100.0,53.42715830793182,0.0,4,1
PPO-QP-no-penalty,20260808,359,105.26315789473685,100.0,56.48092621562571,0.0,4,1
PPO-QP-no-penalty,20260808,360,105.26315789473685,100.0,57.3761755723621,0.0,4,1
PPO-QP-no-penalty,20260808,361,105.26315789473685,100.0,56.07715277833619,0.0,4,1
PPO-QP-no-penalty,20260808,362,105.26315789473685,100.0,59.25830514804023,0.0,4,1
PPO-QP-no-penalty,20260808,363,105.26315789473685,100.0,50.422763835835184,0.0,4,1
PPO-QP-no-penalty,20260808,364,105.26315789473685,100.0,46.050170130779605,0.0,4,1
PPO-QP,20260809,300,105.26315789473685,100.0,47.32727886205057,0.0,4,1
PPO-QP,20260809,301,105.26315789473685,100.0,45.48050570050991,0.0,4,1
PPO-QP,20260809,302,105.26315789473685,100.0,51.96268441918801,0.0,4,1
PPO-QP,20260809,303,105.26315789473685,100.0,52.8936663076153,0.0,4,1
PPO-QP,20260809,304,105.26315789473685,100.0,53.18207113722649,0.0,4,1
PPO-QP,20260809,305,105.26315789473685,100.0,56.31066410710187,0.0,4,1
PPO-QP,20260809,306,105.26315789473685,96.7106402993246,54.420105469276194,0.0,4,1
PPO-QP,20260809,307,105.26315789473685,100.0,47.120407027418295,0.0,4,1
PPO-QP,20260809,308,105.26315789473685,100.0,44.286733611301656,0.0,4,1
PPO-QP,20260809,309,105.26315789473685,83.42595407917621,52.90155487850092,0.0,4,1
PPO-QP,20260809,310,105.26315789473685,100.0,55.91390966949341,0.0,4,1
PPO-QP,20260809,311,105.26315789473685,100.0,55.66982409756379,0.0,4,1
PPO-QP,20260809,312,105.26315789473685,100.0,54.83438730306717,0.0,4,1
PPO-QP,20260809,313,105.26315789473685,100.0,55.570408729492414,0.0,4,1
PPO-QP,20260809,314,105.26315789473685,100.0,48.07537372752118,0.0,4,1
PPO-QP,20260809,315,105.26315789473685,100.0,43.6154993963767,0.0,4,1
PPO-QP,20260809,316,105.26315789473685,100.0,53.879689804991685,0.0,4,1
PPO-QP,20260809,317,105.26315789473685,100.0,54.93003001817196,0.0,4,1
PPO-QP,20260809,318,105.26315789473685,100.0,54.256100452350395,0.0,4,1
PPO-QP,20260809,319,105.26315789473685,85.53105391092916,53.464761978246074,0.0,4,1
PPO-QP,20260809,320,105.26315789473685,90.28064695754357,54.20931842951906,0.0,4,1
PPO-QP,20260809,321,105.26315789473685,100.0,47.51827586306314,0.0,4,1
PPO-QP,20260809,322,105.26315789473685,100.0,45.38271529027978,0.0,4,1
PPO-QP,20260809,323,105.26315789473685,66.07761180033263,52.60924504617104,0.0,4,1
PPO-QP,20260809,324,105.26315789473685,100.0,52.98959537630965,0.0,4,1
PPO-QP,20260809,325,105.26315789473685,100.0,54.3124861386862,0.0,4,1
PPO-QP,20260809,326,105.26315789473685,100.0,55.3149572687778,0.0,4,1
PPO-QP,20260809,327,105.26315789473685,100.0,55.00812356025532,0.0,4,1
PPO-QP,20260809,328,105.26315789473685,84.46988740208596,45.860693971775646,0.0,4,1
PPO-QP,20260809,329,105.26315789473685,78.50052228997049,44.02600483048091,0.0,4,1
PPO-QP,20260809,330,105.26315789473685,43.70892891728374,50.96209848033174,0.0,4,1
PPO-QP,20260809,331,105.26315789473685,79.51111927501441,53.49705406310996,0.0,4,1
PPO-QP,20260809,332,105.26315789473685,60.415489421639094,52.46549732137791,0.0,4,1
PPO-QP,20260809,333,105.26315789473685,95.86530272980248,54.3736262227371,0.0,4,1
PPO-QP,20260809,334,105.26315789473685,100.0,55.16250862682478,0.0,4,1
PPO-QP,20260809,335,105.26315789473685,90.41667744265455,45.697413207884054,0.0,4,1
PPO-QP,20260809,336,105.26315789473685,90.69183848741076,41.88360809268437,0.0,4,1
PPO-QP,20260809,337,105.26315789473685,51.793912292541876,51.18147619587211,0.0,4,1
PPO-QP,20260809,338,105.26315789473685,100.0,54.901184486885995,0.0,4,1
PPO-QP,20260809,339,105.26315789473685,100.0,56.291106533368264,0.0,4,1
PPO-QP,20260809,340,105.26315789473685,100.0,55.148452599161715,0.0,4,1
PPO-QP,20260809,341,105.26315789473685,100.0,55.047918051079094,0.0,4,1
PPO-QP,20260809,342,105.26315789473685,91.33160708507941,45.59422700200396,0.0,4,1
PPO-QP,20260809,343,105.26315789473685,96.3521676237781,44.49596884932018,0.0,4,1
PPO-QP,20260809,344,105.26315789473685,100.0,54.191146613780866,0.0,4,1
PPO-QP,20260809,345,105.26315789473685,100.0,55.42111574900008,0.0,4,1
PPO-QP,20260809,346,105.26315789473685,100.0,57.14712587657639,0.0,4,1
PPO-QP,20260809,347,105.26315789473685,100.0,91.18358496702115,0.0,4,1
PPO-QP,20260809,348,105.26315789473685,100.0,57.005513430890154,0.0,4,1
PPO-QP,20260809,349,105.26315789473685,100.0,44.38261418794158,0.0,4,1
PPO-QP,20260809,350,105.26315789473685,100.0,45.78536379591238,0.0,4,1
PPO-QP,20260809,351,105.26315789473685,100.0,54.54285782471729,0.0,4,1
PPO-QP,20260809,352,105.26315789473685,100.0,53.95244545718841,0.0,4,1
PPO-QP,20260809,353,105.26315789473685,100.0,53.68185175904614,0.0,4,1
PPO-QP,20260809,354,105.26315789473685,100.0,55.14093113548665,0.0,4,1
PPO-QP,20260809,355,105.26315789473685,100.0,54.35030654317717,0.0,4,1
PPO-QP,20260809,356,105.26315789473685,100.0,46.07172180755071,0.0,4,1
PPO-QP,20260809,357,105.26315789473685,100.0,43.716696841240775,0.0,4,1
PPO-QP,20260809,358,105.26315789473685,100.0,53.427158307931535,0.0,4,1
PPO-QP,20260809,359,105.26315789473685,100.0,56.48092621565021,0.0,4,1
PPO-QP,20260809,360,105.26315789473685,100.0,57.37617557238502,0.0,4,1
PPO-QP,20260809,361,105.26315789473685,100.0,56.07715277835803,0.0,4,1
PPO-QP,20260809,362,105.26315789473685,100.0,59.258305148065276,0.0,4,1
PPO-QP,20260809,363,105.26315789473685,100.0,50.42276383585956,0.0,4,1
PPO-QP,20260809,364,105.26315789473685,100.0,46.05017013080264,0.0,4,1
PPO-QP-no-penalty,20260809,300,105.26315789473685,100.0,47.32727886205049,0.0,4,1
PPO-QP-no-penalty,20260809,301,105.26315789473685,100.0,45.480505700509674,0.0,4,1
PPO-QP-no-penalty,20260809,302,105.26315789473685,100.0,51.96268441918781,0.0,4,1
PPO-QP-no-penalty,20260809,303,105.26315789473685,100.0,52.89366630761506,0.0,4,1
PPO-QP-no-penalty,20260809,304,105.26315789473685,100.0,53.182071137226544,0.0,4,1
PPO-QP-no-penalty,20260809,305,105.26315789473685,100.0,56.310664107102006,0.0,4,1
PPO-QP-no-penalty,20260809,306,105.26315789473685,100.0,54.66627718696543,0.0,4,1
PPO-QP-no-penalty,20260809,307,105.26315789473685,100.0,47.12040702741841,0.0,4,1
PPO-QP-no-penalty,20260809,308,105.26315789473685,100.0,44.28673361130146,0.0,4,1
PPO-QP-no-penalty,20260809,309,105.26315789473685,100.0,54.30829652262515,0.0,4,1
PPO-QP-no-penalty,20260809,310,105.26315789473685,100.0,55.91390966949341,0.0,4,1
PPO-QP-no-penalty,20260809,311,105.26315789473685,100.0,55.669824097563804,0.0,4,1
PPO-QP-no-penalty,20260809,312,105.26315789473685,100.0,54.834387303067274,0.0,4,1
PPO-QP-no-penalty,20260809,313,105.26315789473685,100.0,55.570408729492556,0.0,4,1
PPO-QP-no-penalty,20260809,314,105.26315789473685,100.0,48.07537372752111,0.0,4,1
PPO-QP-no-penalty,20260809,315,105.26315789473685,100.0,43.61549939637658,0.0,4,1
PPO-QP-no-penalty,20260809,316,105.26315789473685,100.0,53.87968980499182,0.0,4,1
PPO-QP-no-penalty,20260809,317,105.26315789473685,100.0,54.930030018171564,0.0,4,1
PPO-QP-no-penalty,20260809,318,105.26315789473685,100.0,54.25610045235031,0.0,4,1
PPO-QP-no-penalty,20260809,319,105.26315789473685,100.0,54.50569877847468,0.0,4,1
PPO-QP-no-penalty,20260809,320,105.26315789473685,100.0,54.9493252652859,0.0,4,1
PPO-QP-no-penalty,20260809,321,105.26315789473685,100.0,47.51827586306305,0.0,4,1
PPO-QP-no-penalty,20260809,322,105.26315789473685,100.0,45.38271529027956,0.0,4,1
PPO-QP-no-penalty,20260809,323,105.26315789473685,100.0,55.24045258369722,0.0,4,1
PPO-QP-no-penalty,20260809,324,105.26315789473685,100.0,52.98959537630972,0.0,4,1
PPO-QP-no-penalty,20260809,325,105.26315789473685,100.0,54.31248613868631,0.0,4,1
PPO-QP-no-penalty,20260809,326,105.26315789473685,100.0,55.31495726877792,0.0,4,1
PPO-QP-no-penalty,20260809,327,105.26315789473685,100.0,55.00812356025534,0.0,4,1
PPO-QP-no-penalty,20260809,328,105.26315789473685,100.0,47.06758333949408,0.0,4,1
PPO-QP-no-penalty,20260809,329,105.26315789473685,100.0,45.649369280447615,0.0,4,1
PPO-QP-no-penalty,20260809,330,105.26315789473685,100.0,55.357109220968646,0.0,4,1
PPO-QP-no-penalty,20260809,331,105.26315789473685,100.0,55.07301535288788,0.0,4,1
PPO-QP-no-penalty,20260809,332,105.26315789473685,100.0,55.47823273273391,0.0,4,1
PPO-QP-no-penalty,20260809,333,105.26315789473685,100.0,54.69652327631286,0.0,4,1
PPO-QP-no-penalty,20260809,334,105.26315789473685,100.0,55.162508626824646,0.0,4,1
PPO-QP-no-penalty,20260809,335,105.26315789473685,100.0,46.400296559490585,0.0,4,1
PPO-QP-no-penalty,20260809,336,105.26315789473685,100.0,42.63408524856713,0.0,4,1
PPO-QP-no-penalty,20260809,337,105.26315789473685,100.0,54.785522622372795,0.0,4,1
PPO-QP-no-penalty,20260809,338,105.26315789473685,100.0,54.90118448688608,0.0,4,1
PPO-QP-no-penalty,20260809,339,105.26315789473685,100.0,56.29110653336798,0.0,4,1
PPO-QP-no-penalty,20260809,340,105.26315789473685,100.0,55.148452599161814,0.0,4,1
PPO-QP-no-penalty,20260809,341,105.26315789473685,100.0,55.04791805107899,0.0,4,1
PPO-QP-no-penalty,20260809,342,105.26315789473685,100.0,46.21307422381061,0.0,4,1
PPO-QP-no-penalty,20260809,343,105.26315789473685,100.0,44.76359671471935,0.0,4,1
PPO-QP-no-penalty,20260809,344,105.26315789473685,100.0,54.191146613780845,0.0,4,1
PPO-QP-no-penalty,20260809,345,105.26315789473685,100.0,55.42111574900008,0.0,4,1
PPO-QP-no-penalty,20260809,346,105.26315789473685,100.0,57.14712587657635,0.0,4,1
PPO-QP-no-penalty,20260809,347,105.26315789473685,100.0,91.18358496702109,0.0,4,1
PPO-QP-no-penalty,20260809,348,105.26315789473685,100.0,57.00551343088999,0.0,4,1
PPO-QP-no-penalty,20260809,349,105.26315789473685,100.0,44.38261418794167,0.0,4,1
PPO-QP-no-penalty,20260809,350,105.26315789473685,100.0,45.78536379591246,0.0,4,1
PPO-QP-no-penalty,20260809,351,105.26315789473685,100.0,54.542857824717025,0.0,4,1
PPO-QP-no-penalty,20260809,352,105.26315789473685,100.0,53.95244545718825,0.0,4,1
PPO-QP-no-penalty,20260809,353,105.26315789473685,100.0,53.681851759046054,0.0,4,1
PPO-QP-no-penalty,20260809,354,105.26315789473685,100.0,55.140931135486156,0.0,4,1
PPO-QP-no-penalty,20260809,355,105.26315789473685,100.0,54.350306543177005,0.0,4,1
PPO-QP-no-penalty,20260809,356,105.26315789473685,100.0,46.071721807550645,0.0,4,1
PPO-QP-no-penalty,20260809,357,105.26315789473685,100.0,43.71669684124065,0.0,4,1
PPO-QP-no-penalty,20260809,358,105.26315789473685,100.0,53.427158307931606,0.0,4,1
PPO-QP-no-penalty,20260809,359,105.26315789473685,100.0,56.48092621565007,0.0,4,1
PPO-QP-no-penalty,20260809,360,105.26315789473685,100.0,57.37617557238485,0.0,4,1
PPO-QP-no-penalty,20260809,361,105.26315789473685,100.0,56.077152778358105,0.0,4,1
PPO-QP-no-penalty,20260809,362,105.26315789473685,100.0,59.25830514806505,0.0,4,1
PPO-QP-no-penalty,20260809,363,105.26315789473685,100.0,50.42276383585949,0.0,4,1
PPO-QP-no-penalty,20260809,364,105.26315789473685,100.0,46.050170130802556,0.0,4,1
