state_id,day,step,controller,policy_seed,selected_budget,repetition,elapsed_ms,mpc_status,mpc_fallback,qp_execution_path,executed_battery_power_kw,soc_after_kwh,grid_violation_kw
0,240,0,Rule+QP,0,0,1,1.4052,-1,0,hard_qp_solution,3.5534356661180194e-08,124.99999999064886,0.0
0,240,0,Rule+QP,0,0,2,1.4353,-1,0,hard_qp_solution,3.5534356661180194e-08,124.99999999064886,0.0
0,240,0,Rule+QP,0,0,3,1.3919,-1,0,hard_qp_solution,3.5534356661180194e-08,124.99999999064886,0.0
0,240,0,Rule+QP,0,0,4,1.3911,-1,0,hard_qp_solution,3.5534356661180194e-08,124.99999999064886,0.0
0,240,0,Rule+QP,0,0,5,1.388,-1,0,hard_qp_solution,3.5534356661180194e-08,124.99999999064886,0.0
0,240,0,MPC-H24+QP,0,0,1,25.7157,0,0,hard_qp_solution,44.99999998883866,113.1578947397793,0.0
0,240,0,MPC-H24+QP,0,0,2,25.614,0,0,hard_qp_solution,44.99999998883866,113.1578947397793,0.0
0,240,0,MPC-H24+QP,0,0,3,26.2264,0,0,hard_qp_solution,44.99999998883866,113.1578947397793,0.0
0,240,0,MPC-H24+QP,0,0,4,25.9521,0,0,hard_qp_solution,44.99999998883866,113.1578947397793,0.0
0,240,0,MPC-H24+QP,0,0,5,26.1207,0,0,hard_qp_solution,44.99999998883866,113.1578947397793,0.0
0,240,0,NetLoadRule+QP,0,0,1,1.5438,-1,0,hard_qp_solution,45.0,113.15789473684211,0.0
0,240,0,NetLoadRule+QP,0,0,2,1.4597,-1,0,hard_qp_solution,45.0,113.15789473684211,0.0
0,240,0,NetLoadRule+QP,0,0,3,1.4446,-1,0,hard_qp_solution,45.0,113.15789473684211,0.0
0,240,0,NetLoadRule+QP,0,0,4,1.4538,-1,0,hard_qp_solution,45.0,113.15789473684211,0.0
0,240,0,NetLoadRule+QP,0,0,5,1.6491,-1,0,hard_qp_solution,45.0,113.15789473684211,0.0
0,240,0,MPC-H24-FRR+QP,0,0,1,21.9121,0,0,hard_qp_solution,44.99999998883866,113.1578947397793,0.0
0,240,0,MPC-H24-FRR+QP,0,0,2,22.0136,0,0,hard_qp_solution,44.99999998883866,113.1578947397793,0.0
0,240,0,MPC-H24-FRR+QP,0,0,3,21.3456,0,0,hard_qp_solution,44.99999998883866,113.1578947397793,0.0
0,240,0,MPC-H24-FRR+QP,0,0,4,21.3932,0,0,hard_qp_solution,44.99999998883866,113.1578947397793,0.0
0,240,0,MPC-H24-FRR+QP,0,0,5,21.2927,0,0,hard_qp_solution,44.99999998883866,113.1578947397793,0.0
0,240,0,PPO-QP,20260805,90,1,1.5074,-1,0,hard_qp_solution,45.0,113.15789473684211,0.0
0,240,0,PPO-QP,20260805,90,2,1.4363,-1,0,hard_qp_solution,45.0,113.15789473684211,0.0
0,240,0,PPO-QP,20260805,90,3,1.4284,-1,0,hard_qp_solution,45.0,113.15789473684211,0.0
0,240,0,PPO-QP,20260805,90,4,1.3867,-1,0,hard_qp_solution,45.0,113.15789473684211,0.0
0,240,0,PPO-QP,20260805,90,5,1.3783,-1,0,hard_qp_solution,45.0,113.15789473684211,0.0
0,240,0,PPO-QP-no-penalty,20260805,90,1,1.3755,-1,0,hard_qp_solution,45.0,113.15789473684211,0.0
0,240,0,PPO-QP-no-penalty,20260805,90,2,1.3681,-1,0,hard_qp_solution,45.0,113.15789473684211,0.0
0,240,0,PPO-QP-no-penalty,20260805,90,3,1.3593,-1,0,hard_qp_solution,45.0,113.15789473684211,0.0
0,240,0,PPO-QP-no-penalty,20260805,90,4,1.3518,-1,0,hard_qp_solution,45.0,113.15789473684211,0.0
0,240,0,PPO-QP-no-penalty,20260805,90,5,1.3907,-1,0,hard_qp_solution,45.0,113.15789473684211,0.0
1,240,24,MPC-H24+QP,0,0,1,22.9155,0,0,hard_qp_solution,45.00000000870354,163.0328946416521,0.0
1,240,24,MPC-H24+QP,0,0,2,22.235,0,0,hard_qp_solution,45.00000000870354,163.0328946416521,0.0
1,240,24,MPC-H24+QP,0,0,3,22.6299,0,0,hard_qp_solution,45.00000000870354,163.0328946416521,0.0
1,240,24,MPC-H24+QP,0,0,4,22.6547,0,0,hard_qp_solution,45.00000000870354,163.0328946416521,0.0
1,240,24,MPC-H24+QP,0,0,5,23.5401,0,0,hard_qp_solution,45.00000000870354,163.0328946416521,0.0
1,240,24,NetLoadRule+QP,0,0,1,1.5682,-1,0,hard_qp_solution,45.00000000870354,163.0328946416521,0.0
1,240,24,NetLoadRule+QP,0,0,2,1.5523,-1,0,hard_qp_solution,45.00000000870354,163.0328946416521,0.0
1,240,24,NetLoadRule+QP,0,0,3,1.5035,-1,0,hard_qp_solution,45.00000000870354,163.0328946416521,0.0
1,240,24,NetLoadRule+QP,0,0,4,1.4671,-1,0,hard_qp_solution,45.00000000870354,163.0328946416521,0.0
1,240,24,NetLoadRule+QP,0,0,5,1.4521,-1,0,hard_qp_solution,45.00000000870354,163.0328946416521,0.0
1,240,24,MPC-H24-FRR+QP,0,0,1,22.4226,0,0,hard_qp_solution,45.00000000870354,163.0328946416521,0.0
1,240,24,MPC-H24-FRR+QP,0,0,2,22.4764,0,0,hard_qp_solution,45.00000000870354,163.0328946416521,0.0
1,240,24,MPC-H24-FRR+QP,0,0,3,22.7018,0,0,hard_qp_solution,45.00000000870354,163.0328946416521,0.0
1,240,24,MPC-H24-FRR+QP,0,0,4,22.2698,0,0,hard_qp_solution,45.00000000870354,163.0328946416521,0.0
1,240,24,MPC-H24-FRR+QP,0,0,5,22.5894,0,0,hard_qp_solution,45.00000000870354,163.0328946416521,0.0
1,240,24,PPO-QP,20260805,90,1,1.4828,-1,0,hard_qp_solution,45.00000000870354,163.0328946416521,0.0
1,240,24,PPO-QP,20260805,90,2,1.4302,-1,0,hard_qp_solution,45.00000000870354,163.0328946416521,0.0
1,240,24,PPO-QP,20260805,90,3,1.3962,-1,0,hard_qp_solution,45.00000000870354,163.0328946416521,0.0
1,240,24,PPO-QP,20260805,90,4,1.441,-1,0,hard_qp_solution,45.00000000870354,163.0328946416521,0.0
1,240,24,PPO-QP,20260805,90,5,1.3966,-1,0,hard_qp_solution,45.00000000870354,163.0328946416521,0.0
1,240,24,PPO-QP-no-penalty,20260805,90,1,1.4151,-1,0,hard_qp_solution,45.00000000870354,163.0328946416521,0.0
1,240,24,PPO-QP-no-penalty,20260805,90,2,1.3853,-1,0,hard_qp_solution,45.00000000870354,163.0328946416521,0.0
1,240,24,PPO-QP-no-penalty,20260805,90,3,1.4111,-1,0,hard_qp_solution,45.00000000870354,163.0328946416521,0.0
1,240,24,PPO-QP-no-penalty,20260805,90,4,1.3604,-1,0,hard_qp_solution,45.00000000870354,163.0328946416521,0.0
1,240,24,PPO-QP-no-penalty,20260805,90,5,1.387,-1,0,hard_qp_solution,45.00000000870354,163.0328946416521,0.0
1,240,24,Rule+QP,0,0,1,1.4522,-1,0,hard_qp_solution,8.703540294401073e-09,174.87499990481,0.0
1,240,24,Rule+QP,0,0,2,1.4995,-1,0,hard_qp_solution,8.703540294401073e-09,174.87499990481,0.0
1,240,24,Rule+QP,0,0,3,1.4829,-1,0,hard_qp_solution,8.703540294401073e-09,174.87499990481,0.0
1,240,24,Rule+QP,0,0,4,1.4636,-1,0,hard_qp_solution,8.703540294401073e-09,174.87499990481,0.0
1,240,24,Rule+QP,0,0,5,1.45,-1,0,hard_qp_solution,8.703540294401073e-09,174.87499990481,0.0
2,240,48,NetLoadRule+QP,0,0,1,1.341,-1,0,hard_qp_solution,-56.50372190875552,220.24022364218564,0.0
2,240,48,NetLoadRule+QP,0,0,2,1.3688,-1,0,hard_qp_solution,-56.50372190875552,220.24022364218564,0.0
2,240,48,NetLoadRule+QP,0,0,3,1.3333,-1,0,hard_qp_solution,-56.50372190875552,220.24022364218564,0.0
2,240,48,NetLoadRule+QP,0,0,4,1.319,-1,0,hard_qp_solution,-56.50372190875552,220.24022364218564,0.0
2,240,48,NetLoadRule+QP,0,0,5,1.316,-1,0,hard_qp_solution,-56.50372190875552,220.24022364218564,0.0
2,240,48,MPC-H24-FRR+QP,0,0,1,31.2608,0,0,hard_qp_solution,-16.503721913270322,210.7402236432579,0.0
2,240,48,MPC-H24-FRR+QP,0,0,2,31.7297,0,0,hard_qp_solution,-16.503721913270322,210.7402236432579,0.0
2,240,48,MPC-H24-FRR+QP,0,0,3,32.2314,0,0,hard_qp_solution,-16.503721913270322,210.7402236432579,0.0
2,240,48,MPC-H24-FRR+QP,0,0,4,31.9487,0,0,hard_qp_solution,-16.503721913270322,210.7402236432579,0.0
2,240,48,MPC-H24-FRR+QP,0,0,5,31.661,0,0,hard_qp_solution,-16.503721913270322,210.7402236432579,0.0
2,240,48,PPO-QP,20260805,90,1,1.5601,-1,0,hard_qp_solution,-16.5037219524283,210.74022365255794,0.0
2,240,48,PPO-QP,20260805,90,2,1.4916,-1,0,hard_qp_solution,-16.5037219524283,210.74022365255794,0.0
2,240,48,PPO-QP,20260805,90,3,1.4363,-1,0,hard_qp_solution,-16.5037219524283,210.74022365255794,0.0
2,240,48,PPO-QP,20260805,90,4,1.4583,-1,0,hard_qp_solution,-16.5037219524283,210.74022365255794,0.0
2,240,48,PPO-QP,20260805,90,5,1.4067,-1,0,hard_qp_solution,-16.5037219524283,210.74022365255794,0.0
2,240,48,PPO-QP-no-penalty,20260805,90,1,1.4131,-1,0,hard_qp_solution,-16.503721935885448,210.740223648629,0.0
2,240,48,PPO-QP-no-penalty,20260805,90,2,1.363,-1,0,hard_qp_solution,-16.503721935885448,210.740223648629,0.0
2,240,48,PPO-QP-no-penalty,20260805,90,3,1.5117,-1,0,hard_qp_solution,-16.503721935885448,210.740223648629,0.0
2,240,48,PPO-QP-no-penalty,20260805,90,4,1.391,-1,0,hard_qp_solution,-16.503721935885448,210.740223648629,0.0
2,240,48,PPO-QP-no-penalty,20260805,90,5,1.3724,-1,0,hard_qp_solution,-16.503721935885448,210.740223648629,0.0
2,240,48,Rule+QP,0,0,1,1.4203,-1,0,hard_qp_solution,-44.00372190884715,217.2714736422074,0.0
2,240,48,Rule+QP,0,0,2,1.4062,-1,0,hard_qp_solution,-44.00372190884715,217.2714736422074,0.0
2,240,48,Rule+QP,0,0,3,1.4041,-1,0,hard_qp_solution,-44.00372190884715,217.2714736422074,0.0
2,240,48,Rule+QP,0,0,4,1.4225,-1,0,hard_qp_solution,-44.00372190884715,217.2714736422074,0.0
2,240,48,Rule+QP,0,0,5,1.4251,-1,0,hard_qp_solution,-44.00372190884715,217.2714736422074,0.0
2,240,48,MPC-H24+QP,0,0,1,55.1679,0,0,hard_qp_solution,-16.503721913251013,210.74022364325333,0.0
2,240,48,MPC-H24+QP,0,0,2,52.7127,0,0,hard_qp_solution,-16.503721913251013,210.74022364325333,0.0
2,240,48,MPC-H24+QP,0,0,3,55.3824,0,0,hard_qp_solution,-16.503721913251013,210.74022364325333,0.0
2,240,48,MPC-H24+QP,0,0,4,54.2793,0,0,hard_qp_solution,-16.503721913251013,210.74022364325333,0.0
2,240,48,MPC-H24+QP,0,0,5,53.8959,0,0,hard_qp_solution,-16.503721913251013,210.74022364325333,0.0
3,240,72,MPC-H24-FRR+QP,0,0,1,8.8098,0,0,hard_qp_solution,-6.339669131871779e-09,224.99999998907944,0.0
3,240,72,MPC-H24-FRR+QP,0,0,2,8.7467,0,0,hard_qp_solution,-6.339669131871779e-09,224.99999998907944,0.0
3,240,72,MPC-H24-FRR+QP,0,0,3,8.6346,0,0,hard_qp_solution,-6.339669131871779e-09,224.99999998907944,0.0
3,240,72,MPC-H24-FRR+QP,0,0,4,8.6803,0,0,hard_qp_solution,-6.339669131871779e-09,224.99999998907944,0.0
3,240,72,MPC-H24-FRR+QP,0,0,5,8.6051,0,0,hard_qp_solution,-6.339669131871779e-09,224.99999998907944,0.0
3,240,72,PPO-QP,20260805,90,1,1.4437,-1,0,hard_qp_solution,45.00000001179805,213.15789472131112,0.0
3,240,72,PPO-QP,20260805,90,2,1.4154,-1,0,hard_qp_solution,45.00000001179805,213.15789472131112,0.0
3,240,72,PPO-QP,20260805,90,3,1.5428,-1,0,hard_qp_solution,45.00000001179805,213.15789472131112,0.0
3,240,72,PPO-QP,20260805,90,4,1.5051,-1,0,hard_qp_solution,45.00000001179805,213.15789472131112,0.0
3,240,72,PPO-QP,20260805,90,5,1.3936,-1,0,hard_qp_solution,45.00000001179805,213.15789472131112,0.0
3,240,72,PPO-QP-no-penalty,20260805,90,1,1.369,-1,0,hard_qp_solution,45.00000001179805,213.15789472131112,0.0
3,240,72,PPO-QP-no-penalty,20260805,90,2,1.365,-1,0,hard_qp_solution,45.00000001179805,213.15789472131112,0.0
3,240,72,PPO-QP-no-penalty,20260805,90,3,1.3653,-1,0,hard_qp_solution,45.00000001179805,213.15789472131112,0.0
3,240,72,PPO-QP-no-penalty,20260805,90,4,1.4245,-1,0,hard_qp_solution,45.00000001179805,213.15789472131112,0.0
3,240,72,PPO-QP-no-penalty,20260805,90,5,1.3701,-1,0,hard_qp_solution,45.00000001179805,213.15789472131112,0.0
3,240,72,Rule+QP,0,0,1,1.4813,-1,0,hard_qp_solution,3.9879312485767376e-08,224.99999997707923,0.0
3,240,72,Rule+QP,0,0,2,1.5463,-1,0,hard_qp_solution,3.9879312485767376e-08,224.99999997707923,0.0
3,240,72,Rule+QP,0,0,3,1.4521,-1,0,hard_qp_solution,3.9879312485767376e-08,224.99999997707923,0.0
3,240,72,Rule+QP,0,0,4,1.435,-1,0,hard_qp_solution,3.9879312485767376e-08,224.99999997707923,0.0
3,240,72,Rule+QP,0,0,5,1.4334,-1,0,hard_qp_solution,3.9879312485767376e-08,224.99999997707923,0.0
3,240,72,MPC-H24+QP,0,0,1,9.1056,0,0,hard_qp_solution,-2.4810799243090484e-09,224.99999998816304,0.0
3,240,72,MPC-H24+QP,0,0,2,9.0148,0,0,hard_qp_solution,-2.4810799243090484e-09,224.99999998816304,0.0
3,240,72,MPC-H24+QP,0,0,3,8.8065,0,0,hard_qp_solution,-2.4810799243090484e-09,224.99999998816304,0.0
3,240,72,MPC-H24+QP,0,0,4,8.8991,0,0,hard_qp_solution,-2.4810799243090484e-09,224.99999998816304,0.0
3,240,72,MPC-H24+QP,0,0,5,8.8694,0,0,hard_qp_solution,-2.4810799243090484e-09,224.99999998816304,0.0
3,240,72,NetLoadRule+QP,0,0,1,1.5513,-1,0,hard_qp_solution,4.291739795886265e-08,224.99999997627972,0.0
3,240,72,NetLoadRule+QP,0,0,2,1.5318,-1,0,hard_qp_solution,4.291739795886265e-08,224.99999997627972,0.0
3,240,72,NetLoadRule+QP,0,0,3,1.5243,-1,0,hard_qp_solution,4.291739795886265e-08,224.99999997627972,0.0
3,240,72,NetLoadRule+QP,0,0,4,1.5349,-1,0,hard_qp_solution,4.291739795886265e-08,224.99999997627972,0.0
3,240,72,NetLoadRule+QP,0,0,5,1.4948,-1,0,hard_qp_solution,4.291739795886265e-08,224.99999997627972,0.0
4,240,95,PPO-QP,20260805,90,1,1.5034,-1,0,hard_qp_solution,99.99999998577502,125.0,0.0
4,240,95,PPO-QP,20260805,90,2,1.4923,-1,0,hard_qp_solution,99.99999998577502,125.0,0.0
4,240,95,PPO-QP,20260805,90,3,1.4718,-1,0,hard_qp_solution,99.99999998577502,125.0,0.0
4,240,95,PPO-QP,20260805,90,4,1.5159,-1,0,hard_qp_solution,99.99999998577502,125.0,0.0
4,240,95,PPO-QP,20260805,90,5,1.4793,-1,0,hard_qp_solution,99.99999998577502,125.0,0.0
4,240,95,PPO-QP-no-penalty,20260805,90,1,1.4933,-1,0,hard_qp_solution,99.99999998577502,125.0,0.0
4,240,95,PPO-QP-no-penalty,20260805,90,2,1.4734,-1,0,hard_qp_solution,99.99999998577502,125.0,0.0
4,240,95,PPO-QP-no-penalty,20260805,90,3,1.461,-1,0,hard_qp_solution,99.99999998577502,125.0,0.0
4,240,95,PPO-QP-no-penalty,20260805,90,4,1.4687,-1,0,hard_qp_solution,99.99999998577502,125.0,0.0
4,240,95,PPO-QP-no-penalty,20260805,90,5,1.5009,-1,0,hard_qp_solution,99.99999998577502,125.0,0.0
4,240,95,Rule+QP,0,0,1,1.5595,-1,0,hard_qp_solution,99.99999998577502,125.0,0.0
4,240,95,Rule+QP,0,0,2,1.5586,-1,0,hard_qp_solution,99.99999998577502,125.0,0.0
4,240,95,Rule+QP,0,0,3,1.5378,-1,0,hard_qp_solution,99.99999998577502,125.0,0.0
4,240,95,Rule+QP,0,0,4,1.5426,-1,0,hard_qp_solution,99.99999998577502,125.0,0.0
4,240,95,Rule+QP,0,0,5,1.5683,-1,0,hard_qp_solution,99.99999998577502,125.0,0.0
4,240,95,MPC-H24+QP,0,0,1,2.3904,0,0,hard_qp_solution,99.99999998577502,125.0,0.0
4,240,95,MPC-H24+QP,0,0,2,2.3173,0,0,hard_qp_solution,99.99999998577502,125.0,0.0
4,240,95,MPC-H24+QP,0,0,3,2.4173,0,0,hard_qp_solution,99.99999998577502,125.0,0.0
4,240,95,MPC-H24+QP,0,0,4,2.3472,0,0,hard_qp_solution,99.99999998577502,125.0,0.0
4,240,95,MPC-H24+QP,0,0,5,2.3058,0,0,hard_qp_solution,99.99999998577502,125.0,0.0
4,240,95,NetLoadRule+QP,0,0,1,1.5525,-1,0,hard_qp_solution,99.99999998577502,125.0,0.0
4,240,95,NetLoadRule+QP,0,0,2,1.5743,-1,0,hard_qp_solution,99.99999998577502,125.0,0.0
4,240,95,NetLoadRule+QP,0,0,3,1.5573,-1,0,hard_qp_solution,99.99999998577502,125.0,0.0
4,240,95,NetLoadRule+QP,0,0,4,1.5467,-1,0,hard_qp_solution,99.99999998577502,125.0,0.0
4,240,95,NetLoadRule+QP,0,0,5,1.5358,-1,0,hard_qp_solution,99.99999998577502,125.0,0.0
4,240,95,MPC-H24-FRR+QP,0,0,1,2.3301,0,0,hard_qp_solution,99.99999998577502,125.0,0.0
4,240,95,MPC-H24-FRR+QP,0,0,2,2.3048,0,0,hard_qp_solution,99.99999998577502,125.0,0.0
4,240,95,MPC-H24-FRR+QP,0,0,3,2.3551,0,0,hard_qp_solution,99.99999998577502,125.0,0.0
4,240,95,MPC-H24-FRR+QP,0,0,4,2.3052,0,0,hard_qp_solution,99.99999998577502,125.0,0.0
4,240,95,MPC-H24-FRR+QP,0,0,5,2.2974,0,0,hard_qp_solution,99.99999998577502,125.0,0.0
5,252,0,PPO-QP-no-penalty,20260805,90,1,1.3643,-1,0,hard_qp_solution,45.0,113.15789473684211,0.0
5,252,0,PPO-QP-no-penalty,20260805,90,2,1.3639,-1,0,hard_qp_solution,45.0,113.15789473684211,0.0
5,252,0,PPO-QP-no-penalty,20260805,90,3,1.3646,-1,0,hard_qp_solution,45.0,113.15789473684211,0.0
5,252,0,PPO-QP-no-penalty,20260805,90,4,1.3654,-1,0,hard_qp_solution,45.0,113.15789473684211,0.0
5,252,0,PPO-QP-no-penalty,20260805,90,5,1.3406,-1,0,hard_qp_solution,45.0,113.15789473684211,0.0
5,252,0,Rule+QP,0,0,1,1.4557,-1,0,hard_qp_solution,3.553031930976332e-08,124.99999999064991,0.0
5,252,0,Rule+QP,0,0,2,1.4526,-1,0,hard_qp_solution,3.553031930976332e-08,124.99999999064991,0.0
5,252,0,Rule+QP,0,0,3,1.4593,-1,0,hard_qp_solution,3.553031930976332e-08,124.99999999064991,0.0
5,252,0,Rule+QP,0,0,4,1.467,-1,0,hard_qp_solution,3.553031930976332e-08,124.99999999064991,0.0
5,252,0,Rule+QP,0,0,5,1.4727,-1,0,hard_qp_solution,3.553031930976332e-08,124.99999999064991,0.0
5,252,0,MPC-H24+QP,0,0,1,19.9747,0,0,hard_qp_solution,44.99999998883866,113.1578947397793,0.0
5,252,0,MPC-H24+QP,0,0,2,19.6246,0,0,hard_qp_solution,44.99999998883866,113.1578947397793,0.0
5,252,0,MPC-H24+QP,0,0,3,20.0041,0,0,hard_qp_solution,44.99999998883866,113.1578947397793,0.0
5,252,0,MPC-H24+QP,0,0,4,20.448,0,0,hard_qp_solution,44.99999998883866,113.1578947397793,0.0
5,252,0,MPC-H24+QP,0,0,5,19.8527,0,0,hard_qp_solution,44.99999998883866,113.1578947397793,0.0
5,252,0,NetLoadRule+QP,0,0,1,1.7136,-1,0,hard_qp_solution,45.0,113.15789473684211,0.0
5,252,0,NetLoadRule+QP,0,0,2,1.5634,-1,0,hard_qp_solution,45.0,113.15789473684211,0.0
5,252,0,NetLoadRule+QP,0,0,3,1.4728,-1,0,hard_qp_solution,45.0,113.15789473684211,0.0
5,252,0,NetLoadRule+QP,0,0,4,1.4921,-1,0,hard_qp_solution,45.0,113.15789473684211,0.0
5,252,0,NetLoadRule+QP,0,0,5,1.4997,-1,0,hard_qp_solution,45.0,113.15789473684211,0.0
5,252,0,MPC-H24-FRR+QP,0,0,1,24.9811,0,0,hard_qp_solution,44.99999998883866,113.1578947397793,0.0
5,252,0,MPC-H24-FRR+QP,0,0,2,27.1414,0,0,hard_qp_solution,44.99999998883866,113.1578947397793,0.0
5,252,0,MPC-H24-FRR+QP,0,0,3,28.9143,0,0,hard_qp_solution,44.99999998883866,113.1578947397793,0.0
5,252,0,MPC-H24-FRR+QP,0,0,4,29.1645,0,0,hard_qp_solution,44.99999998883866,113.1578947397793,0.0
5,252,0,MPC-H24-FRR+QP,0,0,5,28.466,0,0,hard_qp_solution,44.99999998883866,113.1578947397793,0.0
5,252,0,PPO-QP,20260805,90,1,1.5116,-1,0,hard_qp_solution,43.8316688358421,113.46535030635734,0.0
5,252,0,PPO-QP,20260805,90,2,1.8743,-1,0,hard_qp_solution,43.8316688358421,113.46535030635734,0.0
5,252,0,PPO-QP,20260805,90,3,1.6109,-1,0,hard_qp_solution,43.8316688358421,113.46535030635734,0.0
5,252,0,PPO-QP,20260805,90,4,1.6873,-1,0,hard_qp_solution,43.8316688358421,113.46535030635734,0.0
5,252,0,PPO-QP,20260805,90,5,1.5335,-1,0,hard_qp_solution,43.8316688358421,113.46535030635734,0.0
6,252,24,Rule+QP,0,0,1,1.6291,-1,0,hard_qp_solution,8.70354092981808e-09,149.93749991483176,0.0
6,252,24,Rule+QP,0,0,2,1.7208,-1,0,hard_qp_solution,8.70354092981808e-09,149.93749991483176,0.0
6,252,24,Rule+QP,0,0,3,1.8961,-1,0,hard_qp_solution,8.70354092981808e-09,149.93749991483176,0.0
6,252,24,Rule+QP,0,0,4,1.4878,-1,0,hard_qp_solution,8.70354092981808e-09,149.93749991483176,0.0
6,252,24,Rule+QP,0,0,5,1.8648,-1,0,hard_qp_solution,8.70354092981808e-09,149.93749991483176,0.0
6,252,24,MPC-H24+QP,0,0,1,19.5727,0,0,hard_qp_solution,45.00000000870354,138.09539465167384,0.0
6,252,24,MPC-H24+QP,0,0,2,18.8546,0,0,hard_qp_solution,45.00000000870354,138.09539465167384,0.0
6,252,24,MPC-H24+QP,0,0,3,18.5989,0,0,hard_qp_solution,45.00000000870354,138.09539465167384,0.0
6,252,24,MPC-H24+QP,0,0,4,18.9963,0,0,hard_qp_solution,45.00000000870354,138.09539465167384,0.0
6,252,24,MPC-H24+QP,0,0,5,18.5685,0,0,hard_qp_solution,45.00000000870354,138.09539465167384,0.0
6,252,24,NetLoadRule+QP,0,0,1,1.9046,-1,0,hard_qp_solution,45.00000000870354,138.09539465167384,0.0
6,252,24,NetLoadRule+QP,0,0,2,2.0158,-1,0,hard_qp_solution,45.00000000870354,138.09539465167384,0.0
6,252,24,NetLoadRule+QP,0,0,3,1.7867,-1,0,hard_qp_solution,45.00000000870354,138.09539465167384,0.0
6,252,24,NetLoadRule+QP,0,0,4,1.8808,-1,0,hard_qp_solution,45.00000000870354,138.09539465167384,0.0
6,252,24,NetLoadRule+QP,0,0,5,1.4835,-1,0,hard_qp_solution,45.00000000870354,138.09539465167384,0.0
6,252,24,MPC-H24-FRR+QP,0,0,1,14.7171,0,0,hard_qp_solution,45.00000000870354,138.09539465167384,0.0
6,252,24,MPC-H24-FRR+QP,0,0,2,14.6666,0,0,hard_qp_solution,45.00000000870354,138.09539465167384,0.0
6,252,24,MPC-H24-FRR+QP,0,0,3,14.6879,0,0,hard_qp_solution,45.00000000870354,138.09539465167384,0.0
6,252,24,MPC-H24-FRR+QP,0,0,4,14.6477,0,0,hard_qp_solution,45.00000000870354,138.09539465167384,0.0
6,252,24,MPC-H24-FRR+QP,0,0,5,14.2712,0,0,hard_qp_solution,45.00000000870354,138.09539465167384,0.0
6,252,24,PPO-QP,20260805,90,1,1.4379,-1,0,hard_qp_solution,45.00000000870354,138.09539465167384,0.0
6,252,24,PPO-QP,20260805,90,2,1.8329,-1,0,hard_qp_solution,45.00000000870354,138.09539465167384,0.0
6,252,24,PPO-QP,20260805,90,3,1.4193,-1,0,hard_qp_solution,45.00000000870354,138.09539465167384,0.0
6,252,24,PPO-QP,20260805,90,4,1.7492,-1,0,hard_qp_solution,45.00000000870354,138.09539465167384,0.0
6,252,24,PPO-QP,20260805,90,5,1.4487,-1,0,hard_qp_solution,45.00000000870354,138.09539465167384,0.0
6,252,24,PPO-QP-no-penalty,20260805,90,1,1.4165,-1,0,hard_qp_solution,45.00000000870354,138.09539465167384,0.0
6,252,24,PPO-QP-no-penalty,20260805,90,2,1.6722,-1,0,hard_qp_solution,45.00000000870354,138.09539465167384,0.0
6,252,24,PPO-QP-no-penalty,20260805,90,3,1.4182,-1,0,hard_qp_solution,45.00000000870354,138.09539465167384,0.0
6,252,24,PPO-QP-no-penalty,20260805,90,4,1.5555,-1,0,hard_qp_solution,45.00000000870354,138.09539465167384,0.0
6,252,24,PPO-QP-no-penalty,20260805,90,5,1.4787,-1,0,hard_qp_solution,45.00000000870354,138.09539465167384,0.0
7,252,48,MPC-H24+QP,0,0,1,235.3166,0,0,phase2_solution,0.9999998664459688,224.73684214040895,107.08287335912304
7,252,48,MPC-H24+QP,0,0,2,229.0979,0,0,phase2_solution,0.9999998664459688,224.73684214040895,107.08287335912304
7,252,48,MPC-H24+QP,0,0,3,228.3215,0,0,phase2_solution,0.9999998664459688,224.73684214040895,107.08287335912304
7,252,48,MPC-H24+QP,0,0,4,227.826,0,0,phase2_solution,0.9999998664459688,224.73684214040895,107.08287335912304
7,252,48,MPC-H24+QP,0,0,5,227.8697,0,0,phase2_solution,0.9999998664459688,224.73684214040895,107.08287335912304
7,252,48,NetLoadRule+QP,0,0,1,3.814,-1,0,phase2_solution,-0.0,225.0,106.08287349267708
7,252,48,NetLoadRule+QP,0,0,2,3.9219,-1,0,phase2_solution,-0.0,225.0,106.08287349267708
7,252,48,NetLoadRule+QP,0,0,3,3.7474,-1,0,phase2_solution,-0.0,225.0,106.08287349267708
7,252,48,NetLoadRule+QP,0,0,4,3.7313,-1,0,phase2_solution,-0.0,225.0,106.08287349267708
7,252,48,NetLoadRule+QP,0,0,5,3.764,-1,0,phase2_solution,-0.0,225.0,106.08287349267708
7,252,48,MPC-H24-FRR+QP,0,0,1,144.0702,0,0,phase2_solution,0.9999998664459688,224.73684214040895,107.08287335912304
7,252,48,MPC-H24-FRR+QP,0,0,2,144.6727,0,0,phase2_solution,0.9999998664459688,224.73684214040895,107.08287335912304
7,252,48,MPC-H24-FRR+QP,0,0,3,143.8193,0,0,phase2_solution,0.9999998664459688,224.73684214040895,107.08287335912304
7,252,48,MPC-H24-FRR+QP,0,0,4,143.4782,0,0,phase2_solution,0.9999998664459688,224.73684214040895,107.08287335912304
7,252,48,MPC-H24-FRR+QP,0,0,5,143.102,0,0,phase2_solution,0.9999998664459688,224.73684214040895,107.08287335912304
7,252,48,PPO-QP,20260805,90,1,3.83,-1,0,phase2_solution,0.9999998531308477,224.73684214391292,107.08287334580793
7,252,48,PPO-QP,20260805,90,2,3.7642,-1,0,phase2_solution,0.9999998531308477,224.73684214391292,107.08287334580793
7,252,48,PPO-QP,20260805,90,3,3.825,-1,0,phase2_solution,0.9999998531308477,224.73684214391292,107.08287334580793
7,252,48,PPO-QP,20260805,90,4,3.7663,-1,0,phase2_solution,0.9999998531308477,224.73684214391292,107.08287334580793
7,252,48,PPO-QP,20260805,90,5,3.772,-1,0,phase2_solution,0.9999998531308477,224.73684214391292,107.08287334580793
7,252,48,PPO-QP-no-penalty,20260805,90,1,3.9572,-1,0,phase2_solution,0.9999998405004589,224.73684214723673,107.08287333317755
7,252,48,PPO-QP-no-penalty,20260805,90,2,3.7706,-1,0,phase2_solution,0.9999998405004589,224.73684214723673,107.08287333317755
7,252,48,PPO-QP-no-penalty,20260805,90,3,3.6855,-1,0,phase2_solution,0.9999998405004589,224.73684214723673,107.08287333317755
7,252,48,PPO-QP-no-penalty,20260805,90,4,3.8109,-1,0,phase2_solution,0.9999998405004589,224.73684214723673,107.08287333317755
7,252,48,PPO-QP-no-penalty,20260805,90,5,3.8671,-1,0,phase2_solution,0.9999998405004589,224.73684214723673,107.08287333317755
7,252,48,Rule+QP,0,0,1,3.828,-1,0,phase2_solution,-0.0,225.0,106.08287349267708
7,252,48,Rule+QP,0,0,2,3.7933,-1,0,phase2_solution,-0.0,225.0,106.08287349267708
7,252,48,Rule+QP,0,0,3,3.8357,-1,0,phase2_solution,-0.0,225.0,106.08287349267708
7,252,48,Rule+QP,0,0,4,3.7866,-1,0,phase2_solution,-0.0,225.0,106.08287349267708
7,252,48,Rule+QP,0,0,5,3.7505,-1,0,phase2_solution,-0.0,225.0,106.08287349267708
8,252,72,NetLoadRule+QP,0,0,1,1.3698,-1,0,hard_qp_solution,44.99999999999994,213.15789473380187,0.0
8,252,72,NetLoadRule+QP,0,0,2,1.3685,-1,0,hard_qp_solution,44.99999999999994,213.15789473380187,0.0
8,252,72,NetLoadRule+QP,0,0,3,1.4107,-1,0,hard_qp_solution,44.99999999999994,213.15789473380187,0.0
8,252,72,NetLoadRule+QP,0,0,4,1.4142,-1,0,hard_qp_solution,44.99999999999994,213.15789473380187,0.0
8,252,72,NetLoadRule+QP,0,0,5,1.391,-1,0,hard_qp_solution,44.99999999999994,213.15789473380187,0.0
8,252,72,MPC-H24-FRR+QP,0,0,1,9.8085,0,0,hard_qp_solution,3.3180378588601234e-08,224.99999998822807,0.0
8,252,72,MPC-H24-FRR+QP,0,0,2,9.7664,0,0,hard_qp_solution,3.3180378588601234e-08,224.99999998822807,0.0
8,252,72,MPC-H24-FRR+QP,0,0,3,9.668,0,0,hard_qp_solution,3.3180378588601234e-08,224.99999998822807,0.0
8,252,72,MPC-H24-FRR+QP,0,0,4,9.6221,0,0,hard_qp_solution,3.3180378588601234e-08,224.99999998822807,0.0
8,252,72,MPC-H24-FRR+QP,0,0,5,9.8389,0,0,hard_qp_solution,3.3180378588601234e-08,224.99999998822807,0.0
8,252,72,PPO-QP,20260805,90,1,1.4466,-1,0,hard_qp_solution,44.99999999999994,213.15789473380187,0.0
8,252,72,PPO-QP,20260805,90,2,1.4105,-1,0,hard_qp_solution,44.99999999999994,213.15789473380187,0.0
8,252,72,PPO-QP,20260805,90,3,1.3975,-1,0,hard_qp_solution,44.99999999999994,213.15789473380187,0.0
8,252,72,PPO-QP,20260805,90,4,1.3706,-1,0,hard_qp_solution,44.99999999999994,213.15789473380187,0.0
8,252,72,PPO-QP,20260805,90,5,1.3876,-1,0,hard_qp_solution,44.99999999999994,213.15789473380187,0.0
8,252,72,PPO-QP-no-penalty,20260805,90,1,1.3839,-1,0,hard_qp_solution,44.99999999999994,213.15789473380187,0.0
8,252,72,PPO-QP-no-penalty,20260805,90,2,1.4401,-1,0,hard_qp_solution,44.99999999999994,213.15789473380187,0.0
8,252,72,PPO-QP-no-penalty,20260805,90,3,1.4944,-1,0,hard_qp_solution,44.99999999999994,213.15789473380187,0.0
8,252,72,PPO-QP-no-penalty,20260805,90,4,1.4271,-1,0,hard_qp_solution,44.99999999999994,213.15789473380187,0.0
8,252,72,PPO-QP-no-penalty,20260805,90,5,1.4609,-1,0,hard_qp_solution,44.99999999999994,213.15789473380187,0.0
8,252,72,Rule+QP,0,0,1,1.4695,-1,0,hard_qp_solution,4.1060352887688025e-08,224.9999999861544,0.0
8,252,72,Rule+QP,0,0,2,1.4783,-1,0,hard_qp_solution,4.1060352887688025e-08,224.9999999861544,0.0
8,252,72,Rule+QP,0,0,3,1.4706,-1,0,hard_qp_solution,4.1060352887688025e-08,224.9999999861544,0.0
8,252,72,Rule+QP,0,0,4,1.4814,-1,0,hard_qp_solution,4.1060352887688025e-08,224.9999999861544,0.0
8,252,72,Rule+QP,0,0,5,1.4501,-1,0,hard_qp_solution,4.1060352887688025e-08,224.9999999861544,0.0
8,252,72,MPC-H24+QP,0,0,1,8.9601,0,0,hard_qp_solution,3.4124486938420706e-08,224.99999998797963,0.0
8,252,72,MPC-H24+QP,0,0,2,8.5459,0,0,hard_qp_solution,3.4124486938420706e-08,224.99999998797963,0.0
8,252,72,MPC-H24+QP,0,0,3,8.871,0,0,hard_qp_solution,3.4124486938420706e-08,224.99999998797963,0.0
8,252,72,MPC-H24+QP,0,0,4,9.1537,0,0,hard_qp_solution,3.4124486938420706e-08,224.99999998797963,0.0
8,252,72,MPC-H24+QP,0,0,5,9.1238,0,0,hard_qp_solution,3.4124486938420706e-08,224.99999998797963,0.0
9,252,95,MPC-H24-FRR+QP,0,0,1,2.5412,0,0,hard_qp_solution,99.99999998575731,125.0,0.0
9,252,95,MPC-H24-FRR+QP,0,0,2,2.5211,0,0,hard_qp_solution,99.99999998575731,125.0,0.0
9,252,95,MPC-H24-FRR+QP,0,0,3,2.5081,0,0,hard_qp_solution,99.99999998575731,125.0,0.0
9,252,95,MPC-H24-FRR+QP,0,0,4,2.4328,0,0,hard_qp_solution,99.99999998575731,125.0,0.0
9,252,95,MPC-H24-FRR+QP,0,0,5,2.3957,0,0,hard_qp_solution,99.99999998575731,125.0,0.0
9,252,95,PPO-QP,20260805,90,1,1.5597,-1,0,hard_qp_solution,99.99999998575731,125.0,0.0
9,252,95,PPO-QP,20260805,90,2,1.538,-1,0,hard_qp_solution,99.99999998575731,125.0,0.0
9,252,95,PPO-QP,20260805,90,3,1.5598,-1,0,hard_qp_solution,99.99999998575731,125.0,0.0
9,252,95,PPO-QP,20260805,90,4,1.523,-1,0,hard_qp_solution,99.99999998575731,125.0,0.0
9,252,95,PPO-QP,20260805,90,5,1.483,-1,0,hard_qp_solution,99.99999998575731,125.0,0.0
9,252,95,PPO-QP-no-penalty,20260805,90,1,1.499,-1,0,hard_qp_solution,99.99999998575731,125.0,0.0
9,252,95,PPO-QP-no-penalty,20260805,90,2,1.569,-1,0,hard_qp_solution,99.99999998575731,125.0,0.0
9,252,95,PPO-QP-no-penalty,20260805,90,3,1.4806,-1,0,hard_qp_solution,99.99999998575731,125.0,0.0
9,252,95,PPO-QP-no-penalty,20260805,90,4,1.4909,-1,0,hard_qp_solution,99.99999998575731,125.0,0.0
9,252,95,PPO-QP-no-penalty,20260805,90,5,1.4914,-1,0,hard_qp_solution,99.99999998575731,125.0,0.0
9,252,95,Rule+QP,0,0,1,1.5082,-1,0,hard_qp_solution,99.99999998575731,125.0,0.0
9,252,95,Rule+QP,0,0,2,1.5424,-1,0,hard_qp_solution,99.99999998575731,125.0,0.0
9,252,95,Rule+QP,0,0,3,1.4975,-1,0,hard_qp_solution,99.99999998575731,125.0,0.0
9,252,95,Rule+QP,0,0,4,1.5336,-1,0,hard_qp_solution,99.99999998575731,125.0,0.0
9,252,95,Rule+QP,0,0,5,1.5106,-1,0,hard_qp_solution,99.99999998575731,125.0,0.0
9,252,95,MPC-H24+QP,0,0,1,2.3461,0,0,hard_qp_solution,99.99999998575731,125.0,0.0
9,252,95,MPC-H24+QP,0,0,2,2.3169,0,0,hard_qp_solution,99.99999998575731,125.0,0.0
9,252,95,MPC-H24+QP,0,0,3,2.3126,0,0,hard_qp_solution,99.99999998575731,125.0,0.0
9,252,95,MPC-H24+QP,0,0,4,2.2922,0,0,hard_qp_solution,99.99999998575731,125.0,0.0
9,252,95,MPC-H24+QP,0,0,5,2.3535,0,0,hard_qp_solution,99.99999998575731,125.0,0.0
9,252,95,NetLoadRule+QP,0,0,1,1.4909,-1,0,hard_qp_solution,99.99999998575731,125.0,0.0
9,252,95,NetLoadRule+QP,0,0,2,1.5524,-1,0,hard_qp_solution,99.99999998575731,125.0,0.0
9,252,95,NetLoadRule+QP,0,0,3,1.5088,-1,0,hard_qp_solution,99.99999998575731,125.0,0.0
9,252,95,NetLoadRule+QP,0,0,4,1.515,-1,0,hard_qp_solution,99.99999998575731,125.0,0.0
9,252,95,NetLoadRule+QP,0,0,5,1.4839,-1,0,hard_qp_solution,99.99999998575731,125.0,0.0
10,264,0,PPO-QP,20260805,90,1,1.3921,-1,0,hard_qp_solution,36.02150874113735,115.52065559443754,0.0
10,264,0,PPO-QP,20260805,90,2,1.352,-1,0,hard_qp_solution,36.02150874113735,115.52065559443754,0.0
10,264,0,PPO-QP,20260805,90,3,1.373,-1,0,hard_qp_solution,36.02150874113735,115.52065559443754,0.0
10,264,0,PPO-QP,20260805,90,4,1.3647,-1,0,hard_qp_solution,36.02150874113735,115.52065559443754,0.0
10,264,0,PPO-QP,20260805,90,5,1.3469,-1,0,hard_qp_solution,36.02150874113735,115.52065559443754,0.0
10,264,0,PPO-QP-no-penalty,20260805,90,1,1.3436,-1,0,hard_qp_solution,39.17340196526416,114.691210009141,0.0
10,264,0,PPO-QP-no-penalty,20260805,90,2,1.3335,-1,0,hard_qp_solution,39.17340196526416,114.691210009141,0.0
10,264,0,PPO-QP-no-penalty,20260805,90,3,1.3393,-1,0,hard_qp_solution,39.17340196526416,114.691210009141,0.0
10,264,0,PPO-QP-no-penalty,20260805,90,4,1.464,-1,0,hard_qp_solution,39.17340196526416,114.691210009141,0.0
10,264,0,PPO-QP-no-penalty,20260805,90,5,1.3772,-1,0,hard_qp_solution,39.17340196526416,114.691210009141,0.0
10,264,0,Rule+QP,0,0,1,1.4118,-1,0,hard_qp_solution,3.5534356661180194e-08,124.99999999064886,0.0
10,264,0,Rule+QP,0,0,2,1.41,-1,0,hard_qp_solution,3.5534356661180194e-08,124.99999999064886,0.0
10,264,0,Rule+QP,0,0,3,1.3996,-1,0,hard_qp_solution,3.5534356661180194e-08,124.99999999064886,0.0
10,264,0,Rule+QP,0,0,4,1.4096,-1,0,hard_qp_solution,3.5534356661180194e-08,124.99999999064886,0.0
10,264,0,Rule+QP,0,0,5,1.4125,-1,0,hard_qp_solution,3.5534356661180194e-08,124.99999999064886,0.0
10,264,0,MPC-H24+QP,0,0,1,25.697,0,0,hard_qp_solution,44.99999998883866,113.1578947397793,0.0
10,264,0,MPC-H24+QP,0,0,2,25.2256,0,0,hard_qp_solution,44.99999998883866,113.1578947397793,0.0
10,264,0,MPC-H24+QP,0,0,3,24.9878,0,0,hard_qp_solution,44.99999998883866,113.1578947397793,0.0
10,264,0,MPC-H24+QP,0,0,4,24.3684,0,0,hard_qp_solution,44.99999998883866,113.1578947397793,0.0
10,264,0,MPC-H24+QP,0,0,5,24.8974,0,0,hard_qp_solution,44.99999998883866,113.1578947397793,0.0
10,264,0,NetLoadRule+QP,0,0,1,1.5231,-1,0,hard_qp_solution,45.0,113.15789473684211,0.0
10,264,0,NetLoadRule+QP,0,0,2,1.4761,-1,0,hard_qp_solution,45.0,113.15789473684211,0.0
10,264,0,NetLoadRule+QP,0,0,3,1.4672,-1,0,hard_qp_solution,45.0,113.15789473684211,0.0
10,264,0,NetLoadRule+QP,0,0,4,1.4556,-1,0,hard_qp_solution,45.0,113.15789473684211,0.0
10,264,0,NetLoadRule+QP,0,0,5,1.5033,-1,0,hard_qp_solution,45.0,113.15789473684211,0.0
10,264,0,MPC-H24-FRR+QP,0,0,1,25.9916,0,0,hard_qp_solution,44.99999998883866,113.1578947397793,0.0
10,264,0,MPC-H24-FRR+QP,0,0,2,25.9769,0,0,hard_qp_solution,44.99999998883866,113.1578947397793,0.0
10,264,0,MPC-H24-FRR+QP,0,0,3,25.6243,0,0,hard_qp_solution,44.99999998883866,113.1578947397793,0.0
10,264,0,MPC-H24-FRR+QP,0,0,4,25.7864,0,0,hard_qp_solution,44.99999998883866,113.1578947397793,0.0
10,264,0,MPC-H24-FRR+QP,0,0,5,26.2033,0,0,hard_qp_solution,44.99999998883866,113.1578947397793,0.0
11,264,24,PPO-QP-no-penalty,20260805,90,1,1.5622,-1,0,hard_qp_solution,45.00000000870748,129.78289465736057,0.0
11,264,24,PPO-QP-no-penalty,20260805,90,2,1.544,-1,0,hard_qp_solution,45.00000000870748,129.78289465736057,0.0
11,264,24,PPO-QP-no-penalty,20260805,90,3,1.4496,-1,0,hard_qp_solution,45.00000000870748,129.78289465736057,0.0
11,264,24,PPO-QP-no-penalty,20260805,90,4,1.4117,-1,0,hard_qp_solution,45.00000000870748,129.78289465736057,0.0
11,264,24,PPO-QP-no-penalty,20260805,90,5,1.4022,-1,0,hard_qp_solution,45.00000000870748,129.78289465736057,0.0
11,264,24,Rule+QP,0,0,1,1.4715,-1,0,hard_qp_solution,8.707478539104724e-09,141.62499992051846,0.0
11,264,24,Rule+QP,0,0,2,1.4471,-1,0,hard_qp_solution,8.707478539104724e-09,141.62499992051846,0.0
11,264,24,Rule+QP,0,0,3,1.5848,-1,0,hard_qp_solution,8.707478539104724e-09,141.62499992051846,0.0
11,264,24,Rule+QP,0,0,4,1.4887,-1,0,hard_qp_solution,8.707478539104724e-09,141.62499992051846,0.0
11,264,24,Rule+QP,0,0,5,1.4596,-1,0,hard_qp_solution,8.707478539104724e-09,141.62499992051846,0.0
11,264,24,MPC-H24+QP,0,0,1,27.611,0,0,hard_qp_solution,26.405084794259885,134.67629339800467,0.0
11,264,24,MPC-H24+QP,0,0,2,27.4926,0,0,hard_qp_solution,26.405084794259885,134.67629339800467,0.0
11,264,24,MPC-H24+QP,0,0,3,27.7918,0,0,hard_qp_solution,26.405084794259885,134.67629339800467,0.0
11,264,24,MPC-H24+QP,0,0,4,27.7144,0,0,hard_qp_solution,26.405084794259885,134.67629339800467,0.0
11,264,24,MPC-H24+QP,0,0,5,27.3927,0,0,hard_qp_solution,26.405084794259885,134.67629339800467,0.0
11,264,24,NetLoadRule+QP,0,0,1,1.6626,-1,0,hard_qp_solution,45.00000000870748,129.78289465736057,0.0
11,264,24,NetLoadRule+QP,0,0,2,1.5357,-1,0,hard_qp_solution,45.00000000870748,129.78289465736057,0.0
11,264,24,NetLoadRule+QP,0,0,3,1.5084,-1,0,hard_qp_solution,45.00000000870748,129.78289465736057,0.0
11,264,24,NetLoadRule+QP,0,0,4,1.449,-1,0,hard_qp_solution,45.00000000870748,129.78289465736057,0.0
11,264,24,NetLoadRule+QP,0,0,5,1.4186,-1,0,hard_qp_solution,45.00000000870748,129.78289465736057,0.0
11,264,24,MPC-H24-FRR+QP,0,0,1,31.8858,0,0,hard_qp_solution,45.00000000870748,129.78289465736057,0.0
11,264,24,MPC-H24-FRR+QP,0,0,2,31.6039,0,0,hard_qp_solution,45.00000000870748,129.78289465736057,0.0
11,264,24,MPC-H24-FRR+QP,0,0,3,31.0888,0,0,hard_qp_solution,45.00000000870748,129.78289465736057,0.0
11,264,24,MPC-H24-FRR+QP,0,0,4,31.3065,0,0,hard_qp_solution,45.00000000870748,129.78289465736057,0.0
11,264,24,MPC-H24-FRR+QP,0,0,5,30.3587,0,0,hard_qp_solution,45.00000000870748,129.78289465736057,0.0
11,264,24,PPO-QP,20260805,90,1,1.4836,-1,0,hard_qp_solution,45.00000000870748,129.78289465736057,0.0
11,264,24,PPO-QP,20260805,90,2,1.5194,-1,0,hard_qp_solution,45.00000000870748,129.78289465736057,0.0
11,264,24,PPO-QP,20260805,90,3,1.4811,-1,0,hard_qp_solution,45.00000000870748,129.78289465736057,0.0
11,264,24,PPO-QP,20260805,90,4,1.4079,-1,0,hard_qp_solution,45.00000000870748,129.78289465736057,0.0
11,264,24,PPO-QP,20260805,90,5,1.4501,-1,0,hard_qp_solution,45.00000000870748,129.78289465736057,0.0
12,264,48,Rule+QP,0,0,1,3.9729,-1,0,phase2_solution,-0.0,225.0,38.68716446341133
12,264,48,Rule+QP,0,0,2,3.8347,-1,0,phase2_solution,-0.0,225.0,38.68716446341133
12,264,48,Rule+QP,0,0,3,3.8152,-1,0,phase2_solution,-0.0,225.0,38.68716446341133
12,264,48,Rule+QP,0,0,4,3.849,-1,0,phase2_solution,-0.0,225.0,38.68716446341133
12,264,48,Rule+QP,0,0,5,3.7823,-1,0,phase2_solution,-0.0,225.0,38.68716446341133
12,264,48,MPC-H24+QP,0,0,1,40.3557,0,0,phase2_solution,0.9999980072020387,224.73684262968368,39.687162470613366
12,264,48,MPC-H24+QP,0,0,2,40.3312,0,0,phase2_solution,0.9999980072020387,224.73684262968368,39.687162470613366
12,264,48,MPC-H24+QP,0,0,3,40.3672,0,0,phase2_solution,0.9999980072020387,224.73684262968368,39.687162470613366
12,264,48,MPC-H24+QP,0,0,4,41.1941,0,0,phase2_solution,0.9999980072020387,224.73684262968368,39.687162470613366
12,264,48,MPC-H24+QP,0,0,5,40.6632,0,0,phase2_solution,0.9999980072020387,224.73684262968368,39.687162470613366
12,264,48,NetLoadRule+QP,0,0,1,3.8651,-1,0,phase2_solution,-0.0,225.0,38.68716446341133
12,264,48,NetLoadRule+QP,0,0,2,3.7181,-1,0,phase2_solution,-0.0,225.0,38.68716446341133
12,264,48,NetLoadRule+QP,0,0,3,3.8468,-1,0,phase2_solution,-0.0,225.0,38.68716446341133
12,264,48,NetLoadRule+QP,0,0,4,3.7436,-1,0,phase2_solution,-0.0,225.0,38.68716446341133
12,264,48,NetLoadRule+QP,0,0,5,3.707,-1,0,phase2_solution,-0.0,225.0,38.68716446341133
12,264,48,MPC-H24-FRR+QP,0,0,1,24.8449,0,0,phase2_solution,0.9999980072020364,224.73684262968368,39.687162470613366
12,264,48,MPC-H24-FRR+QP,0,0,2,24.3729,0,0,phase2_solution,0.9999980072020364,224.73684262968368,39.687162470613366
12,264,48,MPC-H24-FRR+QP,0,0,3,24.208,0,0,phase2_solution,0.9999980072020364,224.73684262968368,39.687162470613366
12,264,48,MPC-H24-FRR+QP,0,0,4,24.1424,0,0,phase2_solution,0.9999980072020364,224.73684262968368,39.687162470613366
12,264,48,MPC-H24-FRR+QP,0,0,5,23.9591,0,0,phase2_solution,0.9999980072020364,224.73684262968368,39.687162470613366
12,264,48,PPO-QP,20260805,90,1,3.8617,-1,0,phase2_solution,0.9999982914860502,224.73684255487208,39.68716275489738
12,264,48,PPO-QP,20260805,90,2,3.8437,-1,0,phase2_solution,0.9999982914860502,224.73684255487208,39.68716275489738
12,264,48,PPO-QP,20260805,90,3,3.892,-1,0,phase2_solution,0.9999982914860502,224.73684255487208,39.68716275489738
12,264,48,PPO-QP,20260805,90,4,3.8008,-1,0,phase2_solution,0.9999982914860502,224.73684255487208,39.68716275489738
12,264,48,PPO-QP,20260805,90,5,3.753,-1,0,phase2_solution,0.9999982914860502,224.73684255487208,39.68716275489738
12,264,48,PPO-QP-no-penalty,20260805,90,1,3.7164,-1,0,phase2_solution,0.9999983202046037,224.73684254731458,39.687162783615925
12,264,48,PPO-QP-no-penalty,20260805,90,2,3.7221,-1,0,phase2_solution,0.9999983202046037,224.73684254731458,39.687162783615925
12,264,48,PPO-QP-no-penalty,20260805,90,3,3.7547,-1,0,phase2_solution,0.9999983202046037,224.73684254731458,39.687162783615925
12,264,48,PPO-QP-no-penalty,20260805,90,4,3.7524,-1,0,phase2_solution,0.9999983202046037,224.73684254731458,39.687162783615925
12,264,48,PPO-QP-no-penalty,20260805,90,5,3.7479,-1,0,phase2_solution,0.9999983202046037,224.73684254731458,39.687162783615925
13,264,72,MPC-H24+QP,0,0,1,9.5046,0,0,hard_qp_solution,2.178895856291264e-08,224.9999999880629,0.0
13,264,72,MPC-H24+QP,0,0,2,9.3469,0,0,hard_qp_solution,2.178895856291264e-08,224.9999999880629,0.0
13,264,72,MPC-H24+QP,0,0,3,9.595,0,0,hard_qp_solution,2.178895856291264e-08,224.9999999880629,0.0
13,264,72,MPC-H24+QP,0,0,4,9.2821,0,0,hard_qp_solution,2.178895856291264e-08,224.9999999880629,0.0
13,264,72,MPC-H24+QP,0,0,5,9.4096,0,0,hard_qp_solution,2.178895856291264e-08,224.9999999880629,0.0
13,264,72,NetLoadRule+QP,0,0,1,1.5433,-1,0,hard_qp_solution,1.9895448431922605e-08,224.9999999885612,0.0
13,264,72,NetLoadRule+QP,0,0,2,1.5535,-1,0,hard_qp_solution,1.9895448431922605e-08,224.9999999885612,0.0
13,264,72,NetLoadRule+QP,0,0,3,1.4939,-1,0,hard_qp_solution,1.9895448431922605e-08,224.9999999885612,0.0
13,264,72,NetLoadRule+QP,0,0,4,1.4934,-1,0,hard_qp_solution,1.9895448431922605e-08,224.9999999885612,0.0
13,264,72,NetLoadRule+QP,0,0,5,1.5046,-1,0,hard_qp_solution,1.9895448431922605e-08,224.9999999885612,0.0
13,264,72,MPC-H24-FRR+QP,0,0,1,10.1695,0,0,hard_qp_solution,1.986277579650709e-08,224.9999999885698,0.0
13,264,72,MPC-H24-FRR+QP,0,0,2,10.1459,0,0,hard_qp_solution,1.986277579650709e-08,224.9999999885698,0.0
13,264,72,MPC-H24-FRR+QP,0,0,3,10.0502,0,0,hard_qp_solution,1.986277579650709e-08,224.9999999885698,0.0
13,264,72,MPC-H24-FRR+QP,0,0,4,10.1496,0,0,hard_qp_solution,1.986277579650709e-08,224.9999999885698,0.0
13,264,72,MPC-H24-FRR+QP,0,0,5,10.1615,0,0,hard_qp_solution,1.986277579650709e-08,224.9999999885698,0.0
13,264,72,PPO-QP,20260805,90,1,1.4505,-1,0,hard_qp_solution,44.836750192822215,213.20085520621205,0.0
13,264,72,PPO-QP,20260805,90,2,1.4326,-1,0,hard_qp_solution,44.836750192822215,213.20085520621205,0.0
13,264,72,PPO-QP,20260805,90,3,1.3988,-1,0,hard_qp_solution,44.836750192822215,213.20085520621205,0.0
13,264,72,PPO-QP,20260805,90,4,1.3988,-1,0,hard_qp_solution,44.836750192822215,213.20085520621205,0.0
13,264,72,PPO-QP,20260805,90,5,1.4138,-1,0,hard_qp_solution,44.836750192822215,213.20085520621205,0.0
13,264,72,PPO-QP-no-penalty,20260805,90,1,1.3714,-1,0,hard_qp_solution,45.000000012019036,213.15789472747605,0.0
13,264,72,PPO-QP-no-penalty,20260805,90,2,1.3444,-1,0,hard_qp_solution,45.000000012019036,213.15789472747605,0.0
13,264,72,PPO-QP-no-penalty,20260805,90,3,1.398,-1,0,hard_qp_solution,45.000000012019036,213.15789472747605,0.0
13,264,72,PPO-QP-no-penalty,20260805,90,4,1.369,-1,0,hard_qp_solution,45.000000012019036,213.15789472747605,0.0
13,264,72,PPO-QP-no-penalty,20260805,90,5,1.363,-1,0,hard_qp_solution,45.000000012019036,213.15789472747605,0.0
13,264,72,Rule+QP,0,0,1,1.4524,-1,0,hard_qp_solution,1.6323487992553664e-08,224.9999999895012,0.0
13,264,72,Rule+QP,0,0,2,1.4619,-1,0,hard_qp_solution,1.6323487992553664e-08,224.9999999895012,0.0
13,264,72,Rule+QP,0,0,3,1.4418,-1,0,hard_qp_solution,1.6323487992553664e-08,224.9999999895012,0.0
13,264,72,Rule+QP,0,0,4,1.4514,-1,0,hard_qp_solution,1.6323487992553664e-08,224.9999999895012,0.0
13,264,72,Rule+QP,0,0,5,1.4491,-1,0,hard_qp_solution,1.6323487992553664e-08,224.9999999895012,0.0
14,264,95,NetLoadRule+QP,0,0,1,1.5259,-1,0,hard_qp_solution,99.99999998575731,125.0,0.0
14,264,95,NetLoadRule+QP,0,0,2,1.5286,-1,0,hard_qp_solution,99.99999998575731,125.0,0.0
14,264,95,NetLoadRule+QP,0,0,3,1.5221,-1,0,hard_qp_solution,99.99999998575731,125.0,0.0
14,264,95,NetLoadRule+QP,0,0,4,1.5166,-1,0,hard_qp_solution,99.99999998575731,125.0,0.0
14,264,95,NetLoadRule+QP,0,0,5,1.5106,-1,0,hard_qp_solution,99.99999998575731,125.0,0.0
14,264,95,MPC-H24-FRR+QP,0,0,1,2.4091,0,0,hard_qp_solution,99.99999998575731,125.0,0.0
14,264,95,MPC-H24-FRR+QP,0,0,2,2.3688,0,0,hard_qp_solution,99.99999998575731,125.0,0.0
14,264,95,MPC-H24-FRR+QP,0,0,3,2.3669,0,0,hard_qp_solution,99.99999998575731,125.0,0.0
14,264,95,MPC-H24-FRR+QP,0,0,4,2.3248,0,0,hard_qp_solution,99.99999998575731,125.0,0.0
14,264,95,MPC-H24-FRR+QP,0,0,5,2.3038,0,0,hard_qp_solution,99.99999998575731,125.0,0.0
14,264,95,PPO-QP,20260805,90,1,1.5071,-1,0,hard_qp_solution,99.99999998575731,125.0,0.0
14,264,95,PPO-QP,20260805,90,2,1.4961,-1,0,hard_qp_solution,99.99999998575731,125.0,0.0
14,264,95,PPO-QP,20260805,90,3,1.4982,-1,0,hard_qp_solution,99.99999998575731,125.0,0.0
14,264,95,PPO-QP,20260805,90,4,1.488,-1,0,hard_qp_solution,99.99999998575731,125.0,0.0
14,264,95,PPO-QP,20260805,90,5,1.482,-1,0,hard_qp_solution,99.99999998575731,125.0,0.0
14,264,95,PPO-QP-no-penalty,20260805,90,1,1.4724,-1,0,hard_qp_solution,99.99999998575731,125.0,0.0
14,264,95,PPO-QP-no-penalty,20260805,90,2,1.4812,-1,0,hard_qp_solution,99.99999998575731,125.0,0.0
14,264,95,PPO-QP-no-penalty,20260805,90,3,1.4776,-1,0,hard_qp_solution,99.99999998575731,125.0,0.0
14,264,95,PPO-QP-no-penalty,20260805,90,4,1.4774,-1,0,hard_qp_solution,99.99999998575731,125.0,0.0
14,264,95,PPO-QP-no-penalty,20260805,90,5,1.4644,-1,0,hard_qp_solution,99.99999998575731,125.0,0.0
14,264,95,Rule+QP,0,0,1,1.542,-1,0,hard_qp_solution,99.99999998575731,125.0,0.0
14,264,95,Rule+QP,0,0,2,1.5534,-1,0,hard_qp_solution,99.99999998575731,125.0,0.0
14,264,95,Rule+QP,0,0,3,1.5553,-1,0,hard_qp_solution,99.99999998575731,125.0,0.0
14,264,95,Rule+QP,0,0,4,1.5696,-1,0,hard_qp_solution,99.99999998575731,125.0,0.0
14,264,95,Rule+QP,0,0,5,1.539,-1,0,hard_qp_solution,99.99999998575731,125.0,0.0
14,264,95,MPC-H24+QP,0,0,1,2.3151,0,0,hard_qp_solution,99.99999998575731,125.0,0.0
14,264,95,MPC-H24+QP,0,0,2,2.4441,0,0,hard_qp_solution,99.99999998575731,125.0,0.0
14,264,95,MPC-H24+QP,0,0,3,2.3092,0,0,hard_qp_solution,99.99999998575731,125.0,0.0
14,264,95,MPC-H24+QP,0,0,4,2.3037,0,0,hard_qp_solution,99.99999998575731,125.0,0.0
14,264,95,MPC-H24+QP,0,0,5,2.3232,0,0,hard_qp_solution,99.99999998575731,125.0,0.0
15,276,0,MPC-H24-FRR+QP,0,0,1,19.1055,0,0,hard_qp_solution,44.99999998883866,113.1578947397793,0.0
15,276,0,MPC-H24-FRR+QP,0,0,2,19.332,0,0,hard_qp_solution,44.99999998883866,113.1578947397793,0.0
15,276,0,MPC-H24-FRR+QP,0,0,3,19.3733,0,0,hard_qp_solution,44.99999998883866,113.1578947397793,0.0
15,276,0,MPC-H24-FRR+QP,0,0,4,19.8018,0,0,hard_qp_solution,44.99999998883866,113.1578947397793,0.0
15,276,0,MPC-H24-FRR+QP,0,0,5,19.0737,0,0,hard_qp_solution,44.99999998883866,113.1578947397793,0.0
15,276,0,PPO-QP,20260805,90,1,1.5964,-1,0,hard_qp_solution,43.6863458385676,113.50359320037694,0.0
15,276,0,PPO-QP,20260805,90,2,1.4818,-1,0,hard_qp_solution,43.6863458385676,113.50359320037694,0.0
15,276,0,PPO-QP,20260805,90,3,1.4069,-1,0,hard_qp_solution,43.6863458385676,113.50359320037694,0.0
15,276,0,PPO-QP,20260805,90,4,1.3841,-1,0,hard_qp_solution,43.6863458385676,113.50359320037694,0.0
15,276,0,PPO-QP,20260805,90,5,1.4104,-1,0,hard_qp_solution,43.6863458385676,113.50359320037694,0.0
15,276,0,PPO-QP-no-penalty,20260805,90,1,1.3633,-1,0,hard_qp_solution,45.0,113.15789473684211,0.0
15,276,0,PPO-QP-no-penalty,20260805,90,2,1.3649,-1,0,hard_qp_solution,45.0,113.15789473684211,0.0
15,276,0,PPO-QP-no-penalty,20260805,90,3,1.3589,-1,0,hard_qp_solution,45.0,113.15789473684211,0.0
15,276,0,PPO-QP-no-penalty,20260805,90,4,1.3579,-1,0,hard_qp_solution,45.0,113.15789473684211,0.0
15,276,0,PPO-QP-no-penalty,20260805,90,5,1.3711,-1,0,hard_qp_solution,45.0,113.15789473684211,0.0
15,276,0,Rule+QP,0,0,1,1.4371,-1,0,hard_qp_solution,3.553031930976332e-08,124.99999999064991,0.0
15,276,0,Rule+QP,0,0,2,1.4641,-1,0,hard_qp_solution,3.553031930976332e-08,124.99999999064991,0.0
15,276,0,Rule+QP,0,0,3,1.5093,-1,0,hard_qp_solution,3.553031930976332e-08,124.99999999064991,0.0
15,276,0,Rule+QP,0,0,4,1.4638,-1,0,hard_qp_solution,3.553031930976332e-08,124.99999999064991,0.0
15,276,0,Rule+QP,0,0,5,1.4264,-1,0,hard_qp_solution,3.553031930976332e-08,124.99999999064991,0.0
15,276,0,MPC-H24+QP,0,0,1,22.3988,0,0,hard_qp_solution,44.99999998883866,113.1578947397793,0.0
15,276,0,MPC-H24+QP,0,0,2,21.9646,0,0,hard_qp_solution,44.99999998883866,113.1578947397793,0.0
15,276,0,MPC-H24+QP,0,0,3,22.0276,0,0,hard_qp_solution,44.99999998883866,113.1578947397793,0.0
15,276,0,MPC-H24+QP,0,0,4,21.3336,0,0,hard_qp_solution,44.99999998883866,113.1578947397793,0.0
15,276,0,MPC-H24+QP,0,0,5,21.3003,0,0,hard_qp_solution,44.99999998883866,113.1578947397793,0.0
15,276,0,NetLoadRule+QP,0,0,1,1.5603,-1,0,hard_qp_solution,45.0,113.15789473684211,0.0
15,276,0,NetLoadRule+QP,0,0,2,1.5037,-1,0,hard_qp_solution,45.0,113.15789473684211,0.0
15,276,0,NetLoadRule+QP,0,0,3,1.4664,-1,0,hard_qp_solution,45.0,113.15789473684211,0.0
15,276,0,NetLoadRule+QP,0,0,4,1.4626,-1,0,hard_qp_solution,45.0,113.15789473684211,0.0
15,276,0,NetLoadRule+QP,0,0,5,1.5064,-1,0,hard_qp_solution,45.0,113.15789473684211,0.0
16,276,24,PPO-QP,20260805,90,1,1.4248,-1,0,hard_qp_solution,45.00000000870353,154.72039463834454,0.0
16,276,24,PPO-QP,20260805,90,2,1.3913,-1,0,hard_qp_solution,45.00000000870353,154.72039463834454,0.0
16,276,24,PPO-QP,20260805,90,3,1.3899,-1,0,hard_qp_solution,45.00000000870353,154.72039463834454,0.0
16,276,24,PPO-QP,20260805,90,4,1.366,-1,0,hard_qp_solution,45.00000000870353,154.72039463834454,0.0
16,276,24,PPO-QP,20260805,90,5,1.354,-1,0,hard_qp_solution,45.00000000870353,154.72039463834454,0.0
16,276,24,PPO-QP-no-penalty,20260805,90,1,1.4429,-1,0,hard_qp_solution,45.00000000870353,154.72039463834454,0.0
16,276,24,PPO-QP-no-penalty,20260805,90,2,1.3757,-1,0,hard_qp_solution,45.00000000870353,154.72039463834454,0.0
16,276,24,PPO-QP-no-penalty,20260805,90,3,1.3471,-1,0,hard_qp_solution,45.00000000870353,154.72039463834454,0.0
16,276,24,PPO-QP-no-penalty,20260805,90,4,1.3428,-1,0,hard_qp_solution,45.00000000870353,154.72039463834454,0.0
16,276,24,PPO-QP-no-penalty,20260805,90,5,1.4229,-1,0,hard_qp_solution,45.00000000870353,154.72039463834454,0.0
16,276,24,Rule+QP,0,0,1,1.4469,-1,0,hard_qp_solution,8.703540354090476e-09,166.56249990150246,0.0
16,276,24,Rule+QP,0,0,2,1.4497,-1,0,hard_qp_solution,8.703540354090476e-09,166.56249990150246,0.0
16,276,24,Rule+QP,0,0,3,1.4467,-1,0,hard_qp_solution,8.703540354090476e-09,166.56249990150246,0.0
16,276,24,Rule+QP,0,0,4,1.4644,-1,0,hard_qp_solution,8.703540354090476e-09,166.56249990150246,0.0
16,276,24,Rule+QP,0,0,5,1.4412,-1,0,hard_qp_solution,8.703540354090476e-09,166.56249990150246,0.0
16,276,24,MPC-H24+QP,0,0,1,19.6394,0,0,hard_qp_solution,45.00000000870353,154.72039463834454,0.0
16,276,24,MPC-H24+QP,0,0,2,19.6939,0,0,hard_qp_solution,45.00000000870353,154.72039463834454,0.0
16,276,24,MPC-H24+QP,0,0,3,19.5522,0,0,hard_qp_solution,45.00000000870353,154.72039463834454,0.0
16,276,24,MPC-H24+QP,0,0,4,19.847,0,0,hard_qp_solution,45.00000000870353,154.72039463834454,0.0
16,276,24,MPC-H24+QP,0,0,5,19.8163,0,0,hard_qp_solution,45.00000000870353,154.72039463834454,0.0
16,276,24,NetLoadRule+QP,0,0,1,1.5741,-1,0,hard_qp_solution,45.00000000870353,154.72039463834454,0.0
16,276,24,NetLoadRule+QP,0,0,2,1.5744,-1,0,hard_qp_solution,45.00000000870353,154.72039463834454,0.0
16,276,24,NetLoadRule+QP,0,0,3,1.4781,-1,0,hard_qp_solution,45.00000000870353,154.72039463834454,0.0
16,276,24,NetLoadRule+QP,0,0,4,1.5112,-1,0,hard_qp_solution,45.00000000870353,154.72039463834454,0.0
16,276,24,NetLoadRule+QP,0,0,5,1.4493,-1,0,hard_qp_solution,45.00000000870353,154.72039463834454,0.0
16,276,24,MPC-H24-FRR+QP,0,0,1,19.2416,0,0,hard_qp_solution,45.00000000870353,154.72039463834454,0.0
16,276,24,MPC-H24-FRR+QP,0,0,2,19.0424,0,0,hard_qp_solution,45.00000000870353,154.72039463834454,0.0
16,276,24,MPC-H24-FRR+QP,0,0,3,18.6944,0,0,hard_qp_solution,45.00000000870353,154.72039463834454,0.0
16,276,24,MPC-H24-FRR+QP,0,0,4,18.7741,0,0,hard_qp_solution,45.00000000870353,154.72039463834454,0.0
16,276,24,MPC-H24-FRR+QP,0,0,5,18.3733,0,0,hard_qp_solution,45.00000000870353,154.72039463834454,0.0
17,276,48,PPO-QP-no-penalty,20260805,90,1,3.8468,-1,0,phase2_solution,0.9999986674593255,224.73684245593176,29.343697622094812
17,276,48,PPO-QP-no-penalty,20260805,90,2,3.7679,-1,0,phase2_solution,0.9999986674593255,224.73684245593176,29.343697622094812
17,276,48,PPO-QP-no-penalty,20260805,90,3,3.807,-1,0,phase2_solution,0.9999986674593255,224.73684245593176,29.343697622094812
17,276,48,PPO-QP-no-penalty,20260805,90,4,3.7962,-1,0,phase2_solution,0.9999986674593255,224.73684245593176,29.343697622094812
17,276,48,PPO-QP-no-penalty,20260805,90,5,3.8181,-1,0,phase2_solution,0.9999986674593255,224.73684245593176,29.343697622094812
17,276,48,Rule+QP,0,0,1,3.9526,-1,0,phase2_solution,6.318581751144296e-07,224.99999983372155,28.34369958649366
17,276,48,Rule+QP,0,0,2,3.8521,-1,0,phase2_solution,6.318581751144296e-07,224.99999983372155,28.34369958649366
17,276,48,Rule+QP,0,0,3,3.8274,-1,0,phase2_solution,6.318581751144296e-07,224.99999983372155,28.34369958649366
17,276,48,Rule+QP,0,0,4,3.8272,-1,0,phase2_solution,6.318581751144296e-07,224.99999983372155,28.34369958649366
17,276,48,Rule+QP,0,0,5,4.0123,-1,0,phase2_solution,6.318581751144296e-07,224.99999983372155,28.34369958649366
17,276,48,MPC-H24+QP,0,0,1,22.907,0,0,phase2_solution,0.9999985077506846,224.73684249796034,29.343697462386178
17,276,48,MPC-H24+QP,0,0,2,22.466,0,0,phase2_solution,0.9999985077506846,224.73684249796034,29.343697462386178
17,276,48,MPC-H24+QP,0,0,3,22.2584,0,0,phase2_solution,0.9999985077506846,224.73684249796034,29.343697462386178
17,276,48,MPC-H24+QP,0,0,4,23.5795,0,0,phase2_solution,0.9999985077506846,224.73684249796034,29.343697462386178
17,276,48,MPC-H24+QP,0,0,5,23.7291,0,0,phase2_solution,0.9999985077506846,224.73684249796034,29.343697462386178
17,276,48,NetLoadRule+QP,0,0,1,4.062,-1,0,phase2_solution,-0.0,225.0,28.34369895463549
17,276,48,NetLoadRule+QP,0,0,2,3.8199,-1,0,phase2_solution,-0.0,225.0,28.34369895463549
17,276,48,NetLoadRule+QP,0,0,3,3.979,-1,0,phase2_solution,-0.0,225.0,28.34369895463549
17,276,48,NetLoadRule+QP,0,0,4,3.7671,-1,0,phase2_solution,-0.0,225.0,28.34369895463549
17,276,48,NetLoadRule+QP,0,0,5,3.7499,-1,0,phase2_solution,-0.0,225.0,28.34369895463549
17,276,48,MPC-H24-FRR+QP,0,0,1,27.7845,0,0,phase2_solution,0.9999985077506846,224.73684249796034,29.343697462386178
17,276,48,MPC-H24-FRR+QP,0,0,2,28.2923,0,0,phase2_solution,0.9999985077506846,224.73684249796034,29.343697462386178
17,276,48,MPC-H24-FRR+QP,0,0,3,28.7789,0,0,phase2_solution,0.9999985077506846,224.73684249796034,29.343697462386178
17,276,48,MPC-H24-FRR+QP,0,0,4,28.3038,0,0,phase2_solution,0.9999985077506846,224.73684249796034,29.343697462386178
17,276,48,MPC-H24-FRR+QP,0,0,5,27.8496,0,0,phase2_solution,0.9999985077506846,224.73684249796034,29.343697462386178
17,276,48,PPO-QP,20260805,90,1,4.648,-1,0,phase2_solution,0.9999986587166068,224.73684245823247,29.343697613352095
17,276,48,PPO-QP,20260805,90,2,5.108,-1,0,phase2_solution,0.9999986587166068,224.73684245823247,29.343697613352095
17,276,48,PPO-QP,20260805,90,3,4.1652,-1,0,phase2_solution,0.9999986587166068,224.73684245823247,29.343697613352095
17,276,48,PPO-QP,20260805,90,4,4.221,-1,0,phase2_solution,0.9999986587166068,224.73684245823247,29.343697613352095
17,276,48,PPO-QP,20260805,90,5,4.9407,-1,0,phase2_solution,0.9999986587166068,224.73684245823247,29.343697613352095
18,276,72,Rule+QP,0,0,1,2.1714,-1,0,hard_qp_solution,2.9641005337867197e-08,224.9999999891595,0.0
18,276,72,Rule+QP,0,0,2,1.9441,-1,0,hard_qp_solution,2.9641005337867197e-08,224.9999999891595,0.0
18,276,72,Rule+QP,0,0,3,2.1443,-1,0,hard_qp_solution,2.9641005337867197e-08,224.9999999891595,0.0
18,276,72,Rule+QP,0,0,4,2.1281,-1,0,hard_qp_solution,2.9641005337867197e-08,224.9999999891595,0.0
18,276,72,Rule+QP,0,0,5,1.7049,-1,0,hard_qp_solution,2.9641005337867197e-08,224.9999999891595,0.0
18,276,72,MPC-H24+QP,0,0,1,9.5549,0,0,hard_qp_solution,3.4124294217198805e-08,224.9999999879797,0.0
18,276,72,MPC-H24+QP,0,0,2,9.7291,0,0,hard_qp_solution,3.4124294217198805e-08,224.9999999879797,0.0
18,276,72,MPC-H24+QP,0,0,3,9.4963,0,0,hard_qp_solution,3.4124294217198805e-08,224.9999999879797,0.0
18,276,72,MPC-H24+QP,0,0,4,9.6805,0,0,hard_qp_solution,3.4124294217198805e-08,224.9999999879797,0.0
18,276,72,MPC-H24+QP,0,0,5,9.3325,0,0,hard_qp_solution,3.4124294217198805e-08,224.9999999879797,0.0
18,276,72,NetLoadRule+QP,0,0,1,1.7197,-1,0,hard_qp_solution,3.321296664504975e-08,224.9999999882195,0.0
18,276,72,NetLoadRule+QP,0,0,2,1.7528,-1,0,hard_qp_solution,3.321296664504975e-08,224.9999999882195,0.0
18,276,72,NetLoadRule+QP,0,0,3,1.7537,-1,0,hard_qp_solution,3.321296664504975e-08,224.9999999882195,0.0
18,276,72,NetLoadRule+QP,0,0,4,1.9322,-1,0,hard_qp_solution,3.321296664504975e-08,224.9999999882195,0.0
18,276,72,NetLoadRule+QP,0,0,5,1.6574,-1,0,hard_qp_solution,3.321296664504975e-08,224.9999999882195,0.0
18,276,72,MPC-H24-FRR+QP,0,0,1,11.4868,0,0,hard_qp_solution,3.318028080833948e-08,224.9999999882281,0.0
18,276,72,MPC-H24-FRR+QP,0,0,2,10.0114,0,0,hard_qp_solution,3.318028080833948e-08,224.9999999882281,0.0
18,276,72,MPC-H24-FRR+QP,0,0,3,9.5542,0,0,hard_qp_solution,3.318028080833948e-08,224.9999999882281,0.0
18,276,72,MPC-H24-FRR+QP,0,0,4,9.4261,0,0,hard_qp_solution,3.318028080833948e-08,224.9999999882281,0.0
18,276,72,MPC-H24-FRR+QP,0,0,5,9.349,0,0,hard_qp_solution,3.318028080833948e-08,224.9999999882281,0.0
18,276,72,PPO-QP,20260805,90,1,1.4884,-1,0,hard_qp_solution,44.99999999999994,213.15789473380187,0.0
18,276,72,PPO-QP,20260805,90,2,1.5833,-1,0,hard_qp_solution,44.99999999999994,213.15789473380187,0.0
18,276,72,PPO-QP,20260805,90,3,1.4447,-1,0,hard_qp_solution,44.99999999999994,213.15789473380187,0.0
18,276,72,PPO-QP,20260805,90,4,1.519,-1,0,hard_qp_solution,44.99999999999994,213.15789473380187,0.0
18,276,72,PPO-QP,20260805,90,5,1.4514,-1,0,hard_qp_solution,44.99999999999994,213.15789473380187,0.0
18,276,72,PPO-QP-no-penalty,20260805,90,1,1.4302,-1,0,hard_qp_solution,44.99999999999994,213.15789473380187,0.0
18,276,72,PPO-QP-no-penalty,20260805,90,2,1.5944,-1,0,hard_qp_solution,44.99999999999994,213.15789473380187,0.0
18,276,72,PPO-QP-no-penalty,20260805,90,3,1.5332,-1,0,hard_qp_solution,44.99999999999994,213.15789473380187,0.0
18,276,72,PPO-QP-no-penalty,20260805,90,4,1.4893,-1,0,hard_qp_solution,44.99999999999994,213.15789473380187,0.0
18,276,72,PPO-QP-no-penalty,20260805,90,5,1.6995,-1,0,hard_qp_solution,44.99999999999994,213.15789473380187,0.0
19,276,95,MPC-H24+QP,0,0,1,2.8206,0,0,hard_qp_solution,99.9999999857749,125.0,0.0
19,276,95,MPC-H24+QP,0,0,2,2.5267,0,0,hard_qp_solution,99.9999999857749,125.0,0.0
19,276,95,MPC-H24+QP,0,0,3,2.559,0,0,hard_qp_solution,99.9999999857749,125.0,0.0
19,276,95,MPC-H24+QP,0,0,4,2.5589,0,0,hard_qp_solution,99.9999999857749,125.0,0.0
19,276,95,MPC-H24+QP,0,0,5,2.7413,0,0,hard_qp_solution,99.9999999857749,125.0,0.0
19,276,95,NetLoadRule+QP,0,0,1,1.6924,-1,0,hard_qp_solution,99.9999999857749,125.0,0.0
19,276,95,NetLoadRule+QP,0,0,2,1.7493,-1,0,hard_qp_solution,99.9999999857749,125.0,0.0
19,276,95,NetLoadRule+QP,0,0,3,1.7886,-1,0,hard_qp_solution,99.9999999857749,125.0,0.0
19,276,95,NetLoadRule+QP,0,0,4,1.6873,-1,0,hard_qp_solution,99.9999999857749,125.0,0.0
19,276,95,NetLoadRule+QP,0,0,5,1.6425,-1,0,hard_qp_solution,99.9999999857749,125.0,0.0
19,276,95,MPC-H24-FRR+QP,0,0,1,2.6683,0,0,hard_qp_solution,99.9999999857749,125.0,0.0
19,276,95,MPC-H24-FRR+QP,0,0,2,2.6079,0,0,hard_qp_solution,99.9999999857749,125.0,0.0
19,276,95,MPC-H24-FRR+QP,0,0,3,2.5078,0,0,hard_qp_solution,99.9999999857749,125.0,0.0
19,276,95,MPC-H24-FRR+QP,0,0,4,3.0094,0,0,hard_qp_solution,99.9999999857749,125.0,0.0
19,276,95,MPC-H24-FRR+QP,0,0,5,2.7555,0,0,hard_qp_solution,99.9999999857749,125.0,0.0
19,276,95,PPO-QP,20260805,90,1,2.09,-1,0,hard_qp_solution,99.9999999857749,125.0,0.0
19,276,95,PPO-QP,20260805,90,2,1.741,-1,0,hard_qp_solution,99.9999999857749,125.0,0.0
19,276,95,PPO-QP,20260805,90,3,1.9905,-1,0,hard_qp_solution,99.9999999857749,125.0,0.0
19,276,95,PPO-QP,20260805,90,4,2.06,-1,0,hard_qp_solution,99.9999999857749,125.0,0.0
19,276,95,PPO-QP,20260805,90,5,1.59,-1,0,hard_qp_solution,99.9999999857749,125.0,0.0
19,276,95,PPO-QP-no-penalty,20260805,90,1,1.8127,-1,0,hard_qp_solution,99.9999999857749,125.0,0.0
19,276,95,PPO-QP-no-penalty,20260805,90,2,2.1104,-1,0,hard_qp_solution,99.9999999857749,125.0,0.0
19,276,95,PPO-QP-no-penalty,20260805,90,3,1.6672,-1,0,hard_qp_solution,99.9999999857749,125.0,0.0
19,276,95,PPO-QP-no-penalty,20260805,90,4,2.1659,-1,0,hard_qp_solution,99.9999999857749,125.0,0.0
19,276,95,PPO-QP-no-penalty,20260805,90,5,1.8288,-1,0,hard_qp_solution,99.9999999857749,125.0,0.0
19,276,95,Rule+QP,0,0,1,1.6929,-1,0,hard_qp_solution,99.9999999857749,125.0,0.0
19,276,95,Rule+QP,0,0,2,1.9525,-1,0,hard_qp_solution,99.9999999857749,125.0,0.0
19,276,95,Rule+QP,0,0,3,2.5702,-1,0,hard_qp_solution,99.9999999857749,125.0,0.0
19,276,95,Rule+QP,0,0,4,2.3675,-1,0,hard_qp_solution,99.9999999857749,125.0,0.0
19,276,95,Rule+QP,0,0,5,1.8779,-1,0,hard_qp_solution,99.9999999857749,125.0,0.0
20,288,0,NetLoadRule+QP,0,0,1,1.6911,-1,0,hard_qp_solution,45.0,113.15789473684211,0.0
20,288,0,NetLoadRule+QP,0,0,2,1.9214,-1,0,hard_qp_solution,45.0,113.15789473684211,0.0
20,288,0,NetLoadRule+QP,0,0,3,1.5183,-1,0,hard_qp_solution,45.0,113.15789473684211,0.0
20,288,0,NetLoadRule+QP,0,0,4,2.1357,-1,0,hard_qp_solution,45.0,113.15789473684211,0.0
20,288,0,NetLoadRule+QP,0,0,5,1.8283,-1,0,hard_qp_solution,45.0,113.15789473684211,0.0
20,288,0,MPC-H24-FRR+QP,0,0,1,25.8543,0,0,hard_qp_solution,44.99999998883866,113.1578947397793,0.0
20,288,0,MPC-H24-FRR+QP,0,0,2,23.2695,0,0,hard_qp_solution,44.99999998883866,113.1578947397793,0.0
20,288,0,MPC-H24-FRR+QP,0,0,3,21.2944,0,0,hard_qp_solution,44.99999998883866,113.1578947397793,0.0
20,288,0,MPC-H24-FRR+QP,0,0,4,21.0264,0,0,hard_qp_solution,44.99999998883866,113.1578947397793,0.0
20,288,0,MPC-H24-FRR+QP,0,0,5,20.9912,0,0,hard_qp_solution,44.99999998883866,113.1578947397793,0.0
20,288,0,PPO-QP,20260805,90,1,1.5091,-1,0,hard_qp_solution,45.0,113.15789473684211,0.0
20,288,0,PPO-QP,20260805,90,2,1.5368,-1,0,hard_qp_solution,45.0,113.15789473684211,0.0
20,288,0,PPO-QP,20260805,90,3,1.4464,-1,0,hard_qp_solution,45.0,113.15789473684211,0.0
20,288,0,PPO-QP,20260805,90,4,1.4878,-1,0,hard_qp_solution,45.0,113.15789473684211,0.0
20,288,0,PPO-QP,20260805,90,5,1.461,-1,0,hard_qp_solution,45.0,113.15789473684211,0.0
20,288,0,PPO-QP-no-penalty,20260805,90,1,1.4168,-1,0,hard_qp_solution,45.0,113.15789473684211,0.0
20,288,0,PPO-QP-no-penalty,20260805,90,2,1.4262,-1,0,hard_qp_solution,45.0,113.15789473684211,0.0
20,288,0,PPO-QP-no-penalty,20260805,90,3,1.3978,-1,0,hard_qp_solution,45.0,113.15789473684211,0.0
20,288,0,PPO-QP-no-penalty,20260805,90,4,1.4745,-1,0,hard_qp_solution,45.0,113.15789473684211,0.0
20,288,0,PPO-QP-no-penalty,20260805,90,5,1.4073,-1,0,hard_qp_solution,45.0,113.15789473684211,0.0
20,288,0,Rule+QP,0,0,1,1.4583,-1,0,hard_qp_solution,3.5534356661180194e-08,124.99999999064886,0.0
20,288,0,Rule+QP,0,0,2,1.4639,-1,0,hard_qp_solution,3.5534356661180194e-08,124.99999999064886,0.0
20,288,0,Rule+QP,0,0,3,1.4515,-1,0,hard_qp_solution,3.5534356661180194e-08,124.99999999064886,0.0
20,288,0,Rule+QP,0,0,4,1.4489,-1,0,hard_qp_solution,3.5534356661180194e-08,124.99999999064886,0.0
20,288,0,Rule+QP,0,0,5,1.4238,-1,0,hard_qp_solution,3.5534356661180194e-08,124.99999999064886,0.0
20,288,0,MPC-H24+QP,0,0,1,21.1887,0,0,hard_qp_solution,44.99999998883866,113.1578947397793,0.0
20,288,0,MPC-H24+QP,0,0,2,20.8894,0,0,hard_qp_solution,44.99999998883866,113.1578947397793,0.0
20,288,0,MPC-H24+QP,0,0,3,21.0631,0,0,hard_qp_solution,44.99999998883866,113.1578947397793,0.0
20,288,0,MPC-H24+QP,0,0,4,21.49,0,0,hard_qp_solution,44.99999998883866,113.1578947397793,0.0
20,288,0,MPC-H24+QP,0,0,5,21.2131,0,0,hard_qp_solution,44.99999998883866,113.1578947397793,0.0
21,288,24,MPC-H24-FRR+QP,0,0,1,16.9076,0,0,hard_qp_solution,45.00000000870748,171.34539464606092,0.0
21,288,24,MPC-H24-FRR+QP,0,0,2,17.3433,0,0,hard_qp_solution,45.00000000870748,171.34539464606092,0.0
21,288,24,MPC-H24-FRR+QP,0,0,3,18.0671,0,0,hard_qp_solution,45.00000000870748,171.34539464606092,0.0
21,288,24,MPC-H24-FRR+QP,0,0,4,17.8738,0,0,hard_qp_solution,45.00000000870748,171.34539464606092,0.0
21,288,24,MPC-H24-FRR+QP,0,0,5,16.9426,0,0,hard_qp_solution,45.00000000870748,171.34539464606092,0.0
21,288,24,PPO-QP,20260805,90,1,1.484,-1,0,hard_qp_solution,45.00000000870748,171.34539464606092,0.0
21,288,24,PPO-QP,20260805,90,2,1.5701,-1,0,hard_qp_solution,45.00000000870748,171.34539464606092,0.0
21,288,24,PPO-QP,20260805,90,3,1.513,-1,0,hard_qp_solution,45.00000000870748,171.34539464606092,0.0
21,288,24,PPO-QP,20260805,90,4,1.5342,-1,0,hard_qp_solution,45.00000000870748,171.34539464606092,0.0
21,288,24,PPO-QP,20260805,90,5,1.4189,-1,0,hard_qp_solution,45.00000000870748,171.34539464606092,0.0
21,288,24,PPO-QP-no-penalty,20260805,90,1,1.4238,-1,0,hard_qp_solution,45.00000000870748,171.34539464606092,0.0
21,288,24,PPO-QP-no-penalty,20260805,90,2,1.5017,-1,0,hard_qp_solution,45.00000000870748,171.34539464606092,0.0
21,288,24,PPO-QP-no-penalty,20260805,90,3,1.3978,-1,0,hard_qp_solution,45.00000000870748,171.34539464606092,0.0
21,288,24,PPO-QP-no-penalty,20260805,90,4,1.3996,-1,0,hard_qp_solution,45.00000000870748,171.34539464606092,0.0
21,288,24,PPO-QP-no-penalty,20260805,90,5,1.4112,-1,0,hard_qp_solution,45.00000000870748,171.34539464606092,0.0
21,288,24,Rule+QP,0,0,1,1.54,-1,0,hard_qp_solution,8.707478539104722e-09,183.18749990921881,0.0
21,288,24,Rule+QP,0,0,2,1.5066,-1,0,hard_qp_solution,8.707478539104722e-09,183.18749990921881,0.0
21,288,24,Rule+QP,0,0,3,1.5816,-1,0,hard_qp_solution,8.707478539104722e-09,183.18749990921881,0.0
21,288,24,Rule+QP,0,0,4,1.5458,-1,0,hard_qp_solution,8.707478539104722e-09,183.18749990921881,0.0
21,288,24,Rule+QP,0,0,5,1.5726,-1,0,hard_qp_solution,8.707478539104722e-09,183.18749990921881,0.0
21,288,24,MPC-H24+QP,0,0,1,19.7195,0,0,hard_qp_solution,45.00000000870748,171.34539464606092,0.0
21,288,24,MPC-H24+QP,0,0,2,18.5641,0,0,hard_qp_solution,45.00000000870748,171.34539464606092,0.0
21,288,24,MPC-H24+QP,0,0,3,18.7788,0,0,hard_qp_solution,45.00000000870748,171.34539464606092,0.0
21,288,24,MPC-H24+QP,0,0,4,18.5696,0,0,hard_qp_solution,45.00000000870748,171.34539464606092,0.0
21,288,24,MPC-H24+QP,0,0,5,18.581,0,0,hard_qp_solution,45.00000000870748,171.34539464606092,0.0
21,288,24,NetLoadRule+QP,0,0,1,1.5977,-1,0,hard_qp_solution,45.00000000870748,171.34539464606092,0.0
21,288,24,NetLoadRule+QP,0,0,2,1.4731,-1,0,hard_qp_solution,45.00000000870748,171.34539464606092,0.0
21,288,24,NetLoadRule+QP,0,0,3,1.4946,-1,0,hard_qp_solution,45.00000000870748,171.34539464606092,0.0
21,288,24,NetLoadRule+QP,0,0,4,1.4517,-1,0,hard_qp_solution,45.00000000870748,171.34539464606092,0.0
21,288,24,NetLoadRule+QP,0,0,5,1.4252,-1,0,hard_qp_solution,45.00000000870748,171.34539464606092,0.0
22,288,48,PPO-QP,20260805,90,1,1.4501,-1,0,hard_qp_solution,9.663704780532889,160.0378274018304,0.0
22,288,48,PPO-QP,20260805,90,2,1.3878,-1,0,hard_qp_solution,9.663704780532889,160.0378274018304,0.0
22,288,48,PPO-QP,20260805,90,3,1.4956,-1,0,hard_qp_solution,9.663704780532889,160.0378274018304,0.0
22,288,48,PPO-QP,20260805,90,4,1.3963,-1,0,hard_qp_solution,9.663704780532889,160.0378274018304,0.0
22,288,48,PPO-QP,20260805,90,5,1.3986,-1,0,hard_qp_solution,9.663704780532889,160.0378274018304,0.0
22,288,48,PPO-QP-no-penalty,20260805,90,1,1.3583,-1,0,hard_qp_solution,9.663704784886804,160.03782740068465,0.0
22,288,48,PPO-QP-no-penalty,20260805,90,2,1.3703,-1,0,hard_qp_solution,9.663704784886804,160.03782740068465,0.0
22,288,48,PPO-QP-no-penalty,20260805,90,3,1.4132,-1,0,hard_qp_solution,9.663704784886804,160.03782740068465,0.0
22,288,48,PPO-QP-no-penalty,20260805,90,4,1.3552,-1,0,hard_qp_solution,9.663704784886804,160.03782740068465,0.0
22,288,48,PPO-QP-no-penalty,20260805,90,5,1.4001,-1,0,hard_qp_solution,9.663704784886804,160.03782740068465,0.0
22,288,48,Rule+QP,0,0,1,1.4526,-1,0,hard_qp_solution,-17.836295233333207,166.81702772515044,0.0
22,288,48,Rule+QP,0,0,2,1.4519,-1,0,hard_qp_solution,-17.836295233333207,166.81702772515044,0.0
22,288,48,Rule+QP,0,0,3,1.4261,-1,0,hard_qp_solution,-17.836295233333207,166.81702772515044,0.0
22,288,48,Rule+QP,0,0,4,1.4217,-1,0,hard_qp_solution,-17.836295233333207,166.81702772515044,0.0
22,288,48,Rule+QP,0,0,5,1.415,-1,0,hard_qp_solution,-17.836295233333207,166.81702772515044,0.0
22,288,48,MPC-H24+QP,0,0,1,451.7176,0,0,hard_qp_solution,9.663704769811002,160.03782740465195,0.0
22,288,48,MPC-H24+QP,0,0,2,454.2195,0,0,hard_qp_solution,9.663704769811002,160.03782740465195,0.0
22,288,48,MPC-H24+QP,0,0,3,448.3766,0,0,hard_qp_solution,9.663704769811002,160.03782740465195,0.0
22,288,48,MPC-H24+QP,0,0,4,446.0436,0,0,hard_qp_solution,9.663704769811002,160.03782740465195,0.0
22,288,48,MPC-H24+QP,0,0,5,444.2523,0,0,hard_qp_solution,9.663704769811002,160.03782740465195,0.0
22,288,48,NetLoadRule+QP,0,0,1,1.4411,-1,0,hard_qp_solution,-30.336295233308775,169.78577772514464,0.0
22,288,48,NetLoadRule+QP,0,0,2,1.4322,-1,0,hard_qp_solution,-30.336295233308775,169.78577772514464,0.0
22,288,48,NetLoadRule+QP,0,0,3,1.3788,-1,0,hard_qp_solution,-30.336295233308775,169.78577772514464,0.0
22,288,48,NetLoadRule+QP,0,0,4,1.3711,-1,0,hard_qp_solution,-30.336295233308775,169.78577772514464,0.0
22,288,48,NetLoadRule+QP,0,0,5,1.3612,-1,0,hard_qp_solution,-30.336295233308775,169.78577772514464,0.0
22,288,48,MPC-H24-FRR+QP,0,0,1,83.797,0,0,hard_qp_solution,9.663704769811005,160.03782740465195,0.0
22,288,48,MPC-H24-FRR+QP,0,0,2,84.7484,0,0,hard_qp_solution,9.663704769811005,160.03782740465195,0.0
22,288,48,MPC-H24-FRR+QP,0,0,3,83.6488,0,0,hard_qp_solution,9.663704769811005,160.03782740465195,0.0
22,288,48,MPC-H24-FRR+QP,0,0,4,86.295,0,0,hard_qp_solution,9.663704769811005,160.03782740465195,0.0
22,288,48,MPC-H24-FRR+QP,0,0,5,88.5601,0,0,hard_qp_solution,9.663704769811005,160.03782740465195,0.0
23,288,72,PPO-QP-no-penalty,20260805,90,1,1.6335,-1,0,hard_qp_solution,45.000000008143836,191.68284077968656,0.0
23,288,72,PPO-QP-no-penalty,20260805,90,2,1.6827,-1,0,hard_qp_solution,45.000000008143836,191.68284077968656,0.0
23,288,72,PPO-QP-no-penalty,20260805,90,3,1.5447,-1,0,hard_qp_solution,45.000000008143836,191.68284077968656,0.0
23,288,72,PPO-QP-no-penalty,20260805,90,4,1.4985,-1,0,hard_qp_solution,45.000000008143836,191.68284077968656,0.0
23,288,72,PPO-QP-no-penalty,20260805,90,5,1.4692,-1,0,hard_qp_solution,45.000000008143836,191.68284077968656,0.0
23,288,72,Rule+QP,0,0,1,1.5017,-1,0,hard_qp_solution,8.707478539138446e-09,203.52494604269612,0.0
23,288,72,Rule+QP,0,0,2,1.605,-1,0,hard_qp_solution,8.707478539138446e-09,203.52494604269612,0.0
23,288,72,Rule+QP,0,0,3,1.4544,-1,0,hard_qp_solution,8.707478539138446e-09,203.52494604269612,0.0
23,288,72,Rule+QP,0,0,4,1.6032,-1,0,hard_qp_solution,8.707478539138446e-09,203.52494604269612,0.0
23,288,72,Rule+QP,0,0,5,1.5064,-1,0,hard_qp_solution,8.707478539138446e-09,203.52494604269612,0.0
23,288,72,MPC-H24+QP,0,0,1,11.6011,0,0,hard_qp_solution,-44.99999994641541,214.21244603226123,0.0
23,288,72,MPC-H24+QP,0,0,2,11.5264,0,0,hard_qp_solution,-44.99999994641541,214.21244603226123,0.0
23,288,72,MPC-H24+QP,0,0,3,11.8733,0,0,hard_qp_solution,-44.99999994641541,214.21244603226123,0.0
23,288,72,MPC-H24+QP,0,0,4,11.8054,0,0,hard_qp_solution,-44.99999994641541,214.21244603226123,0.0
23,288,72,MPC-H24+QP,0,0,5,12.0158,0,0,hard_qp_solution,-44.99999994641541,214.21244603226123,0.0
23,288,72,NetLoadRule+QP,0,0,1,1.5615,-1,0,hard_qp_solution,45.000000008143836,191.68284077968656,0.0
23,288,72,NetLoadRule+QP,0,0,2,1.5986,-1,0,hard_qp_solution,45.000000008143836,191.68284077968656,0.0
23,288,72,NetLoadRule+QP,0,0,3,1.5464,-1,0,hard_qp_solution,45.000000008143836,191.68284077968656,0.0
23,288,72,NetLoadRule+QP,0,0,4,1.5893,-1,0,hard_qp_solution,45.000000008143836,191.68284077968656,0.0
23,288,72,NetLoadRule+QP,0,0,5,1.4692,-1,0,hard_qp_solution,45.000000008143836,191.68284077968656,0.0
23,288,72,MPC-H24-FRR+QP,0,0,1,11.4503,0,0,hard_qp_solution,-6.9097263555519515,205.16600605443114,0.0
23,288,72,MPC-H24-FRR+QP,0,0,2,11.751,0,0,hard_qp_solution,-6.9097263555519515,205.16600605443114,0.0
23,288,72,MPC-H24-FRR+QP,0,0,3,11.7115,0,0,hard_qp_solution,-6.9097263555519515,205.16600605443114,0.0
23,288,72,MPC-H24-FRR+QP,0,0,4,11.4239,0,0,hard_qp_solution,-6.9097263555519515,205.16600605443114,0.0
23,288,72,MPC-H24-FRR+QP,0,0,5,11.5226,0,0,hard_qp_solution,-6.9097263555519515,205.16600605443114,0.0
23,288,72,PPO-QP,20260805,90,1,1.4517,-1,0,hard_qp_solution,45.000000008143836,191.68284077968656,0.0
23,288,72,PPO-QP,20260805,90,2,1.5999,-1,0,hard_qp_solution,45.000000008143836,191.68284077968656,0.0
23,288,72,PPO-QP,20260805,90,3,1.493,-1,0,hard_qp_solution,45.000000008143836,191.68284077968656,0.0
23,288,72,PPO-QP,20260805,90,4,1.4586,-1,0,hard_qp_solution,45.000000008143836,191.68284077968656,0.0
23,288,72,PPO-QP,20260805,90,5,1.5904,-1,0,hard_qp_solution,45.000000008143836,191.68284077968656,0.0
24,288,95,Rule+QP,0,0,1,1.6639,-1,0,hard_qp_solution,99.99999998083672,125.0,0.0
24,288,95,Rule+QP,0,0,2,1.6509,-1,0,hard_qp_solution,99.99999998083672,125.0,0.0
24,288,95,Rule+QP,0,0,3,1.6267,-1,0,hard_qp_solution,99.99999998083672,125.0,0.0
24,288,95,Rule+QP,0,0,4,1.6814,-1,0,hard_qp_solution,99.99999998083672,125.0,0.0
24,288,95,Rule+QP,0,0,5,1.8,-1,0,hard_qp_solution,99.99999998083672,125.0,0.0
24,288,95,MPC-H24+QP,0,0,1,2.4365,0,0,hard_qp_solution,99.99999998083672,125.0,0.0
24,288,95,MPC-H24+QP,0,0,2,2.4248,0,0,hard_qp_solution,99.99999998083672,125.0,0.0
24,288,95,MPC-H24+QP,0,0,3,2.5267,0,0,hard_qp_solution,99.99999998083672,125.0,0.0
24,288,95,MPC-H24+QP,0,0,4,2.5132,0,0,hard_qp_solution,99.99999998083672,125.0,0.0
24,288,95,MPC-H24+QP,0,0,5,2.4684,0,0,hard_qp_solution,99.99999998083672,125.0,0.0
24,288,95,NetLoadRule+QP,0,0,1,1.7176,-1,0,hard_qp_solution,99.99999998083672,125.0,0.0
24,288,95,NetLoadRule+QP,0,0,2,1.5727,-1,0,hard_qp_solution,99.99999998083672,125.0,0.0
24,288,95,NetLoadRule+QP,0,0,3,1.6773,-1,0,hard_qp_solution,99.99999998083672,125.0,0.0
24,288,95,NetLoadRule+QP,0,0,4,1.6007,-1,0,hard_qp_solution,99.99999998083672,125.0,0.0
24,288,95,NetLoadRule+QP,0,0,5,1.5895,-1,0,hard_qp_solution,99.99999998083672,125.0,0.0
24,288,95,MPC-H24-FRR+QP,0,0,1,2.6397,0,0,hard_qp_solution,99.99999998083672,125.0,0.0
24,288,95,MPC-H24-FRR+QP,0,0,2,2.483,0,0,hard_qp_solution,99.99999998083672,125.0,0.0
24,288,95,MPC-H24-FRR+QP,0,0,3,2.4152,0,0,hard_qp_solution,99.99999998083672,125.0,0.0
24,288,95,MPC-H24-FRR+QP,0,0,4,2.3352,0,0,hard_qp_solution,99.99999998083672,125.0,0.0
24,288,95,MPC-H24-FRR+QP,0,0,5,2.4899,0,0,hard_qp_solution,99.99999998083672,125.0,0.0
24,288,95,PPO-QP,20260805,90,1,1.6262,-1,0,hard_qp_solution,99.99999998083672,125.0,0.0
24,288,95,PPO-QP,20260805,90,2,1.5847,-1,0,hard_qp_solution,99.99999998083672,125.0,0.0
24,288,95,PPO-QP,20260805,90,3,1.7176,-1,0,hard_qp_solution,99.99999998083672,125.0,0.0
24,288,95,PPO-QP,20260805,90,4,1.5193,-1,0,hard_qp_solution,99.99999998083672,125.0,0.0
24,288,95,PPO-QP,20260805,90,5,1.6327,-1,0,hard_qp_solution,99.99999998083672,125.0,0.0
24,288,95,PPO-QP-no-penalty,20260805,90,1,1.6392,-1,0,hard_qp_solution,99.99999998083672,125.0,0.0
24,288,95,PPO-QP-no-penalty,20260805,90,2,1.4835,-1,0,hard_qp_solution,99.99999998083672,125.0,0.0
24,288,95,PPO-QP-no-penalty,20260805,90,3,1.6871,-1,0,hard_qp_solution,99.99999998083672,125.0,0.0
24,288,95,PPO-QP-no-penalty,20260805,90,4,1.499,-1,0,hard_qp_solution,99.99999998083672,125.0,0.0
24,288,95,PPO-QP-no-penalty,20260805,90,5,1.6451,-1,0,hard_qp_solution,99.99999998083672,125.0,0.0
