controller,seed,episode,episode_seed,training_day,ending_update,ending_transition,service_failure,steps,cost,carbon,task_score,terminal_soc_kwh,terminal_soc_error_kwh,terminal_target_conflict_steps,terminal_roundoff_repair_steps,terminal_ramp_relaxation_steps,soc_violation_rate,soc_violation_steps,ev_completion,final_ev_remaining,lighting_energy_kwh,grid_excess_energy_kwh
PPO-QP-no-penalty,20260808,0,20260908,235,1,96,0,96,221.87524545624515,407.5941974679231,794.0219770619321,125.0,0.0,0.0,0,1,0.0,0.0,1.0,3.3306690738754696e-16,472.5,37.415970123054656
PPO-QP-no-penalty,20260808,1,20261903,180,1,192,0,96,222.69164725691923,305.6888457248825,576.5342951305776,125.0,0.0,0.0,0,1,0.0,0.0,1.0,0.0,472.5,3.3656637269659178
PPO-QP-no-penalty,20260808,2,20261999,73,1,288,0,96,180.14640573801702,213.68340137755575,685.1317103606601,125.0,0.0,0.0,0,1,0.0,0.0,1.0,0.0,472.5,281.8630535148408
PPO-QP-no-penalty,20260808,3,20262095,119,1,384,0,96,131.21326510490388,207.74487582936214,1284.2202669570706,125.0,0.0,0.0,0,1,0.0,0.0,1.0,3.885780586188048e-16,472.5,896.7203659067443
PPO-QP-no-penalty,20260808,4,20262191,130,1,480,0,96,182.87724136597924,309.9105204628195,831.2215613281991,125.0,0.0,0.0,0,2,0.0,0.0,1.0,0.0,472.5,254.21739709203695
PPO-QP-no-penalty,20260808,5,20262287,103,2,576,0,96,178.93902818257504,173.3784054441334,634.0820727764831,125.0,0.0,0.0,0,1,0.0,0.0,1.0,0.0,472.5,303.5628334707557
PPO-QP-no-penalty,20260808,6,20261971,190,2,672,0,96,190.59039684158338,271.9983622493067,619.4793093044918,125.0,0.0,0.0,0,1,0.0,0.0,1.0,0.0,472.5,110.02745420017851
PPO-QP-no-penalty,20260808,7,20262067,107,2,768,0,96,185.263400244805,185.4158195435877,467.8962370348632,125.0,0.0,0.0,0,1,0.0,0.0,1.0,2.7755575615628914e-16,472.5,115.02709639032763
PPO-QP-no-penalty,20260808,8,20262163,76,2,864,0,96,156.47937402287272,184.22964875713586,926.8820048959477,125.0,0.0,0.0,0,2,0.0,0.0,1.0,1.1102230246251565e-16,472.5,579.171722757835
PPO-QP-no-penalty,20260808,9,20262259,8,2,960,0,96,208.8799935319989,291.53583160744546,614.5810779049945,125.0,0.0,0.0,0,1,0.0,0.0,1.0,1.6653345369377348e-16,472.5,68.20692210594879
PPO-QP-no-penalty,20260808,10,20262355,92,3,1056,0,96,275.6361209198178,218.68367059198036,422.1892441223698,125.0,0.0,0.0,0,1,0.0,0.0,1.0,0.0,472.5,0.0
PPO-QP-no-penalty,20260808,11,20262039,27,3,1152,0,96,155.21018858211525,234.4424195157592,829.660627989855,125.0,0.0,0.0,0,2,0.0,0.0,1.0,1.6653345369377348e-16,472.5,391.52570152528193
PPO-QP-no-penalty,20260808,12,20262135,93,3,1248,0,96,185.33497746862204,164.09384938210243,314.70123059581823,125.0,0.0,0.0,0,1,0.0,0.0,1.0,1.6653345369377348e-16,472.5,0.0
PPO-QP-no-penalty,20260808,13,20262231,185,3,1344,0,96,201.85693323965296,290.1020777675165,554.0891275020665,125.0,0.0,0.0,0,1,0.0,0.0,1.0,3.3306690738754696e-16,472.5,10.95914383691184
PPO-QP-no-penalty,20260808,14,20262327,181,3,1440,0,96,161.60952954154308,242.61348106104165,777.2155124273186,125.0,0.0,0.0,0,0,0.0,0.0,1.0,3.3306690738754696e-16,472.5,323.68945481232475
PPO-QP-no-penalty,20260808,15,20262423,218,3,1536,0,96,202.74566115082897,340.91846411484755,715.2766643081957,125.0,0.0,0.0,0,2,0.0,0.0,1.0,5.551115123125783e-17,472.5,80.60781220186607
PPO-QP-no-penalty,20260808,16,20262519,237,4,1632,0,96,180.98826131375088,366.1204536675723,1125.9526323284354,125.0,0.0,0.0,0,1,0.0,0.0,1.0,0.0,472.5,448.2965896888133
PPO-QP-no-penalty,20260808,17,20262203,213,4,1728,0,96,270.9047698784691,433.8993459062239,923.233469649871,125.0,0.0,0.0,0,1,0.0,0.0,1.0,2.7755575615628914e-16,472.5,110.20553820508711
PPO-QP-no-penalty,20260808,18,20262299,164,4,1824,0,96,278.66347032059434,339.1121294413576,911.0060379817814,125.0,0.0,0.0,0,1,0.0,0.0,1.0,3.3306690738754696e-16,472.5,259.34663420361494
PPO-QP-no-penalty,20260808,19,20262395,38,4,1920,0,96,188.95738455472178,245.36878630502306,543.6165083345322,125.0,0.0,0.0,0,1,0.0,0.0,1.0,0.0,472.5,82.18544371879388
PPO-QP-no-penalty,20260808,20,20262491,106,4,2016,0,96,242.38770390921815,230.9646550779976,440.7882568866879,125.0,0.0,0.0,0,1,0.0,0.0,1.0,5.551115123125783e-17,472.5,0.0
PPO-QP-no-penalty,20260808,21,20262587,229,5,2112,0,96,221.44628351866064,339.80689446680697,637.4055076179015,125.0,0.0,0.0,0,1,0.0,0.0,1.0,3.3306690738754696e-16,472.5,2.8799380802594725
PPO-QP-no-penalty,20260808,22,20262271,34,5,2208,0,96,159.37937480284194,213.9795793591764,811.7447817467463,125.0,0.0,0.0,0,1,0.0,0.0,1.0,0.0,472.5,410.129637229577
PPO-QP-no-penalty,20260808,23,20262367,33,5,2304,0,96,193.2127105668436,249.88475789549244,673.6520426566512,125.0,0.0,0.0,0,1,0.0,0.0,1.0,5.551115123125783e-17,472.5,203.9555181629815
PPO-QP-no-penalty,20260808,24,20262463,123,5,2400,0,96,184.55129457662875,299.46328777155446,845.098373984294,125.0,0.0,0.0,0,1,0.0,0.0,1.0,0.0,472.5,287.01463710600956
PPO-QP-no-penalty,20260808,25,20262559,116,5,2496,0,96,174.87206473648078,248.6204302607173,706.6290768362854,125.0,0.0,0.0,0,2,0.0,0.0,1.0,3.885780586188048e-16,472.5,240.98210487903765
PPO-QP-no-penalty,20260808,26,20262655,143,6,2592,0,96,367.46242298906304,462.1170320246934,1029.579438487195,125.0,0.0,0.0,0,1,0.0,0.0,1.0,3.885780586188048e-16,472.5,148.73651739317222
PPO-QP-no-penalty,20260808,27,20262339,109,6,2688,0,96,179.64680859527144,178.47359242758608,619.2186842040019,125.0,0.0,0.0,0,1,0.0,0.0,1.0,0.0,472.5,279.4993317071012
PPO-QP-no-penalty,20260808,28,20262435,227,6,2784,0,96,272.5730814983545,424.6102148640373,803.3561417088033,125.0,0.0,0.0,0,1,0.0,0.0,1.0,0.0,472.5,9.906154658675396
PPO-QP-no-penalty,20260808,29,20262531,150,6,2880,0,96,196.08119596103128,223.31451949751494,658.9963645940386,125.0,0.0,0.0,1,1,0.0,0.0,1.0,3.885780586188048e-16,472.5,236.8401200173713
PPO-QP-no-penalty,20260808,30,20262627,191,6,2976,0,96,198.30691489318207,292.29206567148236,732.1105899353738,125.0,0.0,0.0,0,1,0.0,0.0,1.0,1.1102230246251565e-16,472.5,185.55945886869154
PPO-QP-no-penalty,20260808,31,20262723,60,6,3072,0,96,260.26414371961937,305.24945856093905,576.5445268235567,125.0,0.0,0.0,0,0,0.0,0.0,1.0,0.0,472.5,0.0
PPO-QP-no-penalty,20260808,32,20262819,4,7,3168,0,96,213.6212789703053,322.13420055654314,674.4447273809354,125.0,0.0,0.0,0,1,0.0,0.0,1.0,0.0,472.5,72.33449892186637
PPO-QP-no-penalty,20260808,33,20262503,157,7,3264,0,96,211.07518884910615,267.0524988025296,558.9139235700544,125.0,0.0,0.0,0,2,0.0,0.0,1.0,1.6653345369377348e-16,472.5,56.246438203702105
PPO-QP-no-penalty,20260808,34,20262599,93,7,3360,0,96,185.79405487253663,173.74482267263684,332.49043897468596,125.0,0.0,0.0,0,1,0.0,0.0,1.0,0.0,472.5,0.0
PPO-QP-no-penalty,20260808,35,20262695,184,7,3456,0,96,226.70132045125578,319.72384148987436,602.7394723656269,125.0,0.0,0.0,0,0,0.0,0.0,1.0,0.0,472.5,3.505936552737165
PPO-QP-no-penalty,20260808,36,20262791,137,7,3552,0,96,172.27483533157886,270.67730058263817,718.7567014277605,125.0,0.0,0.0,0,1,0.0,0.0,1.0,0.0,472.5,213.86059870266814
PPO-QP-no-penalty,20260808,37,20262887,186,8,3648,0,96,196.29979266435853,279.00082756998273,544.7825189782367,125.0,0.0,0.0,0,1,0.0,0.0,1.0,2.7755575615628914e-16,472.5,22.266421928065164
PPO-QP-no-penalty,20260808,38,20262571,98,8,3744,0,96,146.97591543367787,138.75125119614245,996.269551064822,125.0,0.0,0.0,0,1,0.0,0.0,1.0,0.0,472.5,731.2095990385046
PPO-QP-no-penalty,20260808,39,20262667,50,8,3840,0,96,210.4867010980736,268.62929386241274,505.418958496585,125.0,0.0,0.0,0,1,0.0,0.0,1.0,3.3306690738754696e-16,472.5,0.0
PPO-QP-no-penalty,20260808,40,20262763,115,8,3936,0,96,177.3965192365382,234.36910704938373,615.0534517797424,125.0,0.0,0.0,0,1,0.0,0.0,1.0,0.0,472.5,174.66670275868492
PPO-QP-no-penalty,20260808,41,20262859,83,8,4032,0,96,203.18854826768057,216.20891361035706,410.3253132652716,125.0,0.0,0.0,0,1,0.0,0.0,1.0,2.220446049250313e-16,472.5,0.0
PPO-QP-no-penalty,20260808,42,20262955,237,9,4128,0,96,180.59915595403692,362.9698573807656,1120.1312335296677,125.0,0.0,0.0,0,1,0.0,0.0,1.0,1.1102230246251565e-16,472.5,448.07352888863596
PPO-QP-no-penalty,20260808,43,20262639,86,9,4224,0,96,178.85049218946372,181.8811910173042,504.81991142223706,125.0,0.0,0.0,0,2,0.0,0.0,1.0,2.220446049250313e-16,472.5,158.94447462505312
PPO-QP-no-penalty,20260808,44,20262735,45,9,4320,0,96,280.72625052459495,367.5590446450216,690.9057918416751,125.0,0.0,0.0,0,1,0.0,0.0,1.0,0.0,472.5,0.0
PPO-QP-no-penalty,20260808,45,20262831,74,9,4416,0,96,178.93766538603265,214.61248479190655,710.1276195512214,125.0,0.0,0.0,0,0,0.0,0.0,1.0,0.0,472.5,305.14963941510155
PPO-QP-no-penalty,20260808,46,20262927,1,9,4512,0,96,205.41865107365442,283.10777336645253,572.8260526022119,125.0,0.0,0.0,0,1,0.0,0.0,1.0,5.551115123125783e-17,472.5,41.84280397921795
PPO-QP-no-penalty,20260808,47,20263023,204,9,4608,0,96,240.02790141191474,376.5419277807402,757.3394156961278,125.0,0.0,0.0,0,1,0.0,0.0,1.0,0.0,472.5,53.434716477425575
PPO-QP-no-penalty,20260808,48,20263119,175,10,4704,0,96,155.38828748767483,227.25793263470888,1036.9687727562732,125.0,0.0,0.0,0,1,0.0,0.0,1.0,0.0,472.5,611.6231564756081
PPO-QP-no-penalty,20260808,49,20262803,119,10,4800,0,96,131.71501961176216,218.1078779514045,1291.3031628640265,125.0,0.0,0.0,0,2,0.0,0.0,1.0,0.0,472.5,884.745195186503
PPO-QP-no-penalty,20260808,50,20262899,38,10,4896,0,96,187.72582750300333,245.5580750140789,492.710536661718,125.0,0.0,0.0,0,2,0.0,0.0,1.0,0.0,472.5,30.61133833003439
PPO-QP-no-penalty,20260808,51,20262995,217,10,4992,0,96,154.00086348855586,256.1362184533902,1137.5181785012244,125.0,0.0,0.0,0,1,0.0,0.0,1.0,2.7755575615628914e-16,472.5,660.2103745033016
PPO-QP-no-penalty,20260808,52,20263091,62,10,5088,0,96,170.61062770622704,237.40297031357204,600.43295500459,125.0,0.0,0.0,0,1,0.0,0.0,1.0,1.1102230246251565e-16,472.5,155.2830385115977
PPO-QP-no-penalty,20260808,53,20263187,168,11,5184,0,96,145.57226855690942,208.35322699338974,1170.9075643568208,125.0,0.0,0.0,0,1,0.0,0.0,1.0,0.0,472.5,780.7012592158075
PPO-QP-no-penalty,20260808,54,20262871,217,11,5280,0,96,153.24444829956724,256.1530778502543,1137.520424089221,125.0,0.0,0.0,0,1,0.0,0.0,1.0,0.0,472.5,660.4867958259657
PPO-QP-no-penalty,20260808,55,20262967,34,11,5376,0,96,160.3257810659387,215.76868384462546,815.384084736209,125.0,0.0,0.0,0,1,0.0,0.0,1.0,2.7755575615628914e-16,472.5,410.3523703221961
PPO-QP-no-penalty,20260808,56,20263063,167,11,5472,0,96,161.56686016760443,232.54347509967508,847.2590281181266,125.0,0.0,0.0,0,1,0.0,0.0,1.0,0.0,472.5,411.49402403157313
PPO-QP-no-penalty,20260808,57,20263159,178,11,5568,0,96,186.07914202665899,255.06559625180557,586.4241947059768,125.0,0.0,0.0,0,1,0.0,0.0,1.0,0.0,472.5,108.21143898086896
PPO-QP-no-penalty,20260808,58,20263255,209,12,5664,0,96,182.24870017113923,282.5392959582498,794.9959427898195,125.0,0.0,0.0,0,1,0.0,0.0,1.0,0.0,472.5,267.47489475842866
PPO-QP-no-penalty,20260808,59,20262939,209,12,5760,0,96,183.75919457663434,286.82725778655816,803.1555315929994,125.0,0.0,0.0,0,1,0.0,0.0,1.0,5.551115123125783e-17,472.5,267.4481969311584
PPO-QP-no-penalty,20260808,60,20263035,35,12,5856,0,96,135.0009684095736,183.9724815332847,991.8158550533101,125.0,0.0,0.0,0,1,0.0,0.0,1.0,3.885780586188048e-16,472.5,646.4966515761523
PPO-QP-no-penalty,20260808,61,20263131,117,12,5952,0,96,170.865725079642,259.1925485838721,845.3470849125569,125.0,0.0,0.0,0,1,0.0,0.0,1.0,0.0,472.5,361.04260181407227
PPO-QP-no-penalty,20260808,62,20263227,18,12,6048,0,96,293.7749172984016,399.43060356954237,749.2496976930338,125.0,0.0,0.0,0,1,0.0,0.0,1.0,0.0,472.5,0.0
PPO-QP-no-penalty,20260808,63,20263323,116,12,6144,0,96,176.25918300271746,258.35164790182745,723.7388208714574,125.0,0.0,0.0,0,1,0.0,0.0,1.0,5.551115123125783e-17,472.5,240.3856186151777
PPO-QP-no-penalty,20260808,64,20263419,206,13,6240,0,96,214.58623518292444,343.2807679323934,649.0054894937449,125.0,0.0,0.0,0,1,0.0,0.0,1.0,0.0,472.5,8.702230334790663
PPO-QP-no-penalty,20260808,65,20263103,30,13,6336,0,96,246.62802610256634,353.0408853831672,705.8320424748754,125.0,0.0,0.0,0,1,0.0,0.0,1.0,0.0,472.5,44.6068518890011
PPO-QP-no-penalty,20260808,66,20263199,136,13,6432,0,96,174.72661009009832,280.5914100799025,860.7358634251224,125.0,0.0,0.0,0,1,0.0,0.0,1.0,0.0,472.5,337.4086498748433
PPO-QP-no-penalty,20260808,67,20263295,47,13,6528,0,96,193.44422756753244,263.7664261101292,621.097231438285,125.0,0.0,0.0,0,1,0.0,0.0,1.0,2.220446049250313e-16,472.5,126.13819722569471
PPO-QP-no-penalty,20260808,68,20263391,202,13,6624,0,96,162.83953817555033,277.37847493664407,1039.5719355028777,125.0,0.0,0.0,0,1,0.0,0.0,1.0,0.0,472.5,523.2409893111019
PPO-QP-no-penalty,20260808,69,20263487,156,14,6720,0,96,203.90481278183833,250.2392768499339,608.4029790901316,125.0,0.0,0.0,0,1,0.0,0.0,1.0,0.0,472.5,136.67476533973593
PPO-QP-no-penalty,20260808,70,20263171,187,14,6816,0,96,220.82452120116972,297.93026266078306,559.346929274448,125.0,0.0,0.0,0,1,0.0,0.0,1.0,0.0,472.5,0.0
PPO-QP-no-penalty,20260808,71,20263267,161,14,6912,0,96,146.52528700225835,195.17865367895308,626.5507203410871,125.0,0.0,0.0,0,1,0.0,0.0,1.0,0.0,472.5,259.6782546879143
PPO-QP-no-penalty,20260808,72,20263363,122,14,7008,0,96,175.76267651685498,305.31107763388087,817.6370897496199,125.0,0.0,0.0,0,1,0.0,0.0,1.0,2.220446049250313e-16,472.5,249.75209349757108
PPO-QP-no-penalty,20260808,73,20263459,87,14,7104,0,96,192.4962204392483,193.03010503409402,577.0760634469269,125.0,0.0,0.0,0,1,0.0,0.0,1.0,3.885780586188048e-16,472.5,209.46115620206172
PPO-QP-no-penalty,20260808,74,20263555,160,15,7200,0,96,173.15982177322869,232.1525965485329,962.2853744819197,125.0,0.0,0.0,0,0,0.0,0.0,1.0,0.0,472.5,526.1779533811416
PPO-QP-no-penalty,20260808,75,20263239,57,15,7296,0,96,282.7607268299278,337.1546825710438,635.9643721845329,125.0,0.0,0.0,0,1,0.0,0.0,1.0,2.220446049250313e-16,472.5,0.0
PPO-QP-no-penalty,20260808,76,20263335,152,15,7392,0,96,272.22761638768594,296.4085873836986,710.6110815575162,125.0,0.0,0.0,0,1,0.0,0.0,1.0,3.885780586188048e-16,472.5,143.1741535577476
PPO-QP-no-penalty,20260808,77,20263431,170,15,7488,0,96,190.38254554441005,272.0944333704342,610.3041910244526,125.0,0.0,0.0,0,1,0.0,0.0,1.0,0.0,472.5,100.32760582871298
PPO-QP-no-penalty,20260808,78,20263527,226,15,7584,0,96,371.64294269267765,396.0342595807935,801.6968597151895,125.0,0.0,0.0,0,1,0.0,0.0,1.0,0.0,472.5,50.442400354908976
PPO-QP-no-penalty,20260808,79,20263623,234,15,7680,0,96,218.06975905607362,388.9175852968046,779.8841620610938,125.0,0.0,0.0,0,1,0.0,0.0,1.0,0.0,472.5,56.941560875661665
PPO-QP-no-penalty,20260808,80,20263719,18,16,7776,0,96,294.1110765505625,399.0903835559486,748.7172441229897,125.0,0.0,0.0,0,1,0.0,0.0,1.0,0.0,472.5,0.0
PPO-QP-no-penalty,20260808,81,20263403,223,16,7872,0,96,186.94473763762886,285.44336045322933,907.2560224897211,125.0,0.0,0.0,0,0,0.0,0.0,1.0,0.0,472.5,374.0776642815874
PPO-QP-no-penalty,20260808,82,20263499,78,16,7968,0,96,175.5112229597856,204.39203501660097,514.8500299170925,125.0,0.0,0.0,0,2,0.0,0.0,1.0,0.0,472.5,128.56286679746268
PPO-QP-no-penalty,20260808,83,20263595,58,16,8064,0,96,205.76387198205626,263.5528023352411,593.3295587094062,125.0,0.0,0.0,0,1,0.0,0.0,1.0,0.0,472.5,97.31724718353767
PPO-QP-no-penalty,20260808,84,20263691,162,16,8160,0,96,203.39174574676684,261.7369905045696,505.898773458778,125.0,0.0,0.0,0,1,0.0,0.0,1.0,0.0,472.5,13.404720078614625
PPO-QP-no-penalty,20260808,85,20263787,4,17,8256,0,96,212.25927743675112,319.79341130335473,646.5493142557837,125.0,0.0,0.0,0,1,0.0,0.0,1.0,1.6653345369377348e-16,472.5,48.64399621984101
PPO-QP-no-penalty,20260808,86,20263471,42,17,8352,0,96,139.41676038220655,189.24240290815297,527.7947815259712,125.0,0.0,0.0,0,1,0.0,0.0,1.0,0.0,472.5,172.36394288606996
PPO-QP-no-penalty,20260808,87,20263567,53,17,8448,0,96,189.41699998882862,255.7486622385963,683.4851732858791,125.0,0.0,0.0,0,1,0.0,0.0,1.0,0.0,472.5,203.01363690988214
PPO-QP-no-penalty,20260808,88,20263663,206,17,8544,0,96,215.69472927401532,343.40637401004125,661.4979302176986,125.0,0.0,0.0,0,1,0.0,0.0,1.0,2.220446049250313e-16,472.5,20.926924137051632
PPO-QP-no-penalty,20260808,89,20263759,99,17,8640,0,96,200.2934372669157,180.09653629804555,414.9752357532964,125.0,0.0,0.0,0,1,0.0,0.0,1.0,0.0,472.5,69.85103944186285
PPO-QP-no-penalty,20260808,90,20263855,141,18,8736,0,96,184.51436317433277,302.2614579365261,607.9237013116106,125.0,0.0,0.0,0,1,0.0,0.0,1.0,1.1102230246251565e-16,472.5,44.464810622745375
PPO-QP-no-penalty,20260808,91,20263539,179,18,8832,0,96,194.09029376481317,295.97140239976005,601.6142736904674,125.0,0.0,0.0,0,1,0.0,0.0,1.0,0.0,472.5,48.566405651696726
PPO-QP-no-penalty,20260808,92,20263635,120,18,8928,0,96,167.95636653598945,276.8613285753539,763.2892187756554,125.0,0.0,0.0,0,1,0.0,0.0,1.0,0.0,472.5,247.13384829151613
PPO-QP-no-penalty,20260808,93,20263731,234,18,9024,0,96,215.9297656598929,387.3882639732509,743.5650132321823,125.0,0.0,0.0,0,1,0.0,0.0,1.0,0.0,472.5,23.64003401430771
PPO-QP-no-penalty,20260808,94,20263827,31,18,9120,0,96,202.23703024460494,279.53069311990095,626.3374062093211,125.0,0.0,0.0,0,1,0.0,0.0,1.0,1.6653345369377348e-16,472.5,101.44911938683876
PPO-QP-no-penalty,20260808,95,20263923,72,18,9216,0,96,180.58955983248566,236.87646095721345,828.8096772419409,125.0,0.0,0.0,0,2,0.0,0.0,1.0,3.885780586188048e-16,472.5,383.49767864603876
PPO-QP-no-penalty,20260808,96,20264019,156,19,9312,0,96,205.20378980670566,259.0984332086737,621.2812008559628,125.0,0.0,0.0,0,1,0.0,0.0,1.0,0.0,472.5,133.28974123010997
PPO-QP-no-penalty,20260808,97,20263703,53,19,9408,0,96,190.18672189154856,256.2503800840783,710.2763433052818,125.0,0.0,0.0,0,1,0.0,0.0,1.0,2.220446049250313e-16,472.5,228.77664386058245
PPO-QP-no-penalty,20260808,98,20263799,67,19,9504,0,96,190.25644642949248,263.22537635427113,778.3549751484874,125.0,0.0,0.0,0,1,0.0,0.0,1.0,3.3306690738754696e-16,472.5,284.13573681038923
PPO-QP-no-penalty,20260808,99,20263895,100,19,9600,0,96,173.22177144857721,165.56688577362928,623.6306431523528,125.0,0.0,0.0,0,1,0.0,0.0,1.0,3.885780586188048e-16,472.5,307.247670794606
PPO-QP-no-penalty,20260808,100,20263991,11,19,9696,0,96,285.1114838334054,283.06589950292124,553.0986199704081,125.0,0.0,0.0,0,2,0.0,0.0,1.0,0.0,472.5,13.961075271382233
PPO-QP-no-penalty,20260808,101,20264087,57,20,9792,0,96,283.1571929580677,336.72291328333546,635.5394655729332,125.0,0.0,0.0,0,1,0.0,0.0,1.0,3.3306690738754696e-16,472.5,0.0
PPO-QP-no-penalty,20260808,102,20263771,101,20,9888,0,96,181.58361642557193,175.36663460427118,548.5647865755413,125.0,0.0,0.0,0,1,0.0,0.0,1.0,5.551115123125783e-17,472.5,213.94691647235848
PPO-QP-no-penalty,20260808,103,20263867,98,20,9984,0,96,146.96918043063076,143.34184929796436,996.2396234693498,125.0,0.0,0.0,0,1,0.0,0.0,1.0,0.0,472.5,722.7515771018067
PPO-QP-no-penalty,20260808,104,20263963,5,20,10080,0,96,207.9979504456663,301.46373964769344,564.5121666009345,125.0,0.0,0.0,0,1,0.0,0.0,1.0,0.0,472.5,0.0
PPO-QP-no-penalty,20260808,105,20264059,104,20,10176,0,96,149.2616284454466,162.5240813213889,991.8437752847163,125.0,0.0,0.0,0,1,0.0,0.0,1.0,2.7755575615628914e-16,472.5,683.6345120919397
PPO-QP-no-penalty,20260808,106,20264155,59,21,10272,0,96,276.49104036491616,331.6934296893701,625.5386474065901,125.0,0.0,0.0,0,1,0.0,0.0,1.0,0.0,472.5,0.0
PPO-QP-no-penalty,20260808,107,20263839,141,21,10368,0,96,187.99038937663923,307.8674304694701,651.3156640749935,125.0,0.0,0.0,0,1,0.0,0.0,1.0,2.220446049250313e-16,472.5,77.53411998485036
PPO-QP-no-penalty,20260808,108,20263935,181,21,10464,0,96,160.99431131440738,245.59672447646096,743.8488183293362,125.0,0.0,0.0,0,1,0.0,0.0,1.0,1.6653345369377348e-16,472.5,284.4676025916996
PPO-QP-no-penalty,20260808,109,20264031,69,21,10560,0,96,163.4159996614392,237.2150558712022,481.5696719117859,125.0,0.0,0.0,0,1,0.0,0.0,1.0,0.0,472.5,37.341873134979934
PPO-QP-no-penalty,20260808,110,20264127,178,21,10656,0,96,190.49115028723557,267.3757452249521,605.436307418163,125.0,0.0,0.0,0,1,0.0,0.0,1.0,0.0,472.5,104.21999681964179
PPO-QP-no-penalty,20260808,111,20264223,149,21,10752,0,96,187.77869588577863,232.54172140467315,696.6597543946908,125.0,0.0,0.0,0,1,0.0,0.0,1.0,0.0,472.5,258.4869190280217
PPO-QP-no-penalty,20260808,112,20264319,77,22,10848,0,96,129.21732539446532,161.8649222481999,1201.7566993284588,125.0,0.0,0.0,0,1,0.0,0.0,1.0,1.6653345369377348e-16,472.5,896.7287219896856
PPO-QP-no-penalty,20260808,113,20264003,134,22,10944,0,96,195.13497235386728,308.84345353745914,754.2006352626532,125.0,0.0,0.0,0,1,0.0,0.0,1.0,2.7755575615628914e-16,472.5,177.83383096678946
PPO-QP-no-penalty,20260808,114,20264099,54,22,11040,0,96,188.64558082001005,258.99347770721965,715.0215606370396,125.0,0.0,0.0,0,2,0.0,0.0,1.0,0.0,472.5,229.04708640703728
PPO-QP-no-penalty,20260808,115,20264195,215,22,11136,0,96,283.62064725875535,444.90764821591773,839.9147414950485,125.0,0.0,0.0,0,1,0.0,0.0,1.0,1.6653345369377348e-16,472.5,8.030728779763784
PPO-QP-no-penalty,20260808,116,20264291,70,22,11232,0,96,135.18011524023706,193.93739017517862,1179.1989300785258,125.0,0.0,0.0,0,1,0.0,0.0,1.0,0.0,472.5,815.770279300927
PPO-QP-no-penalty,20260808,117,20264387,213,23,11328,0,96,271.6860001852909,434.44486068765855,937.4921359664311,125.0,0.0,0.0,0,1,0.0,0.0,1.0,5.551115123125783e-17,472.5,121.84348683717059
PPO-QP-no-penalty,20260808,118,20264071,145,23,11424,0,96,175.00587605768766,250.48519176703985,503.0512412658261,125.0,0.0,0.0,0,1,0.0,0.0,1.0,0.0,472.5,33.49284414955586
PPO-QP-no-penalty,20260808,119,20264167,100,23,11520,0,96,174.4867352841379,168.8755436597055,648.0337910012115,125.0,0.0,0.0,0,1,0.0,0.0,1.0,0.0,472.5,325.1060312444279
PPO-QP-no-penalty,20260808,120,20264263,31,23,11616,0,96,198.64425568452648,273.8795335616117,568.2726094270214,125.0,0.0,0.0,0,1,0.0,0.0,1.0,2.220446049250313e-16,472.5,53.752909553114186
PPO-QP-no-penalty,20260808,121,20264359,166,23,11712,0,96,282.4854952182878,333.6468714208583,636.9588238044347,125.0,0.0,0.0,0,1,0.0,0.0,1.0,3.3306690738754696e-16,472.5,5.77434331361861
PPO-QP-no-penalty,20260808,122,20264455,177,24,11808,0,96,179.37591838065558,262.4037366801912,625.5141656363031,125.0,0.0,0.0,0,1,0.0,0.0,1.0,0.0,472.5,134.19374673255632
PPO-QP-no-penalty,20260808,123,20264139,144,24,11904,0,96,295.95462010468384,368.4969630610678,693.4608635515426,125.0,0.0,0.0,0,0,0.0,0.0,1.0,0.0,472.5,0.0
PPO-QP-no-penalty,20260808,124,20264235,10,24,12000,0,96,210.67248686590887,281.95886399390935,529.7236824294592,125.0,0.0,0.0,0,2,0.0,0.0,1.0,0.0,472.5,0.0
PPO-QP-no-penalty,20260808,125,20264331,189,24,12096,0,96,149.63662805365448,216.27796958505184,1044.2879339431408,125.0,0.0,0.0,0,1,0.0,0.0,1.0,0.0,472.5,639.3607363459802
PPO-QP-no-penalty,20260808,126,20264427,92,24,12192,0,96,276.70749577082694,224.54638760065913,432.7845789399363,125.0,0.0,0.0,0,2,0.0,0.0,1.0,0.0,472.5,0.0
PPO-QP-no-penalty,20260808,127,20264523,230,24,12288,0,96,168.39836804861113,275.0267384980272,895.1513969525109,125.0,0.0,0.0,0,1,0.0,0.0,1.0,3.885780586188048e-16,472.5,382.12688820499903
PPO-QP-no-penalty,20260808,128,20264619,13,25,12384,0,96,162.3361286158043,217.27807834096998,550.9944462595829,125.0,0.0,0.0,0,1,0.0,0.0,1.0,2.220446049250313e-16,472.5,142.36217306762117
PPO-QP-no-penalty,20260808,129,20264303,181,25,12480,0,96,162.5277005749955,249.12356118596202,785.3705449877535,125.0,0.0,0.0,0,1,0.0,0.0,1.0,0.0,472.5,319.5118060740372
PPO-QP-no-penalty,20260808,130,20264399,36,25,12576,0,96,255.0978421619216,339.2907341822058,637.1172255556503,125.0,0.0,0.0,0,1,0.0,0.0,1.0,3.3306690738754696e-16,472.5,0.0
PPO-QP-no-penalty,20260808,131,20264495,8,25,12672,0,96,206.13834932705754,287.3220415339901,550.5466288375118,125.0,0.0,0.0,0,0,0.0,0.0,1.0,0.0,472.5,11.774361026750277
PPO-QP-no-penalty,20260808,132,20264591,47,25,12768,0,96,186.0807604898263,254.97586033336773,499.6298105278606,125.0,0.0,0.0,0,1,0.0,0.0,1.0,1.6653345369377348e-16,472.5,20.78094644559114
PPO-QP-no-penalty,20260808,133,20264687,127,26,12864,0,96,247.5625328731567,396.9648407291892,740.2332682135655,125.0,0.0,0.0,0,2,0.0,0.0,1.0,0.0,472.5,0.0
PPO-QP-no-penalty,20260808,134,20264371,81,26,12960,0,96,200.68907662764792,240.36161956523026,454.3048948472129,125.0,0.0,0.0,0,1,0.0,0.0,1.0,0.0,472.5,0.0
PPO-QP-no-penalty,20260808,135,20264467,84,26,13056,0,96,158.39220524220474,168.66523436157692,562.5069266507329,125.0,0.0,0.0,0,1,0.0,0.0,1.0,0.0,472.5,241.89485320032992
PPO-QP-no-penalty,20260808,136,20264563,217,26,13152,0,96,154.59841159236998,257.87201255241536,1120.0607673138231,125.0,0.0,0.0,0,1,0.0,0.0,1.0,1.1102230246251565e-16,472.5,639.3378274090574
PPO-QP-no-penalty,20260808,137,20264659,162,26,13248,0,96,203.81899315127464,258.4651277464291,493.500044580681,125.0,0.0,0.0,0,1,0.0,0.0,1.0,0.0,472.5,6.749348250213267
PPO-QP-no-penalty,20260808,138,20264755,118,27,13344,0,96,157.12304616632954,241.66419446820063,496.44761231262265,125.0,0.0,0.0,0,1,0.0,0.0,1.0,0.0,472.5,44.88211623500542
PPO-QP-no-penalty,20260808,139,20264439,148,27,13440,0,96,165.8558109766865,213.70017234311598,542.0470861764711,125.0,0.0,0.0,0,1,0.0,0.0,1.0,0.0,472.5,139.77602434800792
PPO-QP-no-penalty,20260808,140,20264535,205,27,13536,0,96,255.24832890048313,395.90605050172314,816.5352009603873,125.0,0.0,0.0,0,1,0.0,0.0,1.0,3.885780586188048e-16,472.5,72.28195171078679
PPO-QP-no-penalty,20260808,141,20264631,81,27,13632,0,96,197.6028841259096,233.6883370132729,441.97249069298556,125.0,0.0,0.0,0,1,0.0,0.0,1.0,0.0,472.5,0.0
PPO-QP-no-penalty,20260808,142,20264727,220,27,13728,0,96,318.937614553579,364.13266434338385,695.0537020808307,125.0,0.0,0.0,0,1,0.0,0.0,1.0,0.0,472.5,6.6173758181089015
PPO-QP-no-penalty,20260808,143,20264823,152,27,13824,0,96,272.7474467610637,296.32088238866305,683.6687136618563,125.0,0.0,0.0,0,1,0.0,0.0,1.0,1.6653345369377348e-16,472.5,117.17544251039699
PPO-QP-no-penalty,20260808,144,20264919,31,28,13920,0,96,200.9233863746832,276.5692191527795,597.0400622323452,125.0,0.0,0.0,0,2,0.0,0.0,1.0,0.0,472.5,77.10086703100316
PPO-QP-no-penalty,20260808,145,20264603,70,28,14016,0,96,133.99661080167323,190.6869406229611,1168.0476033251762,125.0,0.0,0.0,0,2,0.0,0.0,1.0,1.1102230246251565e-16,472.5,810.6212571453616
PPO-QP-no-penalty,20260808,146,20264699,184,28,14112,0,96,225.0167034370978,318.63738259217365,597.158991570868,125.0,0.0,0.0,0,1,0.0,0.0,1.0,0.0,472.5,0.0
PPO-QP-no-penalty,20260808,147,20264795,112,28,14208,0,96,135.16427386753,146.41772702818588,1204.06393126772,125.0,0.0,0.0,0,1,0.0,0.0,1.0,3.885780586188048e-16,472.5,926.285253451526
PPO-QP-no-penalty,20260808,148,20264891,239,28,14304,0,96,194.66800828253804,404.40132699568176,865.3008777845031,125.0,0.0,0.0,0,1,0.0,0.0,1.0,0.0,472.5,116.92001963515085
PPO-QP-no-penalty,20260808,149,20264987,91,29,14400,0,96,141.72714960195557,138.95806582375738,391.9123753512061,125.0,0.0,0.0,0,1,0.0,0.0,1.0,0.0,472.5,126.5359829276574
PPO-QP-no-penalty,20260808,150,20264671,233,29,14496,0,96,219.3338173016918,395.29022401583757,844.666478123068,125.0,0.0,0.0,0,1,0.0,0.0,1.0,5.551115123125783e-17,472.5,109.24005016304028
PPO-QP-no-penalty,20260808,151,20264767,220,29,14592,0,96,314.86046167709554,364.29015896425,689.6589053787882,125.0,0.0,0.0,0,1,0.0,0.0,1.0,0.0,472.5,1.3614830751714613
PPO-QP-no-penalty,20260808,152,20264863,183,29,14688,0,96,225.86653974153083,320.26863316265155,602.3182216465143,125.0,0.0,0.0,0,1,0.0,0.0,1.0,0.0,472.5,2.0493238057366745
PPO-QP-no-penalty,20260808,153,20264959,82,29,14784,0,96,214.1255746152799,244.30690939051092,515.8532526665587,125.0,0.0,0.0,0,1,0.0,0.0,1.0,0.0,472.5,53.30266188450443
PPO-QP-no-penalty,20260808,154,20265055,185,30,14880,0,96,203.97720697999895,299.8865131506861,561.1811988096551,125.0,0.0,0.0,0,1,0.0,0.0,1.0,0.0,472.5,0.0
PPO-QP-no-penalty,20260808,155,20264739,52,30,14976,0,96,198.4385589181656,264.07542509561006,642.4635939588889,125.0,0.0,0.0,0,1,0.0,0.0,1.0,3.3306690738754696e-16,472.5,146.27468131802516
PPO-QP-no-penalty,20260808,156,20264835,100,30,15072,0,96,174.70487844651203,171.64309637033807,651.903148870546,125.0,0.0,0.0,0,1,0.0,0.0,1.0,0.0,472.5,324.29522997636303
PPO-QP-no-penalty,20260808,157,20264931,230,30,15168,0,96,169.03212078633487,276.69018781661214,921.0128584873293,125.0,0.0,0.0,0,2,0.0,0.0,1.0,3.3306690738754696e-16,472.5,405.1268587578151
PPO-QP-no-penalty,20260808,158,20265027,8,30,15264,0,96,206.5745141728286,286.107792360919,547.2818822946431,125.0,0.0,0.0,0,1,0.0,0.0,1.0,0.0,472.5,10.428588550142937
PPO-QP-no-penalty,20260808,159,20265123,119,30,15360,0,96,130.05935722183193,217.6841179968702,1256.6949900129541,125.0,0.0,0.0,0,1,0.0,0.0,1.0,5.551115123125783e-17,472.5,850.9671922477679
PPO-QP-no-penalty,20260808,160,20265219,1,31,15456,0,96,205.05746529155317,281.5954576509812,536.8268991978275,125.0,0.0,0.0,0,0,0.0,0.0,1.0,2.220446049250313e-16,472.5,8.443519233133507
PPO-QP-no-penalty,20260808,161,20264903,104,31,15552,0,96,149.14811946578178,157.27032078828594,981.3717607718102,125.0,0.0,0.0,0,1,0.0,0.0,1.0,0.0,472.5,682.6116249762465
PPO-QP-no-penalty,20260808,162,20264999,225,31,15648,0,96,331.5612114368439,344.4907667753574,681.9623941310425,125.0,0.0,0.0,0,1,0.0,0.0,1.0,1.1102230246251565e-16,472.5,27.666979990453253
PPO-QP-no-penalty,20260808,163,20265095,62,31,15744,0,96,168.33036519765503,233.76714975593566,555.6552501290478,125.0,0.0,0.0,0,1,0.0,0.0,1.0,1.6653345369377348e-16,472.5,117.19656627712934
PPO-QP-no-penalty,20260808,164,20265191,222,31,15840,0,96,272.6965828444666,317.8631734208458,740.2736055396608,125.0,0.0,0.0,0,1,0.0,0.0,1.0,1.1102230246251565e-16,472.5,139.91681297157618
PPO-QP-no-penalty,20260808,165,20265287,23,32,15936,0,96,278.7898751393501,398.33494751434887,745.8327121461649,125.0,0.0,0.0,0,1,0.0,0.0,1.0,2.7755575615628914e-16,472.5,0.0
PPO-QP-no-penalty,20260808,166,20264971,150,32,16032,0,96,192.5434437299958,233.51372533104467,585.9486129806183,125.0,0.0,0.0,0,1,0.0,0.0,1.0,0.0,472.5,145.0890307445418
PPO-QP-no-penalty,20260808,167,20265067,39,32,16128,0,96,188.52738460584143,258.3672820334757,625.8468284171869,125.0,0.0,0.0,0,1,0.0,0.0,1.0,1.1102230246251565e-16,472.5,140.90224221107485
PPO-QP-no-penalty,20260808,168,20265163,37,32,16224,0,96,290.0411248640479,358.7327317514256,676.5664325428725,125.0,0.0,0.0,0,1,0.0,0.0,1.0,0.0,472.5,0.0
PPO-QP-no-penalty,20260808,169,20265259,107,32,16320,0,96,177.4243848086818,189.00091939191148,359.0671697233221,125.0,0.0,0.0,0,0,0.0,0.0,1.0,0.0,472.5,0.0
PPO-QP-no-penalty,20260808,170,20265355,124,33,16416,0,96,275.32337803473416,414.6429010978718,774.9712542016637,125.0,0.0,0.0,0,1,0.0,0.0,1.0,0.0,472.5,0.0
PPO-QP-no-penalty,20260808,171,20265039,96,33,16512,0,96,169.58292634453514,159.42078685944276,441.6392731790008,125.0,0.0,0.0,0,1,0.0,0.0,1.0,3.885780586188048e-16,472.5,136.61242498066423
PPO-QP-no-penalty,20260808,172,20265135,118,33,16608,0,96,159.5316902404473,251.8431423849392,511.28535315876366,125.0,0.0,0.0,0,1,0.0,0.0,1.0,3.885780586188048e-16,472.5,40.94244619795012
PPO-QP-no-penalty,20260808,173,20265231,19,33,16704,0,96,310.1617999731922,429.56561684229365,804.8495034588927,125.0,0.0,0.0,0,1,0.0,0.0,1.0,1.1102230246251565e-16,472.5,0.0
PPO-QP-no-penalty,20260808,174,20265327,71,33,16800,0,96,176.62482715422513,231.60565734847106,620.2729027634275,125.0,0.0,0.0,0,2,0.0,0.0,1.0,3.885780586188048e-16,472.5,184.7945803815912
PPO-QP-no-penalty,20260808,175,20265423,71,33,16896,0,96,176.8452350834677,232.97952128634287,627.5333920472796,125.0,0.0,0.0,0,1,0.0,0.0,1.0,0.0,472.5,189.51972356478157
PPO-QP-no-penalty,20260808,176,20265519,27,34,16992,0,96,151.29092811569637,229.46009453138674,740.7429503113063,125.0,0.0,0.0,0,1,0.0,0.0,1.0,1.1102230246251565e-16,472.5,311.4492883752793
PPO-QP-no-penalty,20260808,177,20265203,98,34,17088,0,96,148.07755077330003,136.79428014308695,974.6399239098907,125.0,0.0,0.0,0,1,0.0,0.0,1.0,1.1102230246251565e-16,472.5,712.679233524082
PPO-QP-no-penalty,20260808,178,20265299,23,34,17184,0,96,279.5786562028267,400.1588461223368,749.3628723493646,125.0,0.0,0.0,0,1,0.0,0.0,1.0,1.6653345369377348e-16,472.5,0.0
PPO-QP-no-penalty,20260808,179,20265395,151,34,17280,0,96,197.43786512328447,229.45404325725025,435.03412653114555,125.0,0.0,0.0,0,1,0.0,0.0,1.0,0.0,472.5,1.172523380858324
PPO-QP-no-penalty,20260808,180,20265491,104,34,17376,0,96,148.47267322447385,163.21069454639957,989.1330329065104,125.0,0.0,0.0,0,1,0.0,0.0,1.0,0.0,472.5,679.7078207624909
PPO-QP-no-penalty,20260808,181,20265587,187,35,17472,0,96,222.26146918678143,301.7328866100027,566.3465930370994,125.0,0.0,0.0,0,1,0.0,0.0,1.0,5.551115123125783e-17,472.5,0.0
PPO-QP-no-penalty,20260808,182,20265271,51,35,17568,0,96,192.24205559729782,253.07203229917707,529.030663442606,125.0,0.0,0.0,0,1,0.0,0.0,1.0,0.0,472.5,53.23587916961877
PPO-QP-no-penalty,20260808,183,20265367,54,35,17664,0,96,191.02147940928035,260.85034968330757,736.6489081310438,125.0,0.0,0.0,0,0,0.0,0.0,1.0,1.6653345369377348e-16,472.5,247.06967181299137
PPO-QP-no-penalty,20260808,184,20265463,53,35,17760,0,96,191.18418118177254,258.4941346967338,732.725836258275,125.0,0.0,0.0,0,0,0.0,0.0,1.0,1.6653345369377348e-16,472.5,247.40823519774017
PPO-QP-no-penalty,20260808,185,20265559,128,35,17856,0,96,188.5616372627387,329.83861495869394,648.8793877148842,125.0,0.0,0.0,0,1,0.0,0.0,1.0,1.1102230246251565e-16,472.5,35.129793312197634
PPO-QP-no-penalty,20260808,186,20265655,154,36,17952,0,96,164.4094015065807,198.43224192166545,690.2463044799698,125.0,0.0,0.0,0,1,0.0,0.0,1.0,2.7755575615628914e-16,472.5,315.35448486285236
PPO-QP-no-penalty,20260808,187,20265339,100,36,18048,0,96,166.38894042474115,165.33234523319803,543.5976510277762,125.0,0.0,0.0,0,1,0.0,0.0,1.0,2.220446049250313e-16,472.5,228.3671260944698
PPO-QP-no-penalty,20260808,188,20265435,122,36,18144,0,96,175.9849510526311,302.69963537154234,805.0837691168404,125.0,0.0,0.0,0,1,0.0,0.0,1.0,1.6653345369377348e-16,472.5,241.62985661761442
PPO-QP-no-penalty,20260808,189,20265531,76,36,18240,0,96,150.28961236330974,184.89596363821508,818.3151921762895,125.0,0.0,0.0,0,1,0.0,0.0,1.0,3.3306690738754696e-16,472.5,469.4772969273194
PPO-QP-no-penalty,20260808,190,20265627,228,36,18336,0,96,267.0055093440899,403.37357767751394,754.0165001579734,125.0,0.0,0.0,0,1,0.0,0.0,1.0,0.0,472.5,0.0
PPO-QP-no-penalty,20260808,191,20265723,160,36,18432,0,96,165.29821477653036,219.10639015321732,832.8700725976586,125.0,0.0,0.0,0,1,0.0,0.0,1.0,0.0,472.5,420.81950894172695
PPO-QP-no-penalty,20260808,192,20265819,16,37,18528,0,96,222.57547901732724,295.09456946788885,554.4157517755675,125.0,0.0,0.0,0,0,0.0,0.0,1.0,0.0,472.5,0.0
PPO-QP-no-penalty,20260808,193,20265503,147,37,18624,0,96,127.57986238736576,164.36337063292956,1073.6071385600908,125.0,0.0,0.0,0,2,0.0,0.0,1.0,5.551115123125783e-17,472.5,764.0447805092252
PPO-QP-no-penalty,20260808,194,20265599,25,37,18720,0,96,283.9258988863223,416.6576170456253,779.4130516735439,125.0,0.0,0.0,0,1,0.0,0.0,1.0,1.1102230246251565e-16,472.5,0.0
PPO-QP-no-penalty,20260808,195,20265695,141,37,18816,0,96,181.35114208249342,297.0194771291139,561.8713943051584,125.0,0.0,0.0,0,1,0.0,0.0,1.0,0.0,472.5,8.066150628988352
PPO-QP-no-penalty,20260808,196,20265791,48,37,18912,0,96,152.85275426348997,215.8692630304345,796.1879452405792,125.0,0.0,0.0,0,1,0.0,0.0,1.0,0.0,472.5,391.37281660538196
PPO-QP-no-penalty,20260808,197,20265887,48,38,19008,0,96,149.2273640793735,206.6839777395297,721.7871555366315,125.0,0.0,0.0,0,2,0.0,0.0,1.0,2.220446049250313e-16,472.5,333.94492017441894
PPO-QP-no-penalty,20260808,198,20265571,127,38,19104,0,96,245.59026548199927,389.0903840726117,725.952972069486,125.0,0.0,0.0,0,1,0.0,0.0,1.0,0.0,472.5,0.0
PPO-QP-no-penalty,20260808,199,20265667,180,38,19200,0,96,221.46809460736853,309.29777335963524,580.0342439781332,125.0,0.0,0.0,0,1,0.0,0.0,1.0,0.0,472.5,0.0
PPO-QP-no-penalty,20260808,200,20265763,71,38,19296,0,96,175.11492848054263,229.23334861147447,614.314456177222,125.0,0.0,0.0,0,0,0.0,0.0,1.0,2.220446049250313e-16,472.5,183.19759804162317
PPO-QP-no-penalty,20260808,201,20265859,126,38,19392,0,96,137.04960877052525,246.08356291185441,1046.499507108632,125.0,0.0,0.0,0,1,0.0,0.0,1.0,0.0,472.5,588.8450359481237
PPO-QP-no-penalty,20260808,202,20265955,48,39,19488,0,96,153.24402213775505,216.93421729042353,802.9599758187414,125.0,0.0,0.0,0,1,0.0,0.0,1.0,2.7755575615628914e-16,472.5,396.21435294566186
PPO-QP-no-penalty,20260808,203,20265639,228,39,19584,0,96,266.601288998412,400.6646385177011,749.649223691566,125.0,0.0,0.0,0,1,0.0,0.0,1.0,0.0,472.5,0.0
PPO-QP-no-penalty,20260808,204,20265735,228,39,19680,0,96,266.06504199653494,402.0533916545237,751.8331485456091,125.0,0.0,0.0,0,1,0.0,0.0,1.0,0.0,472.5,0.0
PPO-QP-no-penalty,20260808,205,20265831,213,39,19776,0,96,266.9153684814703,426.82551141777066,864.1779292136464,125.0,0.0,0.0,0,0,0.0,0.0,1.0,0.0,472.5,64.19566217520746
PPO-QP-no-penalty,20260808,206,20265927,183,39,19872,0,96,224.2805729792893,316.4479117687102,595.2651483647447,125.0,0.0,0.0,0,0,0.0,0.0,1.0,0.0,472.5,2.0487194667918707
PPO-QP-no-penalty,20260808,207,20266023,137,39,19968,0,96,166.25672918561284,264.8792047803625,598.615292342806,125.0,0.0,0.0,0,1,0.0,0.0,1.0,0.0,472.5,104.14920746226203
PPO-QP-no-penalty,20260808,208,20266119,22,40,20064,0,96,262.88692519371585,309.9720316693496,618.6817044119438,125.0,0.0,0.0,0,2,0.0,0.0,1.0,3.885780586188048e-16,472.5,33.55777516727126
PPO-QP-no-penalty,20260808,209,20265803,48,40,20160,0,96,159.5488738814489,224.95744847044412,884.8287861148277,125.0,0.0,0.0,0,1,0.0,0.0,1.0,0.0,472.5,463.1098205104551
PPO-QP-no-penalty,20260808,210,20265899,9,40,20256,0,96,247.77678917783507,335.4714209014463,630.1598963513318,125.0,0.0,0.0,0,2,0.0,0.0,1.0,0.0,472.5,0.0
PPO-QP-no-penalty,20260808,211,20265995,206,40,20352,0,96,213.98781557551723,333.903985710373,623.441141793755,125.0,0.0,0.0,0,1,0.0,0.0,1.0,3.885780586188048e-16,472.5,0.0
PPO-QP-no-penalty,20260808,212,20266091,121,40,20448,0,96,164.72326872191104,287.5643357489122,756.8333083389057,125.0,0.0,0.0,0,1,0.0,0.0,1.0,0.0,472.5,221.88555455290316
PPO-QP-no-penalty,20260808,213,20266187,212,41,20544,0,96,208.46888692418426,348.0580599174774,654.2453062309833,125.0,0.0,0.0,0,1,0.0,0.0,1.0,1.1102230246251565e-16,472.5,5.661228313720209
PPO-QP-no-penalty,20260808,214,20265871,102,41,20640,0,96,165.77430246925442,156.70484108009617,568.651648734127,125.0,0.0,0.0,0,0,0.0,0.0,1.0,2.7755575615628914e-16,472.5,269.01545209074743
PPO-QP-no-penalty,20260808,215,20265967,176,41,20736,0,96,171.98732889873597,251.62062306704792,554.4861395731214,125.0,0.0,0.0,0,1,0.0,0.0,1.0,0.0,472.5,83.32151154752066
PPO-QP-no-penalty,20260808,216,20266063,196,41,20832,0,96,136.04178618798665,232.83477414353848,1046.609852798574,125.0,0.0,0.0,0,1,0.0,0.0,1.0,0.0,472.5,612.6637313206991
PPO-QP-no-penalty,20260808,217,20266159,184,41,20928,0,96,223.5672054063155,311.98395461534176,584.8300061804911,125.0,0.0,0.0,0,1,0.0,0.0,1.0,0.0,472.5,0.0
PPO-QP-no-penalty,20260808,218,20266255,209,42,21024,0,96,171.48531349698635,264.83710949561237,614.4955655761157,125.0,0.0,0.0,0,1,0.0,0.0,1.0,0.0,472.5,119.56249616808257
PPO-QP-no-penalty,20260808,219,20265939,35,42,21120,0,96,124.55642230930965,168.67814605628337,813.4966293715362,125.0,0.0,0.0,0,1,0.0,0.0,1.0,0.0,472.5,496.3912671065238
PPO-QP-no-penalty,20260808,220,20266035,189,42,21216,0,96,142.21337671575216,209.7828439638562,900.6555482260823,125.0,0.0,0.0,0,1,0.0,0.0,1.0,1.6653345369377348e-16,472.5,507.69966226922423
PPO-QP-no-penalty,20260808,221,20266131,78,42,21312,0,96,172.2613641520839,199.5466360104867,461.71764246628567,125.0,0.0,0.0,0,0,0.0,0.0,1.0,1.6653345369377348e-16,472.5,84.51119479982329
PPO-QP-no-penalty,20260808,222,20266227,223,42,21408,0,96,181.27591036108964,267.44872089803124,719.8762093995992,125.0,0.0,0.0,0,0,0.0,0.0,1.0,0.0,472.5,219.46963054186418
PPO-QP-no-penalty,20260808,223,20266323,235,42,21504,0,96,220.21059659680688,412.4399763074546,765.3129259344256,125.0,0.0,0.0,0,1,0.0,0.0,1.0,0.0,472.5,0.0
PPO-QP-no-penalty,20260808,224,20266419,105,43,21600,0,96,140.79051086022247,148.0009589616946,591.0246606791032,125.0,0.0,0.0,0,1,0.0,0.0,1.0,0.0,472.5,309.55612674334606
PPO-QP-no-penalty,20260808,225,20266103,223,43,21696,0,96,195.58422290075205,277.6087786199629,791.228777591614,125.0,0.0,0.0,0,1,0.0,0.0,1.0,0.0,472.5,270.8319168601507
PPO-QP-no-penalty,20260808,226,20266199,135,43,21792,0,96,210.32764759383602,319.7619547732586,630.3881499391268,125.0,0.0,0.0,0,1,0.0,0.0,1.0,0.0,472.5,32.66394068099888
PPO-QP-no-penalty,20260808,227,20266295,114,43,21888,0,96,169.13327826184062,206.45242348375325,494.88706141319824,125.0,0.0,0.0,0,0,0.0,0.0,1.0,0.0,472.5,105.28801226311364
PPO-QP-no-penalty,20260808,228,20266391,42,43,21984,0,96,124.59782058364777,164.1031966522997,326.6462380475982,125.0,0.0,0.0,0,1,0.0,0.0,1.0,0.0,472.5,17.72652041820938
PPO-QP-no-penalty,20260808,229,20266487,62,44,22080,0,96,159.42859561171048,219.68635308641174,420.89480370796855,125.0,0.0,0.0,0,1,0.0,0.0,1.0,0.0,472.5,8.468312888387018
PPO-QP-no-penalty,20260808,230,20266171,50,44,22176,0,96,210.36716501146458,265.0906269141806,498.9075723434506,125.0,0.0,0.0,0,1,0.0,0.0,1.0,0.0,472.5,0.0
PPO-QP-no-penalty,20260808,231,20266267,119,44,22272,0,96,122.46405350156805,204.65467121031944,1126.015065783199,125.0,0.0,0.0,0,1,0.0,0.0,1.0,0.0,472.5,744.3988524699682
PPO-QP-no-penalty,20260808,232,20266363,99,44,22368,0,96,198.6660745414416,180.4681848664611,368.6993619046795,125.0,0.0,0.0,0,1,0.0,0.0,1.0,0.0,472.5,22.962043703452196
PPO-QP-no-penalty,20260808,233,20266459,50,44,22464,0,96,210.5584179159376,265.58333222158484,500.10556514785907,125.0,0.0,0.0,0,1,0.0,0.0,1.0,0.0,472.5,0.0
PPO-QP-no-penalty,20260808,234,20266555,164,45,22560,0,96,274.60701456173797,328.95293125031264,836.5479323904608,125.0,0.0,0.0,0,1,0.0,0.0,1.0,0.0,472.5,203.35269218714228
PPO-QP-no-penalty,20260808,235,20266239,64,45,22656,0,96,189.93424764514654,251.10445940652303,624.144848324569,125.0,0.0,0.0,0,1,0.0,0.0,1.0,0.0,472.5,152.16733856983856
PPO-QP-no-penalty,20260808,236,20266335,103,45,22752,0,96,170.24190646177794,178.2960454390551,543.0217695553554,125.0,0.0,0.0,0,1,0.0,0.0,1.0,0.0,472.5,204.06272983831266
PPO-QP-no-penalty,20260808,237,20266431,165,45,22848,0,96,309.26817398911487,358.362203709624,792.0179588764863,125.0,0.0,0.0,0,1,0.0,0.0,1.0,1.6653345369377348e-16,472.5,107.99004858384598
PPO-QP-no-penalty,20260808,238,20266527,160,45,22944,0,96,159.30849148229007,212.68380073103413,752.5771678093748,125.0,0.0,0.0,0,1,0.0,0.0,1.0,0.0,472.5,352.72682358006915
PPO-QP-no-penalty,20260808,239,20266623,35,45,23040,0,96,124.13338525720366,167.25905952782176,801.5857041042243,125.0,0.0,0.0,0,1,0.0,0.0,1.0,0.0,472.5,487.154749083334
PPO-QP-no-penalty,20260808,240,20266719,131,46,23136,0,96,175.03134635854528,304.5485120272534,665.6364718995598,125.0,0.0,0.0,0,1,0.0,0.0,1.0,0.0,472.5,98.84149118758268
PPO-QP-no-penalty,20260808,241,20266403,206,46,23232,0,96,212.35368332653672,333.03236536603947,621.6443136511066,125.0,0.0,0.0,0,1,0.0,0.0,1.0,5.551115123125783e-17,472.5,0.0
PPO-QP-no-penalty,20260808,242,20266499,105,46,23328,0,96,128.91236082870577,132.4519894880278,426.5441631674083,125.0,0.0,0.0,0,0,0.0,0.0,1.0,0.0,472.5,174.32140835706838
PPO-QP-no-penalty,20260808,243,20266595,13,46,23424,0,96,148.55751157511992,200.3696790456121,381.7673971648195,125.0,0.0,0.0,0,0,0.0,0.0,1.0,2.7755575615628914e-16,472.5,5.124406090863495
PPO-QP-no-penalty,20260808,244,20266691,182,46,23520,0,96,135.20155464127134,204.2987096817004,810.5283055819773,125.0,0.0,0.0,0,2,0.0,0.0,1.0,0.0,472.5,428.2893150929257
PPO-QP-no-penalty,20260808,245,20266787,28,47,23616,0,96,129.589084397063,195.317195506601,714.638667489624,125.0,0.0,0.0,0,1,0.0,0.0,1.0,3.3306690738754696e-16,472.5,349.0059615768533
PPO-QP-no-penalty,20260808,246,20266471,181,47,23712,0,96,151.01465501754893,231.00673379600883,615.568619495895,125.0,0.0,0.0,0,1,0.0,0.0,1.0,2.220446049250313e-16,472.5,183.3588488071391
PPO-QP-no-penalty,20260808,247,20266567,46,47,23808,0,96,189.9887696098756,256.75827418166415,491.9355959962871,125.0,0.0,0.0,0,1,0.0,0.0,1.0,0.0,472.5,9.669380062078297
PPO-QP-no-penalty,20260808,248,20266663,65,47,23904,0,96,190.536863304702,250.19253865354028,470.3156569328993,125.0,0.0,0.0,0,1,0.0,0.0,1.0,5.551115123125783e-17,472.5,0.0
PPO-QP-no-penalty,20260808,249,20266759,84,47,24000,0,96,153.37276142809864,158.79384449163143,482.78663516708394,125.0,0.0,0.0,0,2,0.0,0.0,1.0,2.7755575615628914e-16,472.5,180.23191990441575
PPO-QP-no-penalty,20260808,250,20266855,188,48,24096,0,96,149.06192003619708,216.2920768623873,637.035568034004,125.0,0.0,0.0,0,1,0.0,0.0,1.0,0.0,472.5,231.65729347407802
PPO-QP-no-penalty,20260808,251,20266539,140,48,24192,0,96,129.69003624960365,220.48597159236058,940.331317742992,125.0,0.0,0.0,0,1,0.0,0.0,1.0,2.220446049250313e-16,472.5,529.5608032371111
PPO-QP-no-penalty,20260808,252,20266635,113,48,24288,0,96,164.7409551483961,187.99845037458866,515.9105981334422,125.0,0.0,0.0,0,0,0.0,0.0,1.0,0.0,472.5,159.97753014494893
PPO-QP-no-penalty,20260808,253,20266731,224,48,24384,0,96,141.38170266818196,244.63828867765235,861.1506083018544,125.0,0.0,0.0,0,1,0.0,0.0,1.0,0.0,472.5,405.7405434737212
PPO-QP-no-penalty,20260808,254,20266827,116,48,24480,0,96,167.9987687112367,244.77156523932894,613.6528768374775,125.0,0.0,0.0,0,1,0.0,0.0,1.0,0.0,472.5,155.22458174835708
PPO-QP-no-penalty,20260808,255,20266923,4,48,24576,0,96,205.0638804170288,309.4106118487385,578.4253770273035,125.0,0.0,0.0,0,1,0.0,0.0,1.0,3.3306690738754696e-16,472.5,0.0
PPO-QP-no-penalty,20260808,256,20267019,132,49,24672,0,96,139.9856142461437,238.36647151508268,886.9937326929894,125.0,0.0,0.0,0,1,0.0,0.0,1.0,0.0,472.5,442.94202402387054
PPO-QP-no-penalty,20260808,257,20266703,110,49,24768,0,96,182.17211293179346,183.52728032003978,374.71756728652684,125.0,0.0,0.0,0,1,0.0,0.0,1.0,0.0,472.5,24.80873912424195
PPO-QP-no-penalty,20260808,258,20266799,136,49,24864,0,96,161.63196299145707,260.9556663206453,666.3447179604533,125.0,0.0,0.0,0,1,0.0,0.0,1.0,0.0,472.5,179.32477651745467
PPO-QP-no-penalty,20260808,259,20266895,189,49,24960,0,96,137.01144463856903,197.96768217781315,804.5391896523956,125.0,0.0,0.0,0,2,0.0,0.0,1.0,0.0,472.5,433.2646772004192
PPO-QP-no-penalty,20260808,260,20266991,59,49,25056,0,96,276.4650454085733,324.0310592657664,611.934742537611,125.0,0.0,0.0,0,1,0.0,0.0,1.0,2.7755575615628914e-16,472.5,0.0
PPO-QP-no-penalty,20260808,261,20267087,157,50,25152,0,96,204.7960657113448,255.7979455167179,482.0035980134366,125.0,0.0,0.0,0,1,0.0,0.0,1.0,0.0,472.5,0.0
PPO-QP-no-penalty,20260808,262,20266771,172,50,25248,0,96,171.79582562277562,257.4663817152501,544.9761251695267,125.0,0.0,0.0,0,1,0.0,0.0,1.0,5.551115123125783e-17,472.5,63.35610227638301
PPO-QP-no-penalty,20260808,263,20266867,168,50,25344,0,96,143.03243450785692,212.23543036804753,1130.7926602414605,125.0,0.0,0.0,0,1,0.0,0.0,1.0,0.0,472.5,733.5922217465613
PPO-QP-no-penalty,20260808,264,20266963,21,50,25440,0,96,127.63885010839981,180.97647293736503,810.2051785361363,125.0,0.0,0.0,0,2,0.0,0.0,1.0,3.885780586188048e-16,472.5,470.6201281229018
PPO-QP-no-penalty,20260808,265,20267059,30,50,25536,0,96,245.38593152730107,347.912974057633,654.8022950802086,125.0,0.0,0.0,0,1,0.0,0.0,1.0,0.0,472.5,3.0383020286817177
PPO-QP-no-penalty,20260808,266,20267155,93,51,25632,0,96,186.59640619653823,169.06914928410762,323.74790246424345,125.0,0.0,0.0,0,1,0.0,0.0,1.0,0.0,472.5,0.0
PPO-QP-no-penalty,20260808,267,20266839,213,51,25728,0,96,263.8953445735571,416.43999424890774,907.0111705563727,125.0,0.0,0.0,0,1,0.0,0.0,1.0,0.0,472.5,122.48563472668124
PPO-QP-no-penalty,20260808,268,20266935,13,51,25824,0,96,150.12238384572865,201.64544406253287,390.631962005596,125.0,0.0,0.0,0,1,0.0,0.0,1.0,2.220446049250313e-16,472.5,11.462277586170039
PPO-QP-no-penalty,20260808,269,20267031,207,51,25920,0,96,228.4063903091889,354.3413097652225,661.594774902803,125.0,0.0,0.0,0,1,0.0,0.0,1.0,0.0,472.5,0.0
PPO-QP-no-penalty,20260808,270,20267127,23,51,26016,0,96,279.07033315411246,398.0013802908857,745.1933860395436,125.0,0.0,0.0,0,1,0.0,0.0,1.0,0.0,472.5,0.0
PPO-QP-no-penalty,20260808,271,20267223,176,51,26112,0,96,162.651690310487,234.92737691795952,450.028351408591,125.0,0.0,0.0,0,1,0.0,0.0,1.0,1.1102230246251565e-16,472.5,9.730160933976032
PPO-QP-no-penalty,20260808,272,20267319,9,52,26208,0,96,244.98490373364527,331.99746940799895,622.7242826806184,125.0,0.0,0.0,0,0,0.0,0.0,1.0,0.0,472.5,0.0
PPO-QP-no-penalty,20260808,273,20267003,196,52,26304,0,96,133.11026210756387,230.17984935095166,990.6964219511068,125.0,0.0,0.0,0,1,0.0,0.0,1.0,3.3306690738754696e-16,472.5,561.8833780320653
PPO-QP-no-penalty,20260808,274,20267099,44,52,26400,0,96,190.16358304402777,265.6491885268048,501.5436107505347,125.0,0.0,0.0,0,1,0.0,0.0,1.0,3.3306690738754696e-16,472.5,3.258185059985926
PPO-QP-no-penalty,20260808,275,20267195,227,52,26496,0,96,272.3671962728588,426.32236740177694,805.5994012545847,125.0,0.0,0.0,0,1,0.0,0.0,1.0,0.0,472.5,9.073975374440318
PPO-QP-no-penalty,20260808,276,20267291,193,52,26592,0,96,245.02848936088932,349.2582896470401,658.3186387530278,125.0,0.0,0.0,0,1,0.0,0.0,1.0,0.0,472.5,4.239508114058448
PPO-QP-no-penalty,20260808,277,20267387,52,53,26688,0,96,185.56301658558013,243.35636828589745,461.9751479122454,125.0,0.0,0.0,0,1,0.0,0.0,1.0,0.0,472.5,4.152963005377056
PPO-QP-no-penalty,20260808,278,20267071,226,53,26784,0,96,346.79906708262683,377.50655700105943,715.3699679341084,125.0,0.0,0.0,0,1,0.0,0.0,1.0,3.885780586188048e-16,472.5,0.0
PPO-QP-no-penalty,20260808,279,20267167,58,53,26880,0,96,196.50595931708847,245.46571705201754,465.58748084263704,125.0,0.0,0.0,0,1,0.0,0.0,1.0,5.551115123125783e-17,472.5,3.071180560559982
PPO-QP-no-penalty,20260808,280,20267263,30,53,26976,0,96,245.1061237608815,347.42194694075147,656.9134934552497,125.0,0.0,0.0,0,2,0.0,0.0,1.0,0.0,472.5,5.987691821215196
PPO-QP-no-penalty,20260808,281,20267359,193,53,27072,0,96,244.16129096315814,350.59586097922505,656.8488411062008,125.0,0.0,0.0,0,1,0.0,0.0,1.0,5.551115123125783e-17,472.5,0.0
PPO-QP-no-penalty,20260808,282,20267455,222,54,27168,0,96,276.73113209930943,303.2020867164016,578.4077996802371,125.0,0.0,0.0,0,1,0.0,0.0,1.0,0.0,472.5,3.837399593830436
PPO-QP-no-penalty,20260808,283,20267139,155,54,27264,0,96,192.5299874017214,233.3052718861642,496.1811526635006,125.0,0.0,0.0,0,1,0.0,0.0,1.0,2.220446049250313e-16,472.5,55.774249018395224
PPO-QP-no-penalty,20260808,284,20267235,34,54,27360,0,96,158.53438514567955,215.25599815250038,784.4863650507681,125.0,0.0,0.0,0,2,0.0,0.0,1.0,5.551115123125783e-17,472.5,380.1440414008011
PPO-QP-no-penalty,20260808,285,20267331,184,54,27456,0,96,226.40159035631953,316.96707267480645,594.2886358225802,125.0,0.0,0.0,0,1,0.0,0.0,1.0,1.1102230246251565e-16,472.5,0.0
PPO-QP-no-penalty,20260808,286,20267427,178,54,27552,0,96,184.47025562186565,256.28062295457113,537.0407637713952,125.0,0.0,0.0,0,1,0.0,0.0,1.0,0.0,472.5,56.20526404522148
PPO-QP-no-penalty,20260808,287,20267523,148,54,27648,0,96,165.66270982563972,215.34424090064246,591.1618550211434,125.0,0.0,0.0,0,1,0.0,0.0,1.0,5.551115123125783e-17,472.5,186.03228110312594
PPO-QP-no-penalty,20260808,288,20267619,150,55,27744,0,96,189.09735348311838,231.58788665109438,554.5581637330574,125.0,0.0,0.0,0,1,0.0,0.0,1.0,3.3306690738754696e-16,472.5,117.72607457736213
PPO-QP-no-penalty,20260808,289,20267303,180,55,27840,0,96,222.34870993620396,303.0414227600779,568.6585710907755,125.0,0.0,0.0,0,1,0.0,0.0,1.0,0.0,472.5,0.0
PPO-QP-no-penalty,20260808,290,20267399,21,55,27936,0,96,121.39936978248932,172.87302063791623,712.303163666379,125.0,0.0,0.0,0,1,0.0,0.0,1.0,1.1102230246251565e-16,472.5,387.9303540248203
PPO-QP-no-penalty,20260808,291,20267495,127,55,28032,0,96,245.85795377203797,390.64233504886397,728.8492141423816,125.0,0.0,0.0,0,1,0.0,0.0,1.0,0.0,472.5,0.0
PPO-QP-no-penalty,20260808,292,20267591,33,55,28128,0,96,183.82278894627535,240.71661637944183,523.3586145400676,125.0,0.0,0.0,0,1,0.0,0.0,1.0,3.3306690738754696e-16,472.5,70.54064684735863
PPO-QP-no-penalty,20260808,293,20267687,16,56,28224,0,96,225.8229684115559,298.8529031205217,563.6431431071128,125.0,0.0,0.0,0,2,0.0,0.0,1.0,3.885780586188048e-16,472.5,1.653662195570758
PPO-QP-no-penalty,20260808,294,20267371,83,56,28320,0,96,203.06215833080208,211.2804145558464,401.61627751714946,125.0,0.0,0.0,0,1,0.0,0.0,1.0,2.7755575615628914e-16,472.5,0.0
PPO-QP-no-penalty,20260808,295,20267467,164,56,28416,0,96,271.83651400536695,327.14411759417396,820.2752479546576,125.0,0.0,0.0,0,2,0.0,0.0,1.0,2.220446049250313e-16,472.5,190.4446066757865
PPO-QP-no-penalty,20260808,296,20267563,141,56,28512,0,96,176.7086827668877,288.95803250381294,539.2391979024974,125.0,0.0,0.0,0,1,0.0,0.0,1.0,0.0,472.5,0.46060465141398715
PPO-QP-no-penalty,20260808,297,20267659,98,56,28608,0,96,141.02766952581837,127.63127984434263,896.4055579366628,125.0,0.0,0.0,0,1,0.0,0.0,1.0,5.551115123125783e-17,472.5,651.7997940218546
PPO-QP-no-penalty,20260808,298,20267755,205,57,28704,0,96,252.0825798178945,385.9771611445134,825.7421254610615,125.0,0.0,0.0,0,0,0.0,0.0,1.0,0.0,472.5,98.38314064159698
PPO-QP-no-penalty,20260808,299,20267439,132,57,28800,0,96,144.61592072219864,245.67905244434476,966.0477043986605,125.0,0.0,0.0,0,0,0.0,0.0,1.0,1.6653345369377348e-16,472.5,508.34959540912286
PPO-QP-no-penalty,20260808,300,20267535,13,57,28896,0,96,155.0285852794163,208.58831942937047,461.3492693955624,125.0,0.0,0.0,0,1,0.0,0.0,1.0,0.0,472.5,69.2010817073839
PPO-QP-no-penalty,20260808,301,20267631,125,57,28992,0,96,152.9832359483327,258.6084635984213,676.6851681160263,125.0,0.0,0.0,0,1,0.0,0.0,1.0,0.0,472.5,194.67304792461857
PPO-QP-no-penalty,20260808,302,20267727,36,57,29088,0,96,253.89373047822306,335.79833554330804,631.1791795042674,125.0,0.0,0.0,0,1,0.0,0.0,1.0,0.0,472.5,0.0
PPO-QP-no-penalty,20260808,303,20267823,133,57,29184,0,96,125.16272192368713,206.98527554627628,932.8998099272457,125.0,0.0,0.0,0,1,0.0,0.0,1.0,0.0,472.5,546.6817679564083
PPO-QP-no-penalty,20260808,304,20267919,27,58,29280,0,96,148.05522790505904,224.68643366969482,675.0437782165515,125.0,0.0,0.0,0,1,0.0,0.0,1.0,5.551115123125783e-17,472.5,254.74235750499773
PPO-QP-no-penalty,20260808,305,20267603,116,58,29376,0,96,163.2132714253308,232.93079651914806,537.1800504054991,125.0,0.0,0.0,0,1,0.0,0.0,1.0,1.6653345369377348e-16,472.5,100.59311588602795
PPO-QP-no-penalty,20260808,306,20267699,125,58,29472,0,96,151.45115692766666,261.59374293804433,682.4111001093703,125.0,0.0,0.0,0,1,0.0,0.0,1.0,0.0,472.5,194.86891860157732
PPO-QP-no-penalty,20260808,307,20267795,16,58,29568,0,96,224.85058413202177,298.16279786285276,560.4585291660528,125.0,0.0,0.0,0,1,0.0,0.0,1.0,2.220446049250313e-16,472.5,0.0
PPO-QP-no-penalty,20260808,308,20267891,174,58,29664,0,96,171.74651283569585,234.3490962150967,460.2427514541983,125.0,0.0,0.0,0,0,0.0,0.0,1.0,0.0,472.5,20.262343109697017
PPO-QP-no-penalty,20260808,309,20267987,77,59,29760,0,96,112.55029911111284,135.27453056615073,951.8068297210093,125.0,0.0,0.0,0,2,0.0,0.0,1.0,1.6653345369377348e-16,472.5,696.180525323872
PPO-QP-no-penalty,20260808,310,20267671,82,59,29856,0,96,206.65968136512484,233.6982310195402,443.20389824694837,125.0,0.0,0.0,0,2,0.0,0.0,1.0,0.0,472.5,0.8110516770038827
PPO-QP-no-penalty,20260808,311,20267767,163,59,29952,0,96,224.41421254279302,277.8967247058593,546.0694268639008,125.0,0.0,0.0,0,1,0.0,0.0,1.0,5.551115123125783e-17,472.5,20.174266568420073
PPO-QP-no-penalty,20260808,312,20267863,184,59,30048,0,96,225.9115570060726,315.71619902865376,591.9401642189029,125.0,0.0,0.0,0,1,0.0,0.0,1.0,1.1102230246251565e-16,472.5,0.0
PPO-QP-no-penalty,20260808,313,20267959,229,59,30144,0,96,218.86292552010414,336.6521085789511,629.3952800571038,125.0,0.0,0.0,0,2,0.0,0.0,1.0,0.0,472.5,0.5602318418639274
PPO-QP-no-penalty,20260808,314,20268055,19,60,30240,0,96,309.9104086638353,428.85101903066885,803.464491782372,125.0,0.0,0.0,0,2,0.0,0.0,1.0,3.3306690738754696e-16,472.5,0.0
PPO-QP-no-penalty,20260808,315,20267739,169,60,30336,0,96,178.1717989097138,242.90791270842664,558.9359241597762,125.0,0.0,0.0,0,0,0.0,0.0,1.0,0.0,472.5,102.93171489620015
PPO-QP-no-penalty,20260808,316,20267835,5,60,30432,0,96,203.336870728393,296.1316638196322,554.2519445275518,125.0,0.0,0.0,0,1,0.0,0.0,1.0,0.0,472.5,0.0
PPO-QP-no-penalty,20260808,317,20267931,79,60,30528,0,96,191.81505722331048,228.33522097378273,437.7796071445171,125.0,0.0,0.0,0,1,0.0,0.0,1.0,2.220446049250313e-16,472.5,6.604611910377242
PPO-QP-no-penalty,20260808,318,20268027,206,60,30624,0,96,215.5908427475287,337.04688972866114,634.4881392758994,125.0,0.0,0.0,0,0,0.0,0.0,1.0,0.0,472.5,5.45660956345612
PPO-QP-no-penalty,20260808,319,20268123,156,60,30720,0,96,198.63104174150408,242.80722243970928,524.5924021605825,125.0,0.0,0.0,0,2,0.0,0.0,1.0,0.0,472.5,66.49257961585973
PPO-QP-no-penalty,20260808,320,20268219,213,61,30816,0,96,264.4086052049886,416.9737310335967,889.5222469095193,125.0,0.0,0.0,0,1,0.0,0.0,1.0,2.220446049250313e-16,472.5,104.74935371822912
PPO-QP-no-penalty,20260808,321,20267903,126,61,30912,0,96,133.84945207021923,240.6751159106392,969.320536749919,125.0,0.0,0.0,0,1,0.0,0.0,1.0,0.0,472.5,521.7159845112021
PPO-QP-no-penalty,20260808,322,20267999,88,61,31008,0,96,158.0616161290843,164.0774089955043,616.4078039590337,125.0,0.0,0.0,0,2,0.0,0.0,1.0,0.0,472.5,304.24697909915585
PPO-QP-no-penalty,20260808,323,20268095,60,61,31104,0,96,258.69492385060335,299.0965751251329,564.9801810391012,125.0,0.0,0.0,0,0,0.0,0.0,1.0,0.0,472.5,0.0
PPO-QP-no-penalty,20260808,324,20268191,15,61,31200,0,96,200.140410100732,260.5149683074319,493.5703522553446,125.0,0.0,0.0,0,1,0.0,0.0,1.0,0.0,472.5,3.2372823878986625
PPO-QP-no-penalty,20260808,325,20268287,52,62,31296,0,96,184.04185764360437,242.1067892450409,455.4056784839424,125.0,0.0,0.0,0,1,0.0,0.0,1.0,3.3306690738754696e-16,472.5,0.0
PPO-QP-no-penalty,20260808,326,20267971,123,62,31392,0,96,171.89280369926504,291.62695322317944,649.1247281460012,125.0,0.0,0.0,0,1,0.0,0.0,1.0,2.220446049250313e-16,472.5,105.8139954322631
PPO-QP-no-penalty,20260808,327,20268067,27,62,31488,0,96,142.68964515966596,215.9737967117149,585.1444680514929,125.0,0.0,0.0,0,1,0.0,0.0,1.0,0.0,472.5,181.10810464574416
PPO-QP-no-penalty,20260808,328,20268163,219,62,31584,0,96,204.2883464606817,347.02885752446616,646.008305555533,125.0,0.0,0.0,0,1,0.0,0.0,1.0,0.0,472.5,0.0
PPO-QP-no-penalty,20260808,329,20268259,172,62,31680,0,96,170.8312178942886,257.9743922307243,530.3936454181362,125.0,0.0,0.0,0,1,0.0,0.0,1.0,0.0,472.5,47.833897726901455
PPO-QP-no-penalty,20260808,330,20268355,198,63,31776,0,96,189.85339448829106,314.5864186840312,587.1095217206783,125.0,0.0,0.0,0,2,0.0,0.0,1.0,0.0,472.5,0.6826563905145018
PPO-QP-no-penalty,20260808,331,20268039,195,63,31872,0,96,160.0989050083056,256.6119689911892,754.2504257507119,125.0,0.0,0.0,0,1,0.0,0.0,1.0,0.0,472.5,275.14085331429123
PPO-QP-no-penalty,20260808,332,20268135,223,63,31968,0,96,183.29638636854528,265.72131798544154,748.4343053052891,125.0,0.0,0.0,0,1,0.0,0.0,1.0,0.0,472.5,250.97192064492262
PPO-QP-no-penalty,20260808,333,20268231,5,63,32064,0,96,203.37396452034676,296.84646279363096,555.4348422681702,125.0,0.0,0.0,0,2,0.0,0.0,1.0,3.3306690738754696e-16,472.5,0.0
PPO-QP-no-penalty,20260808,334,20268327,216,63,32160,0,96,159.68504291694475,272.07434796144497,720.911223941466,125.0,0.0,0.0,0,1,0.0,0.0,1.0,0.0,472.5,214.0248307695765
PPO-QP-no-penalty,20260808,335,20268423,10,63,32256,0,96,209.41218918715032,278.80895100746864,524.3135130998462,125.0,0.0,0.0,0,1,0.0,0.0,1.0,2.220446049250313e-16,472.5,0.8308106325679954
PPO-QP-no-penalty,20260808,336,20268519,82,64,32352,0,96,207.52035121667683,234.81692548323522,447.63011357182626,125.0,0.0,0.0,0,1,0.0,0.0,1.0,0.0,472.5,3.0164745173147454
PPO-QP-no-penalty,20260808,337,20268203,76,64,32448,0,96,143.70608482361297,180.59696935816714,724.0743798581213,125.0,0.0,0.0,0,0,0.0,0.0,1.0,0.0,472.5,383.608619839189
PPO-QP-no-penalty,20260808,338,20268299,131,64,32544,0,96,169.6871876876796,295.36735811570315,593.843359739064,125.0,0.0,0.0,0,1,0.0,0.0,1.0,0.0,472.5,44.062240544213026
PPO-QP-no-penalty,20260808,339,20268395,46,64,32640,0,96,190.77824340448666,258.19454343274833,505.4598827298086,125.0,0.0,0.0,0,0,0.0,0.0,1.0,0.0,472.5,20.411546562876012
PPO-QP-no-penalty,20260808,340,20268491,184,64,32736,0,96,224.37422750716544,314.14688642791214,588.6880011243053,125.0,0.0,0.0,0,1,0.0,0.0,1.0,0.0,472.5,0.0
PPO-QP-no-penalty,20260808,341,20268587,33,65,32832,0,96,181.63884895223117,237.78281636331388,501.5971130804662,125.0,0.0,0.0,0,1,0.0,0.0,1.0,3.3306690738754696e-16,472.5,54.29009487585688
PPO-QP-no-penalty,20260808,342,20268271,191,65,32928,0,96,192.11123772717778,287.87041654287754,621.2593388361997,125.0,0.0,0.0,0,1,0.0,0.0,1.0,0.0,472.5,82.77501359058601
PPO-QP-no-penalty,20260808,343,20268367,148,65,33024,0,96,161.2425339616739,201.72991373303506,498.30499478503793,125.0,0.0,0.0,0,1,0.0,0.0,1.0,0.0,472.5,117.54523628137537
PPO-QP-no-penalty,20260808,344,20268463,35,65,33120,0,96,121.38698134104924,165.10493900697094,764.6852051168624,125.0,0.0,0.0,0,1,0.0,0.0,1.0,0.0,472.5,454.3665773000902
PPO-QP-no-penalty,20260808,345,20268559,22,65,33216,0,96,259.9062136619843,300.8084715751465,569.3132989032296,125.0,0.0,0.0,0,1,0.0,0.0,1.0,0.0,472.5,0.46377297300465997
PPO-QP-no-penalty,20260808,346,20268655,101,66,33312,0,96,167.66669055052827,163.92887046035898,417.5667478581688,125.0,0.0,0.0,0,1,0.0,0.0,1.0,0.0,472.5,104.77635064317413
PPO-QP-no-penalty,20260808,347,20268339,8,66,33408,0,96,201.6046643806666,280.44047487268807,529.2412191932375,125.0,0.0,0.0,0,1,0.0,0.0,1.0,0.0,472.5,3.3167444632465553
PPO-QP-no-penalty,20260808,348,20268435,56,66,33504,0,96,129.46672910602132,183.62137169720893,797.9569297423305,125.0,0.0,0.0,0,0,0.0,0.0,1.0,0.0,472.5,453.45630453257485
PPO-QP-no-penalty,20260808,349,20268531,206,66,33600,0,96,212.22213124174408,332.7583563276984,620.8513195042992,125.0,0.0,0.0,0,1,0.0,0.0,1.0,0.0,472.5,0.0
PPO-QP-no-penalty,20260808,350,20268627,96,66,33696,0,96,166.05730605855146,157.89890867813966,388.7458983091073,125.0,0.0,0.0,0,1,0.0,0.0,1.0,0.0,472.5,86.86949025060106
PPO-QP-no-penalty,20260808,351,20268723,215,66,33792,0,96,279.8473190826683,433.6866554035614,818.4777238627645,125.0,0.0,0.0,0,1,0.0,0.0,1.0,0.0,472.5,7.805036276864463
PPO-QP-no-penalty,20260808,352,20268819,223,67,33888,0,96,179.47728185061567,263.47119703586685,712.0655246863997,125.0,0.0,0.0,0,1,0.0,0.0,1.0,0.0,472.5,218.9197522634319
PPO-QP-no-penalty,20260808,353,20268503,152,67,33984,0,96,265.40610165206044,287.6486751681825,655.879620226792,125.0,0.0,0.0,0,1,0.0,0.0,1.0,0.0,472.5,103.7154722943546
PPO-QP-no-penalty,20260808,354,20268599,12,67,34080,0,96,229.62434645393438,273.43252137820514,517.7929547538369,125.0,0.0,0.0,0,1,0.0,0.0,1.0,0.0,472.5,1.824441591226241
PPO-QP-no-penalty,20260808,355,20268695,14,67,34176,0,96,126.60555020014728,168.79782994267674,502.70653296491923,125.0,0.0,0.0,0,2,0.0,0.0,1.0,0.0,472.5,185.05345255021817
PPO-QP-no-penalty,20260808,356,20268791,200,67,34272,0,96,196.3040794185441,315.2097216633688,587.8956635953443,125.0,0.0,0.0,0,1,0.0,0.0,1.0,0.0,472.5,0.0
PPO-QP-no-penalty,20260808,357,20268887,39,68,34368,0,96,179.8422955466326,246.09479707386183,476.05637098027523,125.0,0.0,0.0,0,1,0.0,0.0,1.0,0.0,472.5,13.97708866151574
PPO-QP-no-penalty,20260808,358,20268571,151,68,34464,0,96,193.232207013775,220.692252953386,422.5344325621415,125.0,0.0,0.0,0,1,0.0,0.0,1.0,0.0,472.5,5.006270299986686
PPO-QP-no-penalty,20260808,359,20268667,219,68,34560,0,96,202.75400858215696,343.374795261394,639.0927736781786,125.0,0.0,0.0,0,1,0.0,0.0,1.0,0.0,472.5,0.0
PPO-QP-no-penalty,20260808,360,20268763,130,68,34656,0,96,170.23675428612995,298.80553044819163,598.1336557504779,125.0,0.0,0.0,0,1,0.0,0.0,1.0,0.0,472.5,42.18333599118724
PPO-QP-no-penalty,20260808,361,20268859,196,68,34752,0,96,132.63030196203974,230.9640418332595,997.6834018731843,125.0,0.0,0.0,0,1,0.0,0.0,1.0,0.0,472.5,567.6176345909083
PPO-QP-no-penalty,20260808,362,20268955,83,69,34848,0,96,202.15724670763868,209.13721656561646,397.2972748633547,125.0,0.0,0.0,0,1,0.0,0.0,1.0,0.0,472.5,0.0
PPO-QP-no-penalty,20260808,363,20268639,191,69,34944,0,96,191.1271752960789,286.34248322639326,583.5600664946385,125.0,0.0,0.0,0,1,0.0,0.0,1.0,0.0,472.5,47.90510772059188
PPO-QP-no-penalty,20260808,364,20268735,171,69,35040,0,96,197.63023713857606,278.5147817655739,522.0819142886888,125.0,0.0,0.0,0,1,0.0,0.0,1.0,1.1102230246251565e-16,472.5,0.0
PPO-QP-no-penalty,20260808,365,20268831,155,69,35136,0,96,185.92064391507733,222.50408086617156,422.94822747498716,125.0,0.0,0.0,0,1,0.0,0.0,1.0,1.1102230246251565e-16,472.5,2.6228355545198787
PPO-QP-no-penalty,20260808,366,20268927,51,69,35232,0,96,188.32799850355698,242.815068053141,456.7506809936521,125.0,0.0,0.0,0,1,0.0,0.0,1.0,0.0,472.5,0.0
PPO-QP-no-penalty,20260808,367,20269023,202,69,35328,0,96,153.3910039981576,264.6344088635916,875.3530889693141,125.0,0.0,0.0,0,1,0.0,0.0,1.0,0.0,472.5,382.5647064810053
PPO-QP-no-penalty,20260808,368,20269119,164,70,35424,0,96,273.1339746118625,323.8648501180048,777.7323533543871,125.0,0.0,0.0,0,1,0.0,0.0,1.0,0.0,472.5,155.55838701885708
PPO-QP-no-penalty,20260808,369,20268803,199,70,35520,0,96,195.6925685837569,317.108621715453,591.2631174807168,125.0,0.0,0.0,0,1,0.0,0.0,1.0,0.0,472.5,0.0
PPO-QP-no-penalty,20260808,370,20268899,179,70,35616,0,96,188.68389316330658,281.4427636411776,526.1597167929777,125.0,0.0,0.0,0,1,0.0,0.0,1.0,0.0,472.5,0.0
PPO-QP-no-penalty,20260808,371,20268995,186,70,35712,0,96,194.11963384935012,273.44376509963075,512.3911959661854,125.0,0.0,0.0,0,1,0.0,0.0,1.0,0.0,472.5,0.0
PPO-QP-no-penalty,20260808,372,20269091,2,70,35808,0,96,194.4536497869813,286.59562160803864,537.8824879616446,125.0,0.0,0.0,0,1,0.0,0.0,1.0,0.0,472.5,1.5689079975531395
PPO-QP-no-penalty,20260808,373,20269187,9,71,35904,0,96,244.5775865478481,331.0307682953505,621.0093010568004,125.0,0.0,0.0,0,1,0.0,0.0,1.0,0.0,472.5,0.0
PPO-QP-no-penalty,20260808,374,20268871,138,71,36000,0,96,175.90799321178218,281.4080544005861,525.1046869620092,125.0,0.0,0.0,0,1,0.0,0.0,1.0,0.0,472.5,0.0
PPO-QP-no-penalty,20260808,375,20268967,87,71,36096,0,96,180.99244316126402,181.22962759128313,377.1848078431858,125.0,0.0,0.0,0,1,0.0,0.0,1.0,1.1102230246251565e-16,472.5,31.898685845903202
PPO-QP-no-penalty,20260808,376,20269063,161,71,36192,0,96,131.9262731239307,179.60460316982642,445.8184928338528,125.0,0.0,0.0,0,1,0.0,0.0,1.0,0.0,472.5,108.3229446846444
PPO-QP-no-penalty,20260808,377,20269159,106,71,36288,0,96,242.82471965193227,236.7833905518575,451.26786010865067,125.0,0.0,0.0,0,1,0.0,0.0,1.0,2.7755575615628914e-16,472.5,0.0
PPO-QP-no-penalty,20260808,378,20269255,107,72,36384,0,96,182.34448885412044,186.443770836347,354.7518459664269,125.0,0.0,0.0,0,1,0.0,0.0,1.0,0.0,472.5,0.0
PPO-QP-no-penalty,20260808,379,20268939,149,72,36480,0,96,178.0966222789707,219.6188101139652,560.8405612109343,125.0,0.0,0.0,0,1,0.0,0.0,1.0,0.0,472.5,146.67817718560957
PPO-QP-no-penalty,20260808,380,20269035,208,72,36576,0,96,275.45870232335824,376.23960224909234,790.1229742314853,125.0,0.0,0.0,0,1,0.0,0.0,1.0,5.551115123125783e-17,472.5,79.58105836931273
PPO-QP-no-penalty,20260808,381,20269131,148,72,36672,0,96,160.8069976081932,208.0241010042577,466.3765563033418,125.0,0.0,0.0,0,1,0.0,0.0,1.0,2.220446049250313e-16,472.5,74.8321731051848
PPO-QP-no-penalty,20260808,382,20269227,151,72,36768,0,96,192.21234215502508,221.0140449932165,418.01242953813176,125.0,0.0,0.0,0,1,0.0,0.0,1.0,0.0,472.5,0.0
PPO-QP-no-penalty,20260808,383,20269323,224,72,36864,0,96,143.04816896260243,249.11299809134198,907.3748732262724,125.0,0.0,0.0,0,1,0.0,0.0,1.0,0.0,472.5,443.6165783177469
PPO-QP-no-penalty,20260808,384,20269419,201,73,36960,0,96,191.35609758922376,319.71905370515344,595.6179496518382,125.0,0.0,0.0,0,1,0.0,0.0,1.0,0.0,472.5,0.0
PPO-QP-no-penalty,20260808,385,20269103,167,73,37056,0,96,146.94651442622686,211.53056511190815,602.8554714287171,125.0,0.0,0.0,0,1,0.0,0.0,1.0,0.0,472.5,206.29313902774197
PPO-QP-no-penalty,20260808,386,20269199,68,73,37152,0,96,184.48040855499406,258.5412982215359,604.9500592678194,125.0,0.0,0.0,0,1,0.0,0.0,1.0,0.0,472.5,120.1506719522604
PPO-QP-no-penalty,20260808,387,20269295,212,73,37248,0,96,209.00710904486445,347.67788946490236,649.4071995460419,125.0,0.0,0.0,0,1,0.0,0.0,1.0,0.0,472.5,1.9376145091709147
PPO-QP-no-penalty,20260808,388,20269391,184,73,37344,0,96,225.7558512453073,314.9872108182369,590.3266976600355,125.0,0.0,0.0,0,1,0.0,0.0,1.0,0.0,472.5,0.0
PPO-QP-no-penalty,20260808,389,20269487,68,74,37440,0,96,174.50647857153547,247.84355723935005,470.36696194816614,125.0,0.0,0.0,0,1,0.0,0.0,1.0,0.0,472.5,5.801103268243462
PPO-QP-no-penalty,20260808,390,20269171,21,74,37536,0,96,123.42350192432389,175.48599314712615,719.035947908559,125.0,0.0,0.0,0,1,0.0,0.0,1.0,0.0,472.5,389.68077011976294
PPO-QP-no-penalty,20260808,391,20269267,30,74,37632,0,96,245.82686410895118,348.8389902773562,659.1593690538439,125.0,0.0,0.0,0,1,0.0,0.0,1.0,0.0,472.5,5.98770150205739
PPO-QP-no-penalty,20260808,392,20269363,199,74,37728,0,96,197.62181703710868,319.13927037586285,595.0444910899871,125.0,0.0,0.0,0,1,0.0,0.0,1.0,0.0,472.5,0.0
PPO-QP-no-penalty,20260808,393,20269459,217,74,37824,0,96,139.74129345155973,236.6437691476469,896.94885696972,125.0,0.0,0.0,0,1,0.0,0.0,1.0,1.1102230246251565e-16,472.5,455.90558836183914
PPO-QP-no-penalty,20260808,394,20269555,35,75,37920,0,96,121.90208480598687,166.6662978155571,777.2128548258023,125.0,0.0,0.0,0,1,0.0,0.0,1.0,0.0,472.5,463.93894123692456
PPO-QP-no-penalty,20260808,395,20269239,193,75,38016,0,96,245.06194619047577,352.11896554961373,659.3858683230729,125.0,0.0,0.0,0,1,0.0,0.0,1.0,0.0,472.5,0.0
PPO-QP-no-penalty,20260808,396,20269335,120,75,38112,0,96,157.89792342180482,263.0317764422499,626.3528989250375,125.0,0.0,0.0,0,1,0.0,0.0,1.0,0.0,472.5,136.10820356519685
PPO-QP-no-penalty,20260808,397,20269431,229,75,38208,0,96,220.98692097857503,341.34145378608383,637.7980705055994,125.0,0.0,0.0,0,1,0.0,0.0,1.0,0.0,472.5,0.5600543381929888
PPO-QP-no-penalty,20260808,398,20269527,26,75,38304,0,96,191.96579263415467,278.69140695312103,521.7525647594807,125.0,0.0,0.0,0,1,0.0,0.0,1.0,0.0,472.5,0.0
PPO-QP-no-penalty,20260808,399,20269623,200,75,38400,0,96,196.0385381504238,313.6348719769968,584.95880522191,125.0,0.0,0.0,0,1,0.0,0.0,1.0,0.0,472.5,0.0
PPO-QP-no-penalty,20260808,400,20269719,162,76,38496,0,96,202.37879101225215,255.11017828961,487.1816393755528,125.0,0.0,0.0,0,1,0.0,0.0,1.0,0.0,472.5,6.7491675074816095
PPO-QP-no-penalty,20260808,401,20269403,73,76,38592,0,96,169.16382867071889,208.91963779815282,485.616540907739,125.0,0.0,0.0,0,0,0.0,0.0,1.0,0.0,472.5,91.5872574829812
PPO-QP-no-penalty,20260808,402,20269499,11,76,38688,0,96,279.5974854545595,276.4526647621867,527.9370196693031,125.0,0.0,0.0,0,0,0.0,0.0,1.0,0.0,472.5,1.4456517984808737
PPO-QP-no-penalty,20260808,403,20269595,42,76,38784,0,96,127.1016778927694,169.50943123390323,336.83029332965486,125.0,0.0,0.0,0,1,0.0,0.0,1.0,0.0,472.5,17.966104763417533
PPO-QP-no-penalty,20260808,404,20269691,138,76,38880,0,96,177.02296719623484,282.16781854859966,526.4256575494602,125.0,0.0,0.0,0,1,0.0,0.0,1.0,0.0,472.5,0.0
PPO-QP-no-penalty,20260808,405,20269787,107,77,38976,0,96,182.03519890760387,188.26690079348546,357.81183530214287,125.0,0.0,0.0,0,1,0.0,0.0,1.0,1.6653345369377348e-16,472.5,0.0
PPO-QP-no-penalty,20260808,406,20269471,183,77,39072,0,96,223.12808109931916,308.6692106646493,578.8986252387156,125.0,0.0,0.0,0,1,0.0,0.0,1.0,1.6653345369377348e-16,472.5,0.0
PPO-QP-no-penalty,20260808,407,20269567,113,77,39168,0,96,158.95218323162868,182.3609480454056,479.9233344210927,125.0,0.0,0.0,0,0,0.0,0.0,1.0,2.7755575615628914e-16,472.5,134.66709288150113
PPO-QP-no-penalty,20260808,408,20269663,37,77,39264,0,96,288.12871106097003,353.84040961126635,666.2416107527052,125.0,0.0,0.0,0,1,0.0,0.0,1.0,0.0,472.5,0.0
PPO-QP-no-penalty,20260808,409,20269759,16,77,39360,0,96,225.90726698471903,299.0894922409226,561.710634914802,125.0,0.0,0.0,0,1,0.0,0.0,1.0,0.0,472.5,0.0
PPO-QP-no-penalty,20260808,410,20269855,184,78,39456,0,96,225.51585798402513,314.5004725870875,589.2185162689085,125.0,0.0,0.0,0,1,0.0,0.0,1.0,0.0,472.5,0.0
PPO-QP-no-penalty,20260808,411,20269539,24,78,39552,0,96,238.99742972723914,344.8237054684579,644.9515886440155,125.0,0.0,0.0,0,1,0.0,0.0,1.0,3.885780586188048e-16,472.5,0.0
PPO-QP-no-penalty,20260808,412,20269635,168,78,39648,0,96,132.72143105197853,195.4680496611307,935.3091484586224,125.0,0.0,0.0,0,1,0.0,0.0,1.0,2.220446049250313e-16,472.5,569.1157187944914
PPO-QP-no-penalty,20260808,413,20269731,208,78,39744,0,96,274.48157466180004,375.4982504659766,788.8748594491512,125.0,0.0,0.0,0,1,0.0,0.0,1.0,0.0,472.5,79.85530490175348
PPO-QP-no-penalty,20260808,414,20269827,208,78,39840,0,96,276.1315730744855,376.9677984137258,791.3990265141673,125.0,0.0,0.0,0,1,0.0,0.0,1.0,0.0,472.5,79.58105836931273
PPO-QP-no-penalty,20260808,415,20269923,32,78,39936,0,96,188.09160720643663,246.5633304443133,463.5132053938522,125.0,0.0,0.0,0,1,0.0,0.0,1.0,0.0,472.5,0.0
PPO-QP-no-penalty,20260808,416,20270019,187,79,40032,0,96,218.1501120085914,289.21600905603435,543.0798481027924,125.0,0.0,0.0,0,1,0.0,0.0,1.0,0.0,472.5,0.0
PPO-QP-no-penalty,20260808,417,20269703,234,79,40128,0,96,214.09277857121748,379.5656568499355,708.5171361233246,125.0,0.0,0.0,0,1,0.0,0.0,1.0,2.220446049250313e-16,472.5,3.192857975501999
PPO-QP-no-penalty,20260808,418,20269799,216,79,40224,0,96,161.4266042339235,274.309524490906,696.500388033725,125.0,0.0,0.0,0,1,0.0,0.0,1.0,0.0,472.5,185.3877610900106
PPO-QP-no-penalty,20260808,419,20269895,138,79,40320,0,96,174.8169729253873,278.1628843165757,520.2449549580363,125.0,0.0,0.0,0,1,0.0,0.0,1.0,0.0,472.5,1.2352978789437716
PPO-QP-no-penalty,20260808,420,20269991,29,79,40416,0,96,203.46912207402212,303.2158673808133,567.2831190320417,125.0,0.0,0.0,0,1,0.0,0.0,1.0,5.551115123125783e-17,472.5,0.0
PPO-QP-no-penalty,20260808,421,20270087,81,80,40512,0,96,193.48165733911608,224.99511321242554,425.042007127685,125.0,0.0,0.0,0,1,0.0,0.0,1.0,1.6653345369377348e-16,472.5,0.0
PPO-QP-no-penalty,20260808,422,20269771,127,80,40608,0,96,244.22724486372348,384.84147057008846,717.8931852756175,125.0,0.0,0.0,0,1,0.0,0.0,1.0,0.0,472.5,0.0
PPO-QP-no-penalty,20260808,423,20269867,38,80,40704,0,96,185.32484434421752,241.37673694530093,457.75112576384964,125.0,0.0,0.0,0,1,0.0,0.0,1.0,3.3306690738754696e-16,472.5,3.80855765652963
PPO-QP-no-penalty,20260808,424,20269963,95,80,40800,0,96,235.3416322557875,211.71409460131363,405.2635425807399,125.0,0.0,0.0,0,1,0.0,0.0,1.0,0.0,472.5,0.0
PPO-QP-no-penalty,20260808,425,20270059,95,80,40896,0,96,234.15519874227778,210.99465023714387,403.9509871002084,125.0,0.0,0.0,0,1,0.0,0.0,1.0,2.220446049250313e-16,472.5,0.0
PPO-QP-no-penalty,20260808,426,20270155,219,81,40992,0,96,204.51316588061488,346.34834732382075,644.5106650582746,125.0,0.0,0.0,0,1,0.0,0.0,1.0,1.1102230246251565e-16,472.5,0.0
PPO-QP-no-penalty,20260808,427,20269839,117,81,41088,0,96,157.89081686664284,241.75085242081096,633.0801562579518,125.0,0.0,0.0,0,1,0.0,0.0,1.0,0.0,472.5,181.18985162862185
PPO-QP-no-penalty,20260808,428,20269935,200,81,41184,0,96,195.08651022515588,313.62953992933507,584.964751021268,125.0,0.0,0.0,0,1,0.0,0.0,1.0,0.0,472.5,0.0
PPO-QP-no-penalty,20260808,429,20270031,58,81,41280,0,96,196.41540650124296,246.2787577822443,466.90293666521944,125.0,0.0,0.0,0,1,0.0,0.0,1.0,0.0,472.5,3.0707340932060574
PPO-QP-no-penalty,20260808,430,20270127,91,81,41376,0,96,133.73376369943782,132.1785162910085,277.1811079676608,125.0,0.0,0.0,0,2,0.0,0.0,1.0,0.0,472.5,24.71330256084474
PPO-QP-no-penalty,20260808,431,20270223,198,81,41472,0,96,189.71758893052478,312.24710425044907,592.5695942204391,125.0,0.0,0.0,0,1,0.0,0.0,1.0,0.0,472.5,10.613458820924649
PPO-QP-no-penalty,20260808,432,20270319,211,82,41568,0,96,281.55989462920826,411.1885755889913,769.1834659138023,125.0,0.0,0.0,0,1,0.0,0.0,1.0,0.0,472.5,0.0
PPO-QP-no-penalty,20260808,433,20270003,27,82,41664,0,96,141.87050712957816,215.0445102021974,591.1954577580699,125.0,0.0,0.0,0,1,0.0,0.0,1.0,2.7755575615628914e-16,472.5,188.87084932817666
PPO-QP-no-penalty,20260808,434,20270099,216,82,41760,0,96,161.22745185520105,274.61682488124666,703.091245154251,125.0,0.0,0.0,0,1,0.0,0.0,1.0,0.0,472.5,191.5227771130254
PPO-QP-no-penalty,20260808,435,20270195,161,82,41856,0,96,133.50807878582776,181.01205446480225,436.9993173385868,125.0,0.0,0.0,0,1,0.0,0.0,1.0,2.220446049250313e-16,472.5,96.64969228697919
PPO-QP-no-penalty,20260808,436,20270291,232,82,41952,0,96,256.69696019875516,428.0367153231379,797.442647726614,125.0,0.0,0.0,0,1,0.0,0.0,1.0,0.0,472.5,0.276211180580828
PPO-QP-no-penalty,20260808,437,20270387,128,83,42048,0,96,187.98472181864787,329.34448740412665,668.6733497939128,125.0,0.0,0.0,0,1,0.0,0.0,1.0,0.0,472.5,56.076866089478784
PPO-QP-no-penalty,20260808,438,20270071,57,83,42144,0,96,284.3661542220177,338.2102960422613,638.413539952646,125.0,0.0,0.0,0,1,0.0,0.0,1.0,0.0,472.5,0.0
PPO-QP-no-penalty,20260808,439,20270167,85,83,42240,0,96,187.76880782131474,195.53845793466658,537.2441631978176,125.0,0.0,0.0,0,1,0.0,0.0,1.0,2.7755575615628914e-16,472.5,165.33955144324221
PPO-QP-no-penalty,20260808,440,20270263,167,83,42336,0,96,146.46421625678707,210.89680693444285,620.0288504957097,125.0,0.0,0.0,0,1,0.0,0.0,1.0,0.0,472.5,224.69872148859804
PPO-QP-no-penalty,20260808,441,20270359,31,83,42432,0,96,195.02639275015633,267.56213134557765,505.15545347947904,125.0,0.0,0.0,0,1,0.0,0.0,1.0,0.0,472.5,3.0873460876808916
PPO-QP-no-penalty,20260808,442,20270455,29,84,42528,0,96,204.2519221097462,304.7572919509431,570.365948521038,125.0,0.0,0.0,0,1,0.0,0.0,1.0,0.0,472.5,0.0
PPO-QP-no-penalty,20260808,443,20270139,132,84,42624,0,96,140.71507927355668,239.56574108822738,880.3853911812107,125.0,0.0,0.0,0,1,0.0,0.0,1.0,0.0,472.5,434.13012123997777
PPO-QP-no-penalty,20260808,444,20270235,164,84,42720,0,96,272.3131397731814,324.41297965350316,822.3032876536099,125.0,0.0,0.0,0,1,0.0,0.0,1.0,3.3306690738754696e-16,472.5,197.58578807895125
PPO-QP-no-penalty,20260808,445,20270331,204,84,42816,0,96,236.1678479247551,362.3377733156942,788.1197515141806,125.0,0.0,0.0,0,1,0.0,0.0,1.0,2.7755575615628914e-16,472.5,104.60329577616412
PPO-QP-no-penalty,20260808,446,20270427,44,84,42912,0,96,191.92464706292452,268.8766373429543,519.0372608532605,125.0,0.0,0.0,0,1,0.0,0.0,1.0,0.0,472.5,14.961552457576483
PPO-QP-no-penalty,20260808,447,20270523,33,84,43008,0,96,182.39772527817016,237.95941218562507,479.30168845060035,125.0,0.0,0.0,0,1,0.0,0.0,1.0,3.885780586188048e-16,472.5,31.605200140514498
PPO-QP-no-penalty,20260808,448,20270619,119,85,43104,0,96,119.7848075598137,204.0042449818578,1068.2122824863409,125.0,0.0,0.0,0,1,0.0,0.0,1.0,0.0,472.5,688.0398168672338
PPO-QP-no-penalty,20260808,449,20270303,144,85,43200,0,96,294.94924530854604,368.0295293662558,692.2817937548706,125.0,0.0,0.0,0,1,0.0,0.0,1.0,0.0,472.5,0.0
PPO-QP-no-penalty,20260808,450,20270399,151,85,43296,0,96,192.35656863768367,221.88615936511513,419.5412386075626,125.0,0.0,0.0,0,1,0.0,0.0,1.0,5.551115123125783e-17,472.5,0.011148826721681217
PPO-QP-no-penalty,20260808,451,20270495,89,85,43392,0,96,166.94385720690718,176.02945614137897,596.5451388538445,125.0,0.0,0.0,0,1,0.0,0.0,1.0,1.6653345369377348e-16,472.5,261.9800151321471
PPO-QP-no-penalty,20260808,452,20270591,171,85,43488,0,96,192.94058444057518,269.8560879885673,506.1013331709126,125.0,0.0,0.0,0,1,0.0,0.0,1.0,0.0,472.5,0.0
PPO-QP-no-penalty,20260808,453,20270687,68,86,43584,0,96,178.3449028280184,251.42496647094816,546.7961247280065,125.0,0.0,0.0,0,0,0.0,0.0,1.0,0.0,472.5,75.43416424829384
PPO-QP-no-penalty,20260808,454,20270371,205,86,43680,0,96,250.83104806343698,381.04894290752225,825.2157548958745,125.0,0.0,0.0,0,1,0.0,0.0,1.0,0.0,472.5,106.99491743666654
PPO-QP-no-penalty,20260808,455,20270467,153,86,43776,0,96,167.37638139464804,210.37846602479925,692.2672540227001,125.0,0.0,0.0,0,1,0.0,0.0,1.0,5.551115123125783e-17,472.5,295.71541706570986
PPO-QP-no-penalty,20260808,456,20270563,97,86,43872,0,96,172.02296573244345,154.69964463687674,358.00974525412965,125.0,0.0,0.0,0,1,0.0,0.0,1.0,2.220446049250313e-16,472.5,61.24447280687148
PPO-QP-no-penalty,20260808,457,20270659,1,86,43968,0,96,197.87091043271124,272.4669195300796,511.07251173806515,125.0,0.0,0.0,0,1,0.0,0.0,1.0,3.3306690738754696e-16,472.5,0.0
PPO-QP-no-penalty,20260808,458,20270755,129,87,44064,0,96,234.43428700596527,384.4744138017596,716.2742189181658,125.0,0.0,0.0,0,1,0.0,0.0,1.0,0.0,472.5,0.0
PPO-QP-no-penalty,20260808,459,20270439,60,87,44160,0,96,257.9959287665806,298.55672137828105,563.7250185349885,125.0,0.0,0.0,0,1,0.0,0.0,1.0,0.0,472.5,0.0
PPO-QP-no-penalty,20260808,460,20270535,207,87,44256,0,96,225.23901142218034,351.4126831403437,655.9714146060389,125.0,0.0,0.0,0,1,0.0,0.0,1.0,0.0,472.5,0.0
PPO-QP-no-penalty,20260808,461,20270631,35,87,44352,0,96,122.37142965929552,166.53789220984268,767.2390513943543,125.0,0.0,0.0,0,1,0.0,0.0,1.0,1.6653345369377348e-16,472.5,454.20935980966806
PPO-QP-no-penalty,20260808,462,20270727,115,87,44448,0,96,167.76598051576497,225.51590663252983,496.12329812329307,125.0,0.0,0.0,0,1,0.0,0.0,1.0,1.6653345369377348e-16,472.5,72.36468266700045
PPO-QP-no-penalty,20260808,463,20270823,60,87,44544,0,96,257.8179180670634,298.7147698329383,563.9249082717647,125.0,0.0,0.0,0,1,0.0,0.0,1.0,0.0,472.5,0.0
PPO-QP-no-penalty,20260808,464,20270919,95,88,44640,0,96,234.0839161849569,211.2826190652294,404.35507947241354,125.0,0.0,0.0,0,1,0.0,0.0,1.0,0.0,472.5,0.0
PPO-QP-no-penalty,20260808,465,20270603,30,88,44736,0,96,245.9826222027281,349.4752849104626,671.2221041935426,125.0,0.0,0.0,0,1,0.0,0.0,1.0,0.0,472.5,16.904438270876994
PPO-QP-no-penalty,20260808,466,20270699,115,88,44832,0,96,172.42251707652127,230.59788526054052,567.054165968352,125.0,0.0,0.0,0,1,0.0,0.0,1.0,0.0,472.5,133.69290940452433
PPO-QP-no-penalty,20260808,467,20270795,195,88,44928,0,96,161.58673740271266,262.28689898346596,761.515891853374,125.0,0.0,0.0,0,1,0.0,0.0,1.0,0.0,472.5,272.1692725691938
PPO-QP-no-penalty,20260808,468,20270891,113,88,45024,0,96,162.35218604258904,184.96999924529277,533.1955908444473,125.0,0.0,0.0,0,1,0.0,0.0,1.0,0.0,472.5,182.89038912952205
PPO-QP-no-penalty,20260808,469,20270987,180,89,45120,0,96,222.42589283633419,305.24547425566567,572.7692878425113,125.0,0.0,0.0,0,1,0.0,0.0,1.0,0.0,472.5,0.0
PPO-QP-no-penalty,20260808,470,20270671,135,89,45216,0,96,214.6087473836974,324.86623371458165,726.0619880126501,125.0,0.0,0.0,0,1,0.0,0.0,1.0,0.0,472.5,118.82853678473711
PPO-QP-no-penalty,20260808,471,20270767,198,89,45312,0,96,187.74449057066604,310.7579403753048,579.1596474169047,125.0,0.0,0.0,0,1,0.0,0.0,1.0,0.0,472.5,0.0
PPO-QP-no-penalty,20260808,472,20270863,108,89,45408,0,96,164.88791769029976,179.05352029472806,538.9802176658876,125.0,0.0,0.0,0,1,0.0,0.0,1.0,0.0,472.5,199.12600102329534
PPO-QP-no-penalty,20260808,473,20270959,132,89,45504,0,96,141.58997740473643,241.39779973250216,880.7336994047771,125.0,0.0,0.0,0,1,0.0,0.0,1.0,0.0,472.5,430.98071697901
PPO-QP-no-penalty,20260808,474,20271055,178,90,45600,0,96,179.77747142787612,251.01041114934725,484.75901851375573,125.0,0.0,0.0,0,2,0.0,0.0,1.0,0.0,472.5,13.971540694823815
PPO-QP-no-penalty,20260808,475,20270739,196,90,45696,0,96,132.697648323433,230.54001941732434,990.7956234303471,125.0,0.0,0.0,0,0,0.0,0.0,1.0,0.0,472.5,561.5849897400917
PPO-QP-no-penalty,20260808,476,20270835,105,90,45792,0,96,134.84473192586614,144.65391334653933,519.8282939866533,125.0,0.0,0.0,0,1,0.0,0.0,1.0,2.220446049250313e-16,472.5,244.969282244618
PPO-QP-no-penalty,20260808,477,20270931,232,90,45888,0,96,254.57552322259374,424.24188856665495,790.0623695773048,125.0,0.0,0.0,0,1,0.0,0.0,1.0,3.885780586188048e-16,472.5,0.0
PPO-QP-no-penalty,20260808,478,20271027,230,90,45984,0,96,155.8048427367005,257.19941774931186,690.3136193413146,125.0,0.0,0.0,0,1,0.0,0.0,1.0,0.0,472.5,210.69502124434618
PPO-QP-no-penalty,20260808,479,20271123,125,90,46080,0,96,152.7692137837506,268.1206608593931,693.8547311269884,125.0,0.0,0.0,0,1,0.0,0.0,1.0,2.220446049250313e-16,472.5,194.92304379493436
